CREATE TABLE `admin` (
  `id` varchar(32) NOT NULL,
  `createDate` datetime default NULL,
  `modifyDate` datetime default NULL,
  `department` varchar(255) default NULL,
  `email` varchar(255) NOT NULL,
  `isAccountEnabled` bit(1) NOT NULL,
  `isAccountExpired` bit(1) NOT NULL,
  `isAccountLocked` bit(1) NOT NULL,
  `isCredentialsExpired` bit(1) NOT NULL,
  `lockedDate` datetime default NULL,
  `loginDate` datetime default NULL,
  `loginFailureCount` int(11) NOT NULL,
  `loginIp` varchar(255) default NULL,
  `name` varchar(255) default NULL,
  `password` varchar(255) NOT NULL,
  `username` varchar(255) NOT NULL,
  PRIMARY KEY  (`id`),
  UNIQUE KEY `username` (`username`)
) ENGINE=InnoDB DEFAULT CHARSET=utf8;
CREATE TABLE `admin_role` (
  `adminSet_id` varchar(32) NOT NULL,
  `roleSet_id` varchar(32) NOT NULL,
  PRIMARY KEY  (`adminSet_id`,`roleSet_id`),
  KEY `FK9FC63FA6DAED032` (`adminSet_id`),
  KEY `FK9FC63FA6C7B24C48` (`roleSet_id`)
) ENGINE=InnoDB DEFAULT CHARSET=utf8;
CREATE TABLE `agreement` (
  `id` varchar(32) NOT NULL,
  `createDate` datetime default NULL,
  `modifyDate` datetime default NULL,
  `content` text,
  PRIMARY KEY  (`id`)
) ENGINE=InnoDB DEFAULT CHARSET=utf8;
LOCK TABLES `agreement` WRITE;

INSERT INTO `agreement` VALUES ('1','1899-12-30 01:00:00','1899-12-30 01:00:00','<p><strong>注册条款</strong></p>\r\n<p>&nbsp;</p>\r\n<p>尊敬的用户，欢迎您注册成为本网站会员。请用户仔细阅读以下全部内容。如用户不同意本服务条款任意内容，请不要注册或 使用本网站服务。如用户通过进入注册程序并勾选&ldquo;我同意服务条款&rdquo;，即表示用户与本网站已达成协议，自愿接受本 服务条款的所有内容。此后，用户不得以未阅读本服务条款内容作任何形式的抗辩。</p>\r\n<p>&nbsp;</p>\r\n<p>一、&nbsp;本站服务条款的确认和接纳<br />本网站涉及的各项服务的所有权和运作权归本网站所有。本网站所提供的服务必 须按照其发布的服务条款和操作规则严格执行。本服务条款的效力范围及于本网站的一切产品和服务，用户在享受本网站的任何服 务时，应当受本服务条款的约束。</p>\r\n<p>&nbsp;</p>\r\n<p>二、&nbsp;服务简介<br />本网站运用自己的操作系统通过国际互联网络为用户提供各项服务。用户必须：<br />1.&nbsp;提 供设备，如个人电脑、手机或其他上网设备。<br />2.&nbsp;个人上网和支付与此服务有关的费用。</p>\r\n<p>&nbsp;</p>\r\n<p>三、&nbsp;用户在不得在本网站上发布下列违法信息<br />1.&nbsp;反对宪法所确定的基本原则的；<br />2.&nbsp;危害国家 安全，泄露国家秘密，颠覆国家政权，破坏国家统一的；<br />3.&nbsp;损害国家荣誉和利益的；<br />4.&nbsp;煽动民族仇恨、 民族歧视，破坏民族团结的；<br />5.&nbsp;破坏国家宗教政策，宣扬邪教和封建迷信的；<br />6.&nbsp;散布谣言，扰乱社会秩 序，破坏社会稳定的；<br />7.&nbsp;散布淫秽、色情、赌博、暴力、凶杀、恐怖或者教唆犯罪的；<br />8.&nbsp;侮辱或者诽谤 他人，侵害他人合法权益的；<br />9.&nbsp;含有法律、行政法规禁止的其他内容的。</p>\r\n<p>&nbsp;</p>\r\n<p>四、&nbsp;有关个人资料<br />用户同意：<br />1.&nbsp;提供及时、详尽及准确的个人资料。<br />2.&nbsp;同意接收来自 本网站的信息。<br />3.&nbsp;不断更新注册资料，符合及时、详尽准确的要求。所有原始键入的资料将引用为注册资料。<br />4.&nbsp;本网站不公开用户的姓名、地址、电子邮箱和笔名。除以下情况外：<br />a)&nbsp;用户授权本站透露这些信息。 <br />b)&nbsp;相应的法律及程序要求本站提供用户的个人资料。</p>\r\n<p>&nbsp;</p>\r\n<p>五、&nbsp;服务条款的修改<br />本网站有权在必要时修改服务条款，一旦条款及服务内容产生变动，本网站将会在重要页面 上提示修改内容。如果不同意所改动的内容，用户可以主动取消获得的本网站信息服务。如果用户继续享用本网站信息服务，则视 为接受服务条款的变动。<br /><br />六、&nbsp;用户隐私制度<br />尊重用户个人隐私是本网站的一项基本政策。所以，本网站 一定不会在未经合法用户授权时公开、编辑或透露其注册资料及保存在本网站中的非公开内容，除非有法律许可要求或本网站在诚 信的基础上认为透露这些信息在以下四种情况是必要的：<br />1.&nbsp;遵守有关法律规定，遵从本网站合法服务程序。<br />2.&nbsp;保持维护本网站的商标所有权。<br />3.&nbsp;在紧急情况下竭力维护用户个人和社会大众的隐私安全。<br />4.&nbsp;符合其他相关的要求。</p>\r\n<p>&nbsp;</p>\r\n<p>七、&nbsp;用户的帐号、密码和安全性<br />用户一旦注册成功，将获得一个密码和用户名。用户需谨慎合理的保存、使用用 户名和密码。如果你不保管好自己的帐号和密码安全，将负全部责任。另外，每个用户都要对其帐户中的所有活动和事件负全责。 你可随时根据指示改变你的密码。用户若发现任何非法使用用户帐号或存在安全漏洞的情况，请立即通告本网站。</p>\r\n<p>&nbsp;</p>\r\n<p>八、&nbsp;拒绝提供担保<br />用户明确同意信息服务的使用由用户个人承担风险。 本网站不担保服务不会受中断，对服务的 及时性，安全性，出错发生都不作担保，但会在能力范围内，避免出错。</p>\r\n<p>&nbsp;</p>\r\n<p>九、&nbsp;有限责任<br />如因不可抗力或其它本站无法控制的原因使本站销售系统崩溃或无法正常使用导致网上交易无法完 成或丢失有关的信息、记录等本站会尽可能合理地协助处理善后事宜，并努力使客户免受经济损失，同时会尽量避免这种损害的发 生。</p>\r\n<p>&nbsp;</p>\r\n<p>十、&nbsp;用户信息的储存和限制<br />本站有判定用户的行为是否符合国家法律法规规定及本站服务条款权利，如果用户违 背本网站服务条款的规定，本网站有权中断对其提供服务的权利。</p>\r\n<p>&nbsp;</p>\r\n<p>十一、&nbsp;用户管理<br />用户单独承担发布内容的责任。用户对服务的使用是根据所有适用于本站的国家法律、地方法律 和国际法律标准的。用户必须遵循：<br />1.&nbsp;使用网络服务不作非法用途。 <br />2.&nbsp;不干扰或混乱网络服务。 <br />3.&nbsp;遵守所有使用网络服务的网络协议、规定、程序和惯例。 <br />用户须承诺不传输任何非法的、骚扰性的、中伤他人 的、辱骂性的、恐性的、伤害性的、庸俗的，淫秽等信息资料。另外，用户也不能传输何教唆他人构成犯罪行为的资料；不能传输 助长国内不利条件和涉及国家安全的资料；不能传输任何不符合当地法规、国家法律和国际法律的资料。未经许可而非法进入其它 电脑系统是禁止的。<br />若用户的行为不符合以上提到的服务条款，本站将作出独立判断立即取消用户服务帐号。用户需对自己 在网上的行为承担法律责任。用户若在本站上散布和传播反动、色情或其它违反国家法律的信息，本站的系统记录有可能作为用户 违反法律的证据。</p>\r\n<p>&nbsp;</p>\r\n<p>十二、&nbsp;通告<br />所有发给用户的通告都可通过重要页面的公告或电子邮件或常规的信件传送。服务条款的修改、服务 变更、或其它重要事件的通告都会以此形式进行。</p>\r\n<p>&nbsp;</p>\r\n<p>十三、&nbsp;信息内容的所有权<br />本网站定义的信息内容包括：文字、软件、声音、相片、录象、图表；在广告中全部内 容；本网站为用户提供的其它信息。所有这些内容受版权、商标、标签和其它财产所有权法律的保护。所以，用户只能在本网站和 广告商授权下才能使用这些内容，而不能擅自复制、再造这些内容、或创造与内容有关的派生产品。本站所有的文章版权归原文作 者和本站共同所有，任何人需要转载本站的文章，必须征得原文作者或本站授权。</p>\r\n<p>&nbsp;</p>\r\n<p>十四、&nbsp;法律<br />本协议的订立、执行和解释及争议的解决均应适用中华人民共和国的法律。用户和本网站一致同意服 从本网站所在地有管辖权的法院管辖。如发生本网站服务条款与中华人民共和国法律相抵触时，则这些条款将完全按法律规定重新 解释，而其它条款则依旧保持对用户的约束力。<br /><br /><strong>说明：本条款为SHOP++体验商城示范性内容，只限于演示使用，不具备任何其它效力。</strong></p>');
UNLOCK TABLES;
CREATE TABLE `area` (
  `id` varchar(32) NOT NULL,
  `createDate` datetime default NULL,
  `modifyDate` datetime default NULL,
  `name` varchar(255) NOT NULL,
  `path` text,
  `parent_id` varchar(32) default NULL,
  PRIMARY KEY  (`id`),
  UNIQUE KEY `name` (`name`,`parent_id`),
  KEY `FK1F44ADB4D9BB21` (`parent_id`)
) ENGINE=InnoDB DEFAULT CHARSET=utf8;
LOCK TABLES `area` WRITE;

INSERT INTO `area` VALUES ('402881882ba8753a012ba8bf474d001c','2010-10-14 11:18:49','2010-10-14 11:18:49','北京','402881882ba8753a012ba8bf474d001c',NULL);
INSERT INTO `area` VALUES ('402881882ba8753a012ba8bfacfd001d','2010-10-14 11:19:15','2010-10-14 11:19:15','东城区','402881882ba8753a012ba8bf474d001c,402881882ba8753a012ba8bfacfd001d','402881882ba8753a012ba8bf474d001c');
INSERT INTO `area` VALUES ('402881882ba8753a012ba8bff6f6001e','2010-10-14 11:19:34','2010-10-14 11:19:34','西城区','402881882ba8753a012ba8bf474d001c,402881882ba8753a012ba8bff6f6001e','402881882ba8753a012ba8bf474d001c');
INSERT INTO `area` VALUES ('402881882ba8753a012ba8c02f9a001f','2010-10-14 11:19:48','2010-10-14 11:19:48','崇文区','402881882ba8753a012ba8bf474d001c,402881882ba8753a012ba8c02f9a001f','402881882ba8753a012ba8bf474d001c');
INSERT INTO `area` VALUES ('402881882ba8753a012ba8c061970020','2010-10-14 11:20:01','2010-10-14 11:20:01','宣武区','402881882ba8753a012ba8bf474d001c,402881882ba8753a012ba8c061970020','402881882ba8753a012ba8bf474d001c');
INSERT INTO `area` VALUES ('402881882ba8753a012ba8c088690021','2010-10-14 11:20:11','2010-10-14 11:20:11','朝阳区','402881882ba8753a012ba8bf474d001c,402881882ba8753a012ba8c088690021','402881882ba8753a012ba8bf474d001c');
INSERT INTO `area` VALUES ('402881882ba8753a012ba8c0ade20022','2010-10-14 11:20:21','2010-10-14 11:20:21','丰台区','402881882ba8753a012ba8bf474d001c,402881882ba8753a012ba8c0ade20022','402881882ba8753a012ba8bf474d001c');
INSERT INTO `area` VALUES ('402881882ba8753a012ba8c0d34c0023','2010-10-14 11:20:30','2010-10-14 11:20:30','石景山区','402881882ba8753a012ba8bf474d001c,402881882ba8753a012ba8c0d34c0023','402881882ba8753a012ba8bf474d001c');
INSERT INTO `area` VALUES ('402881882ba8753a012ba8c0fb850024','2010-10-14 11:20:41','2010-10-14 11:20:41','海淀区','402881882ba8753a012ba8bf474d001c,402881882ba8753a012ba8c0fb850024','402881882ba8753a012ba8bf474d001c');
INSERT INTO `area` VALUES ('402881882ba8753a012ba8c121f90025','2010-10-14 11:20:50','2010-10-14 11:20:50','门头沟区','402881882ba8753a012ba8bf474d001c,402881882ba8753a012ba8c121f90025','402881882ba8753a012ba8bf474d001c');
INSERT INTO `area` VALUES ('402881882ba8753a012ba8c1463a0026','2010-10-14 11:21:00','2010-10-14 11:21:00','房山区','402881882ba8753a012ba8bf474d001c,402881882ba8753a012ba8c1463a0026','402881882ba8753a012ba8bf474d001c');
INSERT INTO `area` VALUES ('402881882ba8753a012ba8c16f8c0027','2010-10-14 11:21:10','2010-10-14 11:21:10','通州区','402881882ba8753a012ba8bf474d001c,402881882ba8753a012ba8c16f8c0027','402881882ba8753a012ba8bf474d001c');
INSERT INTO `area` VALUES ('402881882ba8753a012ba8c19cb70028','2010-10-14 11:21:22','2010-10-14 11:21:22','顺义区','402881882ba8753a012ba8bf474d001c,402881882ba8753a012ba8c19cb70028','402881882ba8753a012ba8bf474d001c');
INSERT INTO `area` VALUES ('402881882ba8753a012ba8c1bf720029','2010-10-14 11:21:31','2010-10-14 11:21:31','昌平区','402881882ba8753a012ba8bf474d001c,402881882ba8753a012ba8c1bf720029','402881882ba8753a012ba8bf474d001c');
INSERT INTO `area` VALUES ('402881882ba8753a012ba8c1dec1002a','2010-10-14 11:21:39','2010-10-14 11:21:39','大兴区','402881882ba8753a012ba8bf474d001c,402881882ba8753a012ba8c1dec1002a','402881882ba8753a012ba8bf474d001c');
INSERT INTO `area` VALUES ('402881882ba8753a012ba8c200e0002b','2010-10-14 11:21:48','2010-10-14 11:21:48','怀柔区','402881882ba8753a012ba8bf474d001c,402881882ba8753a012ba8c200e0002b','402881882ba8753a012ba8bf474d001c');
INSERT INTO `area` VALUES ('402881882ba8753a012ba8c2164c002c','2010-10-14 11:21:53','2010-10-14 11:21:53','平谷区','402881882ba8753a012ba8bf474d001c,402881882ba8753a012ba8c2164c002c','402881882ba8753a012ba8bf474d001c');
INSERT INTO `area` VALUES ('402881882ba8753a012ba8c27285002d','2010-10-14 11:22:17','2010-10-14 11:22:17','密云县','402881882ba8753a012ba8bf474d001c,402881882ba8753a012ba8c27285002d','402881882ba8753a012ba8bf474d001c');
INSERT INTO `area` VALUES ('402881882ba8753a012ba8c28be9002e','2010-10-14 11:22:23','2010-10-14 11:22:23','延庆县','402881882ba8753a012ba8bf474d001c,402881882ba8753a012ba8c28be9002e','402881882ba8753a012ba8bf474d001c');
INSERT INTO `area` VALUES ('402881882ba8753a012ba8c389a2002f','2010-10-14 11:23:28','2010-10-14 11:23:28','天津','402881882ba8753a012ba8c389a2002f',NULL);
INSERT INTO `area` VALUES ('402881882ba8753a012ba8c3bcc80030','2010-10-14 11:23:41','2010-10-14 11:23:41','和平区','402881882ba8753a012ba8c389a2002f,402881882ba8753a012ba8c3bcc80030','402881882ba8753a012ba8c389a2002f');
INSERT INTO `area` VALUES ('402881882ba8753a012ba8c3e4460031','2010-10-14 11:23:51','2010-10-14 11:23:51','河东区','402881882ba8753a012ba8c389a2002f,402881882ba8753a012ba8c3e4460031','402881882ba8753a012ba8c389a2002f');
INSERT INTO `area` VALUES ('402881882ba8753a012ba8c409df0032','2010-10-14 11:24:01','2010-10-14 11:24:01','河西区','402881882ba8753a012ba8c389a2002f,402881882ba8753a012ba8c409df0032','402881882ba8753a012ba8c389a2002f');
INSERT INTO `area` VALUES ('402881882ba8753a012ba8c42e5e0033','2010-10-14 11:24:10','2010-10-14 11:24:10','南开区','402881882ba8753a012ba8c389a2002f,402881882ba8753a012ba8c42e5e0033','402881882ba8753a012ba8c389a2002f');
INSERT INTO `area` VALUES ('402881882ba8753a012ba8c454450034','2010-10-14 11:24:20','2010-10-14 11:24:20','河北区','402881882ba8753a012ba8c389a2002f,402881882ba8753a012ba8c454450034','402881882ba8753a012ba8c389a2002f');
INSERT INTO `area` VALUES ('402881882ba8753a012ba8c479040035','2010-10-14 11:24:29','2010-10-14 11:24:29','红桥区','402881882ba8753a012ba8c389a2002f,402881882ba8753a012ba8c479040035','402881882ba8753a012ba8c389a2002f');
INSERT INTO `area` VALUES ('402881882ba8753a012ba8c49db20036','2010-10-14 11:24:39','2010-10-14 11:24:39','塘沽区','402881882ba8753a012ba8c389a2002f,402881882ba8753a012ba8c49db20036','402881882ba8753a012ba8c389a2002f');
INSERT INTO `area` VALUES ('402881882ba8753a012ba8c4c2610037','2010-10-14 11:24:48','2010-10-14 11:24:48','汉沽区','402881882ba8753a012ba8c389a2002f,402881882ba8753a012ba8c4c2610037','402881882ba8753a012ba8c389a2002f');
INSERT INTO `area` VALUES ('402881882ba8753a012ba8c4e5790038','2010-10-14 11:24:57','2010-10-14 11:24:57','大港区','402881882ba8753a012ba8c389a2002f,402881882ba8753a012ba8c4e5790038','402881882ba8753a012ba8c389a2002f');
INSERT INTO `area` VALUES ('402881882ba8753a012ba8c50c890039','2010-10-14 11:25:07','2010-10-14 11:25:07','东丽区','402881882ba8753a012ba8c389a2002f,402881882ba8753a012ba8c50c890039','402881882ba8753a012ba8c389a2002f');
INSERT INTO `area` VALUES ('402881882ba8753a012ba8c53109003a','2010-10-14 11:25:16','2010-10-14 11:25:16','西青区','402881882ba8753a012ba8c389a2002f,402881882ba8753a012ba8c53109003a','402881882ba8753a012ba8c389a2002f');
INSERT INTO `area` VALUES ('402881882ba8753a012ba8c55838003b','2010-10-14 11:25:26','2010-10-14 11:25:26','津南区','402881882ba8753a012ba8c389a2002f,402881882ba8753a012ba8c55838003b','402881882ba8753a012ba8c389a2002f');
INSERT INTO `area` VALUES ('402881882ba8753a012ba8c57e00003c','2010-10-14 11:25:36','2010-10-14 11:25:36','北辰区','402881882ba8753a012ba8c389a2002f,402881882ba8753a012ba8c57e00003c','402881882ba8753a012ba8c389a2002f');
INSERT INTO `area` VALUES ('402881882ba8753a012ba8c5a2de003d','2010-10-14 11:25:46','2010-10-14 11:25:46','武清区','402881882ba8753a012ba8c389a2002f,402881882ba8753a012ba8c5a2de003d','402881882ba8753a012ba8c389a2002f');
INSERT INTO `area` VALUES ('402881882ba8753a012ba8c5c829003e','2010-10-14 11:25:55','2010-10-14 11:25:55','宝坻区','402881882ba8753a012ba8c389a2002f,402881882ba8753a012ba8c5c829003e','402881882ba8753a012ba8c389a2002f');
INSERT INTO `area` VALUES ('402881882ba8753a012ba8c5eac4003f','2010-10-14 11:26:04','2010-10-14 11:26:04','宁河县','402881882ba8753a012ba8c389a2002f,402881882ba8753a012ba8c5eac4003f','402881882ba8753a012ba8c389a2002f');
INSERT INTO `area` VALUES ('402881882ba8753a012ba8c60e980040','2010-10-14 11:26:13','2010-10-14 11:26:13','静海县','402881882ba8753a012ba8c389a2002f,402881882ba8753a012ba8c60e980040','402881882ba8753a012ba8c389a2002f');
INSERT INTO `area` VALUES ('402881882ba8753a012ba8c626270041','2010-10-14 11:26:19','2010-10-14 11:26:19','蓟县','402881882ba8753a012ba8c389a2002f,402881882ba8753a012ba8c626270041','402881882ba8753a012ba8c389a2002f');
INSERT INTO `area` VALUES ('402881882ba8753a012ba8c689d30042','2010-10-14 11:26:45','2010-10-14 11:26:45','河北省','402881882ba8753a012ba8c689d30042',NULL);
INSERT INTO `area` VALUES ('402881882ba8753a012ba8c6da830043','2010-10-14 11:27:05','2010-10-14 11:27:05','石家庄市','402881882ba8753a012ba8c689d30042,402881882ba8753a012ba8c6da830043','402881882ba8753a012ba8c689d30042');
INSERT INTO `area` VALUES ('402881882ba8753a012ba8c7122d0044','2010-10-14 11:27:20','2010-10-14 11:27:20','唐山市','402881882ba8753a012ba8c689d30042,402881882ba8753a012ba8c7122d0044','402881882ba8753a012ba8c689d30042');
INSERT INTO `area` VALUES ('402881882ba8753a012ba8c73d920045','2010-10-14 11:27:31','2010-10-14 11:27:31','秦皇岛市','402881882ba8753a012ba8c689d30042,402881882ba8753a012ba8c73d920045','402881882ba8753a012ba8c689d30042');
INSERT INTO `area` VALUES ('402881882ba8753a012ba8c7656d0046','2010-10-14 11:27:41','2010-10-14 11:27:41','邯郸市','402881882ba8753a012ba8c689d30042,402881882ba8753a012ba8c7656d0046','402881882ba8753a012ba8c689d30042');
INSERT INTO `area` VALUES ('402881882ba8753a012ba8c78fc90047','2010-10-14 11:27:52','2010-10-14 11:27:52','邢台市','402881882ba8753a012ba8c689d30042,402881882ba8753a012ba8c78fc90047','402881882ba8753a012ba8c689d30042');
INSERT INTO `area` VALUES ('402881882ba8753a012ba8c7bb5d0048','2010-10-14 11:28:03','2010-10-14 11:28:03','保定市','402881882ba8753a012ba8c689d30042,402881882ba8753a012ba8c7bb5d0048','402881882ba8753a012ba8c689d30042');
INSERT INTO `area` VALUES ('402881882ba8753a012ba8c7e50d0049','2010-10-14 11:28:14','2010-10-14 11:28:14','张家口市','402881882ba8753a012ba8c689d30042,402881882ba8753a012ba8c7e50d0049','402881882ba8753a012ba8c689d30042');
INSERT INTO `area` VALUES ('402881882ba8753a012ba8c80c4c004a','2010-10-14 11:28:24','2010-10-14 11:28:24','承德市','402881882ba8753a012ba8c689d30042,402881882ba8753a012ba8c80c4c004a','402881882ba8753a012ba8c689d30042');
INSERT INTO `area` VALUES ('402881882ba8753a012ba8c8404d004b','2010-10-14 11:28:37','2010-10-14 11:28:37','沧州市','402881882ba8753a012ba8c689d30042,402881882ba8753a012ba8c8404d004b','402881882ba8753a012ba8c689d30042');
INSERT INTO `area` VALUES ('402881882ba8753a012ba8c898fc004c','2010-10-14 11:29:00','2010-10-14 11:29:00','廊坊市','402881882ba8753a012ba8c689d30042,402881882ba8753a012ba8c898fc004c','402881882ba8753a012ba8c689d30042');
INSERT INTO `area` VALUES ('402881882ba8753a012ba8c8bc62004d','2010-10-14 11:29:09','2010-10-14 11:29:09','衡水市','402881882ba8753a012ba8c689d30042,402881882ba8753a012ba8c8bc62004d','402881882ba8753a012ba8c689d30042');
INSERT INTO `area` VALUES ('402881882ba8753a012ba8c8f0b1004e','2010-10-14 11:29:22','2010-10-14 11:29:22','山西省','402881882ba8753a012ba8c8f0b1004e',NULL);
INSERT INTO `area` VALUES ('402881882ba8753a012ba8c93924004f','2010-10-14 11:29:41','2010-10-14 11:29:41','太原市','402881882ba8753a012ba8c8f0b1004e,402881882ba8753a012ba8c93924004f','402881882ba8753a012ba8c8f0b1004e');
INSERT INTO `area` VALUES ('402881882ba8753a012ba8c963fd0050','2010-10-14 11:29:52','2010-10-14 11:29:52','大同市','402881882ba8753a012ba8c8f0b1004e,402881882ba8753a012ba8c963fd0050','402881882ba8753a012ba8c8f0b1004e');
INSERT INTO `area` VALUES ('402881882ba8753a012ba8c98d3f0051','2010-10-14 11:30:02','2010-10-14 11:30:02','阳泉市','402881882ba8753a012ba8c8f0b1004e,402881882ba8753a012ba8c98d3f0051','402881882ba8753a012ba8c8f0b1004e');
INSERT INTO `area` VALUES ('402881882ba8753a012ba8c9b72d0052','2010-10-14 11:30:13','2010-10-14 11:30:13','长治市','402881882ba8753a012ba8c8f0b1004e,402881882ba8753a012ba8c9b72d0052','402881882ba8753a012ba8c8f0b1004e');
INSERT INTO `area` VALUES ('402881882ba8753a012ba8c9e15a0053','2010-10-14 11:30:24','2010-10-14 11:30:24','晋城市','402881882ba8753a012ba8c8f0b1004e,402881882ba8753a012ba8c9e15a0053','402881882ba8753a012ba8c8f0b1004e');
INSERT INTO `area` VALUES ('402881882ba8753a012ba8ca0e460054','2010-10-14 11:30:35','2010-10-14 11:30:35','朔州市','402881882ba8753a012ba8c8f0b1004e,402881882ba8753a012ba8ca0e460054','402881882ba8753a012ba8c8f0b1004e');
INSERT INTO `area` VALUES ('402881882ba8753a012ba8ca392f0055','2010-10-14 11:30:46','2010-10-14 11:30:46','晋中市','402881882ba8753a012ba8c8f0b1004e,402881882ba8753a012ba8ca392f0055','402881882ba8753a012ba8c8f0b1004e');
INSERT INTO `area` VALUES ('402881882ba8753a012ba8ca67240056','2010-10-14 11:30:58','2010-10-14 11:30:58','运城市','402881882ba8753a012ba8c8f0b1004e,402881882ba8753a012ba8ca67240056','402881882ba8753a012ba8c8f0b1004e');
INSERT INTO `area` VALUES ('402881882ba8753a012ba8ca91ed0057','2010-10-14 11:31:09','2010-10-14 11:31:09','忻州市','402881882ba8753a012ba8c8f0b1004e,402881882ba8753a012ba8ca91ed0057','402881882ba8753a012ba8c8f0b1004e');
INSERT INTO `area` VALUES ('402881882ba8753a012ba8cabae20058','2010-10-14 11:31:19','2010-10-14 11:31:19','临汾市','402881882ba8753a012ba8c8f0b1004e,402881882ba8753a012ba8cabae20058','402881882ba8753a012ba8c8f0b1004e');
INSERT INTO `area` VALUES ('402881882ba8753a012ba8cae26f0059','2010-10-14 11:31:30','2010-10-14 11:31:30','吕梁市','402881882ba8753a012ba8c8f0b1004e,402881882ba8753a012ba8cae26f0059','402881882ba8753a012ba8c8f0b1004e');
INSERT INTO `area` VALUES ('402881882ba8753a012ba8cb1bbf005a','2010-10-14 11:31:44','2010-10-14 11:31:44','内蒙古自治区','402881882ba8753a012ba8cb1bbf005a',NULL);
INSERT INTO `area` VALUES ('402881882ba8753a012ba8cb58c8005b','2010-10-14 11:32:00','2010-10-14 11:32:00','呼和浩特市','402881882ba8753a012ba8cb1bbf005a,402881882ba8753a012ba8cb58c8005b','402881882ba8753a012ba8cb1bbf005a');
INSERT INTO `area` VALUES ('402881882ba8753a012ba8cb84c9005c','2010-10-14 11:32:11','2010-10-14 11:32:11','包头市','402881882ba8753a012ba8cb1bbf005a,402881882ba8753a012ba8cb84c9005c','402881882ba8753a012ba8cb1bbf005a');
INSERT INTO `area` VALUES ('402881882ba8753a012ba8cbb7a1005d','2010-10-14 11:32:24','2010-10-14 11:32:24','乌海市','402881882ba8753a012ba8cb1bbf005a,402881882ba8753a012ba8cbb7a1005d','402881882ba8753a012ba8cb1bbf005a');
INSERT INTO `area` VALUES ('402881882ba8753a012ba8cbdf3e005e','2010-10-14 11:32:34','2010-10-14 11:32:34','赤峰市','402881882ba8753a012ba8cb1bbf005a,402881882ba8753a012ba8cbdf3e005e','402881882ba8753a012ba8cb1bbf005a');
INSERT INTO `area` VALUES ('402881882ba8753a012ba8cc0ad2005f','2010-10-14 11:32:45','2010-10-14 11:32:45','通辽市','402881882ba8753a012ba8cb1bbf005a,402881882ba8753a012ba8cc0ad2005f','402881882ba8753a012ba8cb1bbf005a');
INSERT INTO `area` VALUES ('402881882ba8753a012ba8cc3a1f0060','2010-10-14 11:32:58','2010-10-14 11:32:58','鄂尔多斯市','402881882ba8753a012ba8cb1bbf005a,402881882ba8753a012ba8cc3a1f0060','402881882ba8753a012ba8cb1bbf005a');
INSERT INTO `area` VALUES ('402881882ba8753a012ba8cc62870061','2010-10-14 11:33:08','2010-10-14 11:33:08','呼伦贝尔市','402881882ba8753a012ba8cb1bbf005a,402881882ba8753a012ba8cc62870061','402881882ba8753a012ba8cb1bbf005a');
INSERT INTO `area` VALUES ('402881882ba8753a012ba8cc90ea0062','2010-10-14 11:33:20','2010-10-14 11:33:20','巴彦淖尔市','402881882ba8753a012ba8cb1bbf005a,402881882ba8753a012ba8cc90ea0062','402881882ba8753a012ba8cb1bbf005a');
INSERT INTO `area` VALUES ('402881882ba8753a012ba8ccb71f0063','2010-10-14 11:33:30','2010-10-14 11:33:30','乌兰察布市','402881882ba8753a012ba8cb1bbf005a,402881882ba8753a012ba8ccb71f0063','402881882ba8753a012ba8cb1bbf005a');
INSERT INTO `area` VALUES ('402881882ba8753a012ba8cce2c30064','2010-10-14 11:33:41','2010-10-14 11:33:41','兴安盟','402881882ba8753a012ba8cb1bbf005a,402881882ba8753a012ba8cce2c30064','402881882ba8753a012ba8cb1bbf005a');
INSERT INTO `area` VALUES ('402881882ba8753a012ba8cd105b0065','2010-10-14 11:33:52','2010-10-14 11:33:52','锡林郭勒盟','402881882ba8753a012ba8cb1bbf005a,402881882ba8753a012ba8cd105b0065','402881882ba8753a012ba8cb1bbf005a');
INSERT INTO `area` VALUES ('402881882ba8753a012ba8cd35d50066','2010-10-14 11:34:02','2010-10-14 11:34:02','阿拉善盟','402881882ba8753a012ba8cb1bbf005a,402881882ba8753a012ba8cd35d50066','402881882ba8753a012ba8cb1bbf005a');
INSERT INTO `area` VALUES ('402881882ba8753a012ba8cd6a230067','2010-10-14 11:34:15','2010-10-14 11:34:15','辽宁省','402881882ba8753a012ba8cd6a230067',NULL);
INSERT INTO `area` VALUES ('402881882ba8753a012ba8cde3890068','2010-10-14 11:34:46','2010-10-14 11:34:46','沈阳市','402881882ba8753a012ba8cd6a230067,402881882ba8753a012ba8cde3890068','402881882ba8753a012ba8cd6a230067');
INSERT INTO `area` VALUES ('402881882ba8753a012ba8ce0ceb0069','2010-10-14 11:34:57','2010-10-14 11:34:57','大连市','402881882ba8753a012ba8cd6a230067,402881882ba8753a012ba8ce0ceb0069','402881882ba8753a012ba8cd6a230067');
INSERT INTO `area` VALUES ('402881882ba8753a012ba8ce32a3006a','2010-10-14 11:35:07','2010-10-14 11:35:07','鞍山市','402881882ba8753a012ba8cd6a230067,402881882ba8753a012ba8ce32a3006a','402881882ba8753a012ba8cd6a230067');
INSERT INTO `area` VALUES ('402881882ba8753a012ba8ce5b2a006b','2010-10-14 11:35:17','2010-10-14 11:35:17','抚顺市','402881882ba8753a012ba8cd6a230067,402881882ba8753a012ba8ce5b2a006b','402881882ba8753a012ba8cd6a230067');
INSERT INTO `area` VALUES ('402881882ba8753a012ba8ce7c10006c','2010-10-14 11:35:25','2010-10-14 11:35:25','本溪市','402881882ba8753a012ba8cd6a230067,402881882ba8753a012ba8ce7c10006c','402881882ba8753a012ba8cd6a230067');
INSERT INTO `area` VALUES ('402881882ba8753a012ba8cea18a006d','2010-10-14 11:35:35','2010-10-14 11:35:35','丹东市','402881882ba8753a012ba8cd6a230067,402881882ba8753a012ba8cea18a006d','402881882ba8753a012ba8cd6a230067');
INSERT INTO `area` VALUES ('402881882ba8753a012ba8cec85c006e','2010-10-14 11:35:45','2010-10-14 11:35:45','锦州市','402881882ba8753a012ba8cd6a230067,402881882ba8753a012ba8cec85c006e','402881882ba8753a012ba8cd6a230067');
INSERT INTO `area` VALUES ('402881882ba8753a012ba8cef5b5006f','2010-10-14 11:35:57','2010-10-14 11:35:57','营口市','402881882ba8753a012ba8cd6a230067,402881882ba8753a012ba8cef5b5006f','402881882ba8753a012ba8cd6a230067');
INSERT INTO `area` VALUES ('402881882ba8753a012ba8cf1cc50070','2010-10-14 11:36:07','2010-10-14 11:36:07','阜新市','402881882ba8753a012ba8cd6a230067,402881882ba8753a012ba8cf1cc50070','402881882ba8753a012ba8cd6a230067');
INSERT INTO `area` VALUES ('402881882ba8753a012ba8cf427d0071','2010-10-14 11:36:16','2010-10-14 11:36:16','辽阳市','402881882ba8753a012ba8cd6a230067,402881882ba8753a012ba8cf427d0071','402881882ba8753a012ba8cd6a230067');
INSERT INTO `area` VALUES ('402881882ba8753a012ba8cf6ae50072','2010-10-14 11:36:27','2010-10-14 11:36:27','盘锦市','402881882ba8753a012ba8cd6a230067,402881882ba8753a012ba8cf6ae50072','402881882ba8753a012ba8cd6a230067');
INSERT INTO `area` VALUES ('402881882ba8753a012ba8cf90dc0073','2010-10-14 11:36:36','2010-10-14 11:36:36','铁岭市','402881882ba8753a012ba8cd6a230067,402881882ba8753a012ba8cf90dc0073','402881882ba8753a012ba8cd6a230067');
INSERT INTO `area` VALUES ('402881882ba8753a012ba8cfb6750074','2010-10-14 11:36:46','2010-10-14 11:36:46','朝阳市','402881882ba8753a012ba8cd6a230067,402881882ba8753a012ba8cfb6750074','402881882ba8753a012ba8cd6a230067');
INSERT INTO `area` VALUES ('402881882ba8753a012ba8cfdb710075','2010-10-14 11:36:55','2010-10-14 11:36:55','葫芦岛市','402881882ba8753a012ba8cd6a230067,402881882ba8753a012ba8cfdb710075','402881882ba8753a012ba8cd6a230067');
INSERT INTO `area` VALUES ('402881882ba8753a012ba8d010f90076','2010-10-14 11:37:09','2010-10-14 11:37:09','吉林省','402881882ba8753a012ba8d010f90076',NULL);
INSERT INTO `area` VALUES ('402881882ba8753a012ba8d03d870077','2010-10-14 11:37:21','2010-10-14 11:37:21','长春市','402881882ba8753a012ba8d010f90076,402881882ba8753a012ba8d03d870077','402881882ba8753a012ba8d010f90076');
INSERT INTO `area` VALUES ('402881882ba8753a012ba8d065c00078','2010-10-14 11:37:31','2010-10-14 11:37:31','吉林市','402881882ba8753a012ba8d010f90076,402881882ba8753a012ba8d065c00078','402881882ba8753a012ba8d010f90076');
INSERT INTO `area` VALUES ('402881882ba8753a012ba8d08acc0079','2010-10-14 11:37:40','2010-10-14 11:37:40','四平市','402881882ba8753a012ba8d010f90076,402881882ba8753a012ba8d08acc0079','402881882ba8753a012ba8d010f90076');
INSERT INTO `area` VALUES ('402881882ba8753a012ba8d0b046007a','2010-10-14 11:37:50','2010-10-14 11:37:50','辽源市','402881882ba8753a012ba8d010f90076,402881882ba8753a012ba8d0b046007a','402881882ba8753a012ba8d010f90076');
INSERT INTO `area` VALUES ('402881882ba8753a012ba8d0d7a4007b','2010-10-14 11:38:00','2010-10-14 11:38:00','通化市','402881882ba8753a012ba8d010f90076,402881882ba8753a012ba8d0d7a4007b','402881882ba8753a012ba8d010f90076');
INSERT INTO `area` VALUES ('402881882ba8753a012ba8d0fe95007c','2010-10-14 11:38:10','2010-10-14 11:38:10','白山市','402881882ba8753a012ba8d010f90076,402881882ba8753a012ba8d0fe95007c','402881882ba8753a012ba8d010f90076');
INSERT INTO `area` VALUES ('402881882ba8753a012ba8d120b3007d','2010-10-14 11:38:19','2010-10-14 11:38:19','松原市','402881882ba8753a012ba8d010f90076,402881882ba8753a012ba8d120b3007d','402881882ba8753a012ba8d010f90076');
INSERT INTO `area` VALUES ('402881882ba8753a012ba8d14d8f007e','2010-10-14 11:38:30','2010-10-14 11:38:30','白城市','402881882ba8753a012ba8d010f90076,402881882ba8753a012ba8d14d8f007e','402881882ba8753a012ba8d010f90076');
INSERT INTO `area` VALUES ('402881882ba8753a012ba8d17a4d007f','2010-10-14 11:38:42','2010-10-14 11:38:42','延边朝鲜族自治州','402881882ba8753a012ba8d010f90076,402881882ba8753a012ba8d17a4d007f','402881882ba8753a012ba8d010f90076');
INSERT INTO `area` VALUES ('402881882ba8753a012ba8d1b0310080','2010-10-14 11:38:55','2010-10-14 11:38:55','黑龙江省','402881882ba8753a012ba8d1b0310080',NULL);
INSERT INTO `area` VALUES ('402881882ba8753a012ba8d1e4320081','2010-10-14 11:39:09','2010-10-14 11:39:09','哈尔滨市','402881882ba8753a012ba8d1b0310080,402881882ba8753a012ba8d1e4320081','402881882ba8753a012ba8d1b0310080');
INSERT INTO `area` VALUES ('402881882ba8753a012ba8d212850082','2010-10-14 11:39:21','2010-10-14 11:39:21','齐齐哈尔市','402881882ba8753a012ba8d1b0310080,402881882ba8753a012ba8d212850082','402881882ba8753a012ba8d1b0310080');
INSERT INTO `area` VALUES ('402881882ba8753a012ba8d239090083','2010-10-14 11:39:30','2010-10-14 11:39:30','鸡西市','402881882ba8753a012ba8d1b0310080,402881882ba8753a012ba8d239090083','402881882ba8753a012ba8d1b0310080');
INSERT INTO `area` VALUES ('402881882ba8753a012ba8d264db0084','2010-10-14 11:39:42','2010-10-14 11:39:42','鹤岗市','402881882ba8753a012ba8d1b0310080,402881882ba8753a012ba8d264db0084','402881882ba8753a012ba8d1b0310080');
INSERT INTO `area` VALUES ('402881882ba8753a012ba8d28a360085','2010-10-14 11:39:51','2010-10-14 11:39:51','双鸭山市','402881882ba8753a012ba8d1b0310080,402881882ba8753a012ba8d28a360085','402881882ba8753a012ba8d1b0310080');
INSERT INTO `area` VALUES ('402881882ba8753a012ba8d2b2cd0086','2010-10-14 11:40:02','2010-10-14 11:40:02','大庆市','402881882ba8753a012ba8d1b0310080,402881882ba8753a012ba8d2b2cd0086','402881882ba8753a012ba8d1b0310080');
INSERT INTO `area` VALUES ('402881882ba8753a012ba8d2daa80087','2010-10-14 11:40:12','2010-10-14 11:40:12','伊春市','402881882ba8753a012ba8d1b0310080,402881882ba8753a012ba8d2daa80087','402881882ba8753a012ba8d1b0310080');
INSERT INTO `area` VALUES ('402881882ba8753a012ba8d300cd0088','2010-10-14 11:40:22','2010-10-14 11:40:22','佳木斯市','402881882ba8753a012ba8d1b0310080,402881882ba8753a012ba8d300cd0088','402881882ba8753a012ba8d1b0310080');
INSERT INTO `area` VALUES ('402881882ba8753a012ba8d327be0089','2010-10-14 11:40:32','2010-10-14 11:40:32','七台河市','402881882ba8753a012ba8d1b0310080,402881882ba8753a012ba8d327be0089','402881882ba8753a012ba8d1b0310080');
INSERT INTO `area` VALUES ('402881882ba8753a012ba8d34d47008a','2010-10-14 11:40:41','2010-10-14 11:40:41','牡丹江市','402881882ba8753a012ba8d1b0310080,402881882ba8753a012ba8d34d47008a','402881882ba8753a012ba8d1b0310080');
INSERT INTO `area` VALUES ('402881882ba8753a012ba8d372c1008b','2010-10-14 11:40:51','2010-10-14 11:40:51','黑河市','402881882ba8753a012ba8d1b0310080,402881882ba8753a012ba8d372c1008b','402881882ba8753a012ba8d1b0310080');
INSERT INTO `area` VALUES ('402881882ba8753a012ba8d398c8008c','2010-10-14 11:41:01','2010-10-14 11:41:01','绥化市','402881882ba8753a012ba8d1b0310080,402881882ba8753a012ba8d398c8008c','402881882ba8753a012ba8d1b0310080');
INSERT INTO `area` VALUES ('402881882ba8753a012ba8d3c97c008d','2010-10-14 11:41:13','2010-10-14 11:41:13','大兴安岭地区','402881882ba8753a012ba8d1b0310080,402881882ba8753a012ba8d3c97c008d','402881882ba8753a012ba8d1b0310080');
INSERT INTO `area` VALUES ('402881882ba8753a012ba8d3f4f1008e','2010-10-14 11:41:24','2010-10-14 11:41:24','上海市','402881882ba8753a012ba8d3f4f1008e',NULL);
INSERT INTO `area` VALUES ('402881882ba8753a012ba8d45968008f','2010-10-14 11:41:50','2010-10-14 11:41:50','黄浦区','402881882ba8753a012ba8d3f4f1008e,402881882ba8753a012ba8d45968008f','402881882ba8753a012ba8d3f4f1008e');
INSERT INTO `area` VALUES ('402881882ba8753a012ba8d47e550090','2010-10-14 11:41:59','2010-10-14 11:41:59','卢湾区','402881882ba8753a012ba8d3f4f1008e,402881882ba8753a012ba8d47e550090','402881882ba8753a012ba8d3f4f1008e');
INSERT INTO `area` VALUES ('402881882ba8753a012ba8d4a0f10091','2010-10-14 11:42:08','2010-10-14 11:42:08','徐汇区','402881882ba8753a012ba8d3f4f1008e,402881882ba8753a012ba8d4a0f10091','402881882ba8753a012ba8d3f4f1008e');
INSERT INTO `area` VALUES ('402881882ba8753a012ba8d4c63b0092','2010-10-14 11:42:18','2010-10-14 11:42:18','长宁区','402881882ba8753a012ba8d3f4f1008e,402881882ba8753a012ba8d4c63b0092','402881882ba8753a012ba8d3f4f1008e');
INSERT INTO `area` VALUES ('402881882ba8753a012ba8d4ee260093','2010-10-14 11:42:28','2010-10-14 11:42:28','静安区','402881882ba8753a012ba8d3f4f1008e,402881882ba8753a012ba8d4ee260093','402881882ba8753a012ba8d3f4f1008e');
INSERT INTO `area` VALUES ('402881882ba8753a012ba8d50f5a0094','2010-10-14 11:42:36','2010-10-14 11:42:36','普陀区','402881882ba8753a012ba8d3f4f1008e,402881882ba8753a012ba8d50f5a0094','402881882ba8753a012ba8d3f4f1008e');
INSERT INTO `area` VALUES ('402881882ba8753a012ba8d5366a0095','2010-10-14 11:42:46','2010-10-14 11:42:46','闸北区','402881882ba8753a012ba8d3f4f1008e,402881882ba8753a012ba8d5366a0095','402881882ba8753a012ba8d3f4f1008e');
INSERT INTO `area` VALUES ('402881882ba8753a012ba8d55b190096','2010-10-14 11:42:56','2010-10-14 11:42:56','虹口区','402881882ba8753a012ba8d3f4f1008e,402881882ba8753a012ba8d55b190096','402881882ba8753a012ba8d3f4f1008e');
INSERT INTO `area` VALUES ('402881882ba8753a012ba8d57b430097','2010-10-14 11:43:04','2010-10-14 11:43:04','杨浦区','402881882ba8753a012ba8d3f4f1008e,402881882ba8753a012ba8d57b430097','402881882ba8753a012ba8d3f4f1008e');
INSERT INTO `area` VALUES ('402881882ba8753a012ba8d59fb30098','2010-10-14 11:43:13','2010-10-14 11:43:13','闵行区','402881882ba8753a012ba8d3f4f1008e,402881882ba8753a012ba8d59fb30098','402881882ba8753a012ba8d3f4f1008e');
INSERT INTO `area` VALUES ('402881882ba8753a012ba8d5c54c0099','2010-10-14 11:43:23','2010-10-14 11:43:23','宝山区','402881882ba8753a012ba8d3f4f1008e,402881882ba8753a012ba8d5c54c0099','402881882ba8753a012ba8d3f4f1008e');
INSERT INTO `area` VALUES ('402881882ba8753a012ba8d5ea2a009a','2010-10-14 11:43:32','2010-10-14 11:43:32','嘉定区','402881882ba8753a012ba8d3f4f1008e,402881882ba8753a012ba8d5ea2a009a','402881882ba8753a012ba8d3f4f1008e');
INSERT INTO `area` VALUES ('402881882ba8753a012ba8d61a04009b','2010-10-14 11:43:45','2010-10-14 11:43:45','浦东新区','402881882ba8753a012ba8d3f4f1008e,402881882ba8753a012ba8d61a04009b','402881882ba8753a012ba8d3f4f1008e');
INSERT INTO `area` VALUES ('402881882ba8753a012ba8d6420e009c','2010-10-14 11:43:55','2010-10-14 11:43:55','金山区','402881882ba8753a012ba8d3f4f1008e,402881882ba8753a012ba8d6420e009c','402881882ba8753a012ba8d3f4f1008e');
INSERT INTO `area` VALUES ('402881882ba8753a012ba8d6bcdb009d','2010-10-14 11:44:26','2010-10-14 11:44:26','松江区','402881882ba8753a012ba8d3f4f1008e,402881882ba8753a012ba8d6bcdb009d','402881882ba8753a012ba8d3f4f1008e');
INSERT INTO `area` VALUES ('402881882ba8753a012ba8d6e330009e','2010-10-14 11:44:36','2010-10-14 11:44:36','青浦区','402881882ba8753a012ba8d3f4f1008e,402881882ba8753a012ba8d6e330009e','402881882ba8753a012ba8d3f4f1008e');
INSERT INTO `area` VALUES ('402881882ba8753a012ba8d70abd009f','2010-10-14 11:44:46','2010-10-14 11:44:46','南汇区','402881882ba8753a012ba8d3f4f1008e,402881882ba8753a012ba8d70abd009f','402881882ba8753a012ba8d3f4f1008e');
INSERT INTO `area` VALUES ('402881882ba8753a012ba8d72b2600a0','2010-10-14 11:44:55','2010-10-14 11:44:55','奉贤区','402881882ba8753a012ba8d3f4f1008e,402881882ba8753a012ba8d72b2600a0','402881882ba8753a012ba8d3f4f1008e');
INSERT INTO `area` VALUES ('402881882ba8753a012ba8d745d200a1','2010-10-14 11:45:01','2010-10-14 11:45:01','崇明县','402881882ba8753a012ba8d3f4f1008e,402881882ba8753a012ba8d745d200a1','402881882ba8753a012ba8d3f4f1008e');
INSERT INTO `area` VALUES ('402881882ba8753a012ba8d780a800a2','2010-10-14 11:45:16','2010-10-14 11:45:16','江苏省','402881882ba8753a012ba8d780a800a2',NULL);
INSERT INTO `area` VALUES ('402881882ba8753a012ba8d82d2500a3','2010-10-14 11:46:01','2010-10-14 11:46:01','南京市','402881882ba8753a012ba8d780a800a2,402881882ba8753a012ba8d82d2500a3','402881882ba8753a012ba8d780a800a2');
INSERT INTO `area` VALUES ('402881882ba8753a012ba8d8605a00a4','2010-10-14 11:46:14','2010-10-14 11:46:14','无锡市','402881882ba8753a012ba8d780a800a2,402881882ba8753a012ba8d8605a00a4','402881882ba8753a012ba8d780a800a2');
INSERT INTO `area` VALUES ('402881882ba8753a012ba8d88b1300a5','2010-10-14 11:46:25','2010-10-14 11:46:25','徐州市','402881882ba8753a012ba8d780a800a2,402881882ba8753a012ba8d88b1300a5','402881882ba8753a012ba8d780a800a2');
INSERT INTO `area` VALUES ('402881882ba8753a012ba8d8b1e500a6','2010-10-14 11:46:35','2010-10-14 11:46:35','常州市','402881882ba8753a012ba8d780a800a2,402881882ba8753a012ba8d8b1e500a6','402881882ba8753a012ba8d780a800a2');
INSERT INTO `area` VALUES ('402881882ba8753a012ba8d8e08600a7','2010-10-14 11:46:47','2010-10-14 11:46:47','苏州市','402881882ba8753a012ba8d780a800a2,402881882ba8753a012ba8d8e08600a7','402881882ba8753a012ba8d780a800a2');
INSERT INTO `area` VALUES ('402881882ba8753a012ba8d907b600a8','2010-10-14 11:46:57','2010-10-14 11:46:57','南通市','402881882ba8753a012ba8d780a800a2,402881882ba8753a012ba8d907b600a8','402881882ba8753a012ba8d780a800a2');
INSERT INTO `area` VALUES ('402881882ba8753a012ba8d9317500a9','2010-10-14 11:47:07','2010-10-14 11:47:07','连云港市','402881882ba8753a012ba8d780a800a2,402881882ba8753a012ba8d9317500a9','402881882ba8753a012ba8d780a800a2');
INSERT INTO `area` VALUES ('402881882ba8753a012ba8d956df00aa','2010-10-14 11:47:17','2010-10-14 11:47:17','淮安市','402881882ba8753a012ba8d780a800a2,402881882ba8753a012ba8d956df00aa','402881882ba8753a012ba8d780a800a2');
INSERT INTO `area` VALUES ('402881882ba8753a012ba8d97d6300ab','2010-10-14 11:47:27','2010-10-14 11:47:27','盐城市','402881882ba8753a012ba8d780a800a2,402881882ba8753a012ba8d97d6300ab','402881882ba8753a012ba8d780a800a2');
INSERT INTO `area` VALUES ('402881882ba8753a012ba8d9a2fc00ac','2010-10-14 11:47:36','2010-10-14 11:47:36','扬州市','402881882ba8753a012ba8d780a800a2,402881882ba8753a012ba8d9a2fc00ac','402881882ba8753a012ba8d780a800a2');
INSERT INTO `area` VALUES ('402881882ba8753a012ba8d9ca4a00ad','2010-10-14 11:47:46','2010-10-14 11:47:46','镇江市','402881882ba8753a012ba8d780a800a2,402881882ba8753a012ba8d9ca4a00ad','402881882ba8753a012ba8d780a800a2');
INSERT INTO `area` VALUES ('402881882ba8753a012ba8d9eef900ae','2010-10-14 11:47:56','2010-10-14 11:47:56','泰州市','402881882ba8753a012ba8d780a800a2,402881882ba8753a012ba8d9eef900ae','402881882ba8753a012ba8d780a800a2');
INSERT INTO `area` VALUES ('402881882ba8753a012ba8da172200af','2010-10-14 11:48:06','2010-10-14 11:48:06','宿迁市','402881882ba8753a012ba8d780a800a2,402881882ba8753a012ba8da172200af','402881882ba8753a012ba8d780a800a2');
INSERT INTO `area` VALUES ('402881882ba8753a012ba8da48e000b0','2010-10-14 11:48:19','2010-10-14 11:48:19','浙江省','402881882ba8753a012ba8da48e000b0',NULL);
INSERT INTO `area` VALUES ('402881882ba8753a012ba8da7d2f00b1','2010-10-14 11:48:32','2010-10-14 11:48:32','杭州市','402881882ba8753a012ba8da48e000b0,402881882ba8753a012ba8da7d2f00b1','402881882ba8753a012ba8da48e000b0');
INSERT INTO `area` VALUES ('402881882ba8753a012ba8daa35500b2','2010-10-14 11:48:42','2010-10-14 11:48:42','宁波市','402881882ba8753a012ba8da48e000b0,402881882ba8753a012ba8daa35500b2','402881882ba8753a012ba8da48e000b0');
INSERT INTO `area` VALUES ('402881882ba8753a012ba8dacb3000b3','2010-10-14 11:48:52','2010-10-14 11:48:52','温州市','402881882ba8753a012ba8da48e000b0,402881882ba8753a012ba8dacb3000b3','402881882ba8753a012ba8da48e000b0');
INSERT INTO `area` VALUES ('402881882ba8753a012ba8daf15500b4','2010-10-14 11:49:02','2010-10-14 11:49:02','嘉兴市','402881882ba8753a012ba8da48e000b0,402881882ba8753a012ba8daf15500b4','402881882ba8753a012ba8da48e000b0');
INSERT INTO `area` VALUES ('402881882ba8753a012ba8db14db00b5','2010-10-14 11:49:11','2010-10-14 11:49:11','湖州市','402881882ba8753a012ba8da48e000b0,402881882ba8753a012ba8db14db00b5','402881882ba8753a012ba8da48e000b0');
INSERT INTO `area` VALUES ('402881882ba8753a012ba8db3e9b00b6','2010-10-14 11:49:22','2010-10-14 11:49:22','绍兴市','402881882ba8753a012ba8da48e000b0,402881882ba8753a012ba8db3e9b00b6','402881882ba8753a012ba8da48e000b0');
INSERT INTO `area` VALUES ('402881882ba8753a012ba8db6a8d00b7','2010-10-14 11:49:33','2010-10-14 11:49:33','金华市','402881882ba8753a012ba8da48e000b0,402881882ba8753a012ba8db6a8d00b7','402881882ba8753a012ba8da48e000b0');
INSERT INTO `area` VALUES ('402881882ba8753a012ba8db978800b8','2010-10-14 11:49:44','2010-10-14 11:49:44','衢州市','402881882ba8753a012ba8da48e000b0,402881882ba8753a012ba8db978800b8','402881882ba8753a012ba8da48e000b0');
INSERT INTO `area` VALUES ('402881882ba8753a012ba8dbcc7300b9','2010-10-14 11:49:58','2010-10-14 11:49:58','舟山市','402881882ba8753a012ba8da48e000b0,402881882ba8753a012ba8dbcc7300b9','402881882ba8753a012ba8da48e000b0');
INSERT INTO `area` VALUES ('402881882ba8753a012ba8dbf33500ba','2010-10-14 11:50:08','2010-10-14 11:50:08','台州市','402881882ba8753a012ba8da48e000b0,402881882ba8753a012ba8dbf33500ba','402881882ba8753a012ba8da48e000b0');
INSERT INTO `area` VALUES ('402881882ba8753a012ba8dc1c9700bb','2010-10-14 11:50:19','2010-10-14 11:50:19','丽水市','402881882ba8753a012ba8da48e000b0,402881882ba8753a012ba8dc1c9700bb','402881882ba8753a012ba8da48e000b0');
INSERT INTO `area` VALUES ('402881882ba8753a012ba8dc469500bc','2010-10-14 11:50:29','2010-10-14 11:50:29','安徽省','402881882ba8753a012ba8dc469500bc',NULL);
INSERT INTO `area` VALUES ('402881882ba8753a012ba8dc8c3900bd','2010-10-14 11:50:47','2010-10-14 11:50:47','合肥市','402881882ba8753a012ba8dc469500bc,402881882ba8753a012ba8dc8c3900bd','402881882ba8753a012ba8dc469500bc');
INSERT INTO `area` VALUES ('402881882ba8753a012ba8dcb25f00be','2010-10-14 11:50:57','2010-10-14 11:50:57','芜湖市','402881882ba8753a012ba8dc469500bc,402881882ba8753a012ba8dcb25f00be','402881882ba8753a012ba8dc469500bc');
INSERT INTO `area` VALUES ('402881882ba8753a012ba8dd667c00bf','2010-10-14 11:51:43','2010-10-14 11:51:43','蚌埠市','402881882ba8753a012ba8dc469500bc,402881882ba8753a012ba8dd667c00bf','402881882ba8753a012ba8dc469500bc');
INSERT INTO `area` VALUES ('402881882ba8753a012ba8dd925e00c0','2010-10-14 11:51:54','2010-10-14 11:51:54','淮南市','402881882ba8753a012ba8dc469500bc,402881882ba8753a012ba8dd925e00c0','402881882ba8753a012ba8dc469500bc');
INSERT INTO `area` VALUES ('402881882ba8753a012ba8ddb58600c1','2010-10-14 11:52:03','2010-10-14 11:52:03','马鞍山市','402881882ba8753a012ba8dc469500bc,402881882ba8753a012ba8ddb58600c1','402881882ba8753a012ba8dc469500bc');
INSERT INTO `area` VALUES ('402881882ba8753a012ba8ddd98900c2','2010-10-14 11:52:12','2010-10-14 11:52:12','淮北市','402881882ba8753a012ba8dc469500bc,402881882ba8753a012ba8ddd98900c2','402881882ba8753a012ba8dc469500bc');
INSERT INTO `area` VALUES ('402881882ba8753a012ba8ddfa9e00c3','2010-10-14 11:52:21','2010-10-14 11:52:21','铜陵市','402881882ba8753a012ba8dc469500bc,402881882ba8753a012ba8ddfa9e00c3','402881882ba8753a012ba8dc469500bc');
INSERT INTO `area` VALUES ('402881882ba8753a012ba8de1e8100c4','2010-10-14 11:52:30','2010-10-14 11:52:30','安庆市','402881882ba8753a012ba8dc469500bc,402881882ba8753a012ba8de1e8100c4','402881882ba8753a012ba8dc469500bc');
INSERT INTO `area` VALUES ('402881882ba8753a012ba8de4dde00c5','2010-10-14 11:52:42','2010-10-14 11:52:42','黄山市','402881882ba8753a012ba8dc469500bc,402881882ba8753a012ba8de4dde00c5','402881882ba8753a012ba8dc469500bc');
INSERT INTO `area` VALUES ('402881882ba8753a012ba8de730a00c6','2010-10-14 11:52:52','2010-10-14 11:52:52','滁州市','402881882ba8753a012ba8dc469500bc,402881882ba8753a012ba8de730a00c6','402881882ba8753a012ba8dc469500bc');
INSERT INTO `area` VALUES ('402881882ba8753a012ba8de9ad500c7','2010-10-14 11:53:02','2010-10-14 11:53:02','阜阳市','402881882ba8753a012ba8dc469500bc,402881882ba8753a012ba8de9ad500c7','402881882ba8753a012ba8dc469500bc');
INSERT INTO `area` VALUES ('402881882ba8753a012ba8df216b00c8','2010-10-14 11:53:36','2010-10-14 11:53:36','宿州市','402881882ba8753a012ba8dc469500bc,402881882ba8753a012ba8df216b00c8','402881882ba8753a012ba8dc469500bc');
INSERT INTO `area` VALUES ('402881882ba8753a012ba8df585900c9','2010-10-14 11:53:50','2010-10-14 11:53:50','巢湖市','402881882ba8753a012ba8dc469500bc,402881882ba8753a012ba8df585900c9','402881882ba8753a012ba8dc469500bc');
INSERT INTO `area` VALUES ('402881882ba8753a012ba8df7d5600ca','2010-10-14 11:54:00','2010-10-14 11:54:00','六安市','402881882ba8753a012ba8dc469500bc,402881882ba8753a012ba8df7d5600ca','402881882ba8753a012ba8dc469500bc');
INSERT INTO `area` VALUES ('402881882ba8753a012ba8dfa8cb00cb','2010-10-14 11:54:11','2010-10-14 11:54:11','亳州市','402881882ba8753a012ba8dc469500bc,402881882ba8753a012ba8dfa8cb00cb','402881882ba8753a012ba8dc469500bc');
INSERT INTO `area` VALUES ('402881882ba8753a012ba8dfcf1f00cc','2010-10-14 11:54:21','2010-10-14 11:54:21','池州市','402881882ba8753a012ba8dc469500bc,402881882ba8753a012ba8dfcf1f00cc','402881882ba8753a012ba8dc469500bc');
INSERT INTO `area` VALUES ('402881882ba8753a012ba8dff4f700cd','2010-10-14 11:54:31','2010-10-14 11:54:31','宣城市','402881882ba8753a012ba8dc469500bc,402881882ba8753a012ba8dff4f700cd','402881882ba8753a012ba8dc469500bc');
INSERT INTO `area` VALUES ('402881882ba8753a012ba8e0243500ce','2010-10-14 11:54:43','2010-10-14 11:54:43','福建省','402881882ba8753a012ba8e0243500ce',NULL);
INSERT INTO `area` VALUES ('402881882ba8753a012ba8e1b06200cf','2010-10-14 11:56:24','2010-10-14 11:56:24','福州市','402881882ba8753a012ba8e0243500ce,402881882ba8753a012ba8e1b06200cf','402881882ba8753a012ba8e0243500ce');
INSERT INTO `area` VALUES ('402881882ba8753a012ba8e1f17300d0','2010-10-14 11:56:41','2010-10-14 11:56:41','厦门市','402881882ba8753a012ba8e0243500ce,402881882ba8753a012ba8e1f17300d0','402881882ba8753a012ba8e0243500ce');
INSERT INTO `area` VALUES ('402881882ba8753a012ba8e21c5b00d1','2010-10-14 11:56:52','2010-10-14 11:56:52','莆田市','402881882ba8753a012ba8e0243500ce,402881882ba8753a012ba8e21c5b00d1','402881882ba8753a012ba8e0243500ce');
INSERT INTO `area` VALUES ('402881882ba8753a012ba8e2480f00d2','2010-10-14 11:57:03','2010-10-14 11:57:03','三明市','402881882ba8753a012ba8e0243500ce,402881882ba8753a012ba8e2480f00d2','402881882ba8753a012ba8e0243500ce');
INSERT INTO `area` VALUES ('402881882ba8753a012ba8e26c9e00d3','2010-10-14 11:57:12','2010-10-14 11:57:12','泉州市','402881882ba8753a012ba8e0243500ce,402881882ba8753a012ba8e26c9e00d3','402881882ba8753a012ba8e0243500ce');
INSERT INTO `area` VALUES ('402881882ba8753a012ba8e29b4f00d4','2010-10-14 11:57:24','2010-10-14 11:57:24','漳州市','402881882ba8753a012ba8e0243500ce,402881882ba8753a012ba8e29b4f00d4','402881882ba8753a012ba8e0243500ce');
INSERT INTO `area` VALUES ('402881882ba8753a012ba8e2c9b200d5','2010-10-14 11:57:36','2010-10-14 11:57:36','南平市','402881882ba8753a012ba8e0243500ce,402881882ba8753a012ba8e2c9b200d5','402881882ba8753a012ba8e0243500ce');
INSERT INTO `area` VALUES ('402881882ba8753a012ba8e2f48b00d6','2010-10-14 11:57:47','2010-10-14 11:57:47','龙岩市','402881882ba8753a012ba8e0243500ce,402881882ba8753a012ba8e2f48b00d6','402881882ba8753a012ba8e0243500ce');
INSERT INTO `area` VALUES ('402881882ba8753a012ba8e31be900d7','2010-10-14 11:57:57','2010-10-14 11:57:57','宁德市','402881882ba8753a012ba8e0243500ce,402881882ba8753a012ba8e31be900d7','402881882ba8753a012ba8e0243500ce');
INSERT INTO `area` VALUES ('402881882ba8753a012ba8e362b600d8','2010-10-14 11:58:15','2010-10-14 11:58:15','江西省','402881882ba8753a012ba8e362b600d8',NULL);
INSERT INTO `area` VALUES ('402881882ba8753a012ba8e3b49f00d9','2010-10-14 11:58:36','2010-10-14 11:58:36','南昌市','402881882ba8753a012ba8e362b600d8,402881882ba8753a012ba8e3b49f00d9','402881882ba8753a012ba8e362b600d8');
INSERT INTO `area` VALUES ('402881882ba8753a012ba8e433f000da','2010-10-14 11:59:09','2010-10-14 11:59:09','景德镇市','402881882ba8753a012ba8e362b600d8,402881882ba8753a012ba8e433f000da','402881882ba8753a012ba8e362b600d8');
INSERT INTO `area` VALUES ('402881882ba8753a012ba8e45ca600db','2010-10-14 11:59:19','2010-10-14 11:59:19','萍乡市','402881882ba8753a012ba8e362b600d8,402881882ba8753a012ba8e45ca600db','402881882ba8753a012ba8e362b600d8');
INSERT INTO `area` VALUES ('402881882ba8753a012ba8e4808a00dc','2010-10-14 11:59:28','2010-10-14 11:59:28','九江市','402881882ba8753a012ba8e362b600d8,402881882ba8753a012ba8e4808a00dc','402881882ba8753a012ba8e362b600d8');
INSERT INTO `area` VALUES ('402881882ba8753a012ba8e4a74c00dd','2010-10-14 11:59:38','2010-10-14 11:59:38','新余市','402881882ba8753a012ba8e362b600d8,402881882ba8753a012ba8e4a74c00dd','402881882ba8753a012ba8e362b600d8');
INSERT INTO `area` VALUES ('402881882ba8753a012ba8e4cdb000de','2010-10-14 11:59:48','2010-10-14 11:59:48','鹰潭市','402881882ba8753a012ba8e362b600d8,402881882ba8753a012ba8e4cdb000de','402881882ba8753a012ba8e362b600d8');
INSERT INTO `area` VALUES ('402881882ba8753a012ba8e4ef4200df','2010-10-14 11:59:57','2010-10-14 11:59:57','赣州市','402881882ba8753a012ba8e362b600d8,402881882ba8753a012ba8e4ef4200df','402881882ba8753a012ba8e362b600d8');
INSERT INTO `area` VALUES ('402881882ba8753a012ba8e53fb300e0','2010-10-14 12:00:17','2010-10-14 12:00:17','吉安市','402881882ba8753a012ba8e362b600d8,402881882ba8753a012ba8e53fb300e0','402881882ba8753a012ba8e362b600d8');
INSERT INTO `area` VALUES ('402881882ba8753a012ba8e56d0d00e1','2010-10-14 12:00:29','2010-10-14 12:00:29','宜春市','402881882ba8753a012ba8e362b600d8,402881882ba8753a012ba8e56d0d00e1','402881882ba8753a012ba8e362b600d8');
INSERT INTO `area` VALUES ('402881882ba8753a012ba8e5921900e2','2010-10-14 12:00:38','2010-10-14 12:00:38','抚州市','402881882ba8753a012ba8e362b600d8,402881882ba8753a012ba8e5921900e2','402881882ba8753a012ba8e362b600d8');
INSERT INTO `area` VALUES ('402881882ba8753a012ba8e5c22200e3','2010-10-14 12:00:51','2010-10-14 12:00:51','上饶市','402881882ba8753a012ba8e362b600d8,402881882ba8753a012ba8e5c22200e3','402881882ba8753a012ba8e362b600d8');
INSERT INTO `area` VALUES ('402881882ba8753a012ba8e5f7d800e4','2010-10-14 12:01:04','2010-10-14 12:01:04','山东省','402881882ba8753a012ba8e5f7d800e4',NULL);
INSERT INTO `area` VALUES ('402881882ba8753a012ba928e9c800e5','2010-10-14 13:14:12','2010-10-14 13:14:12','济南市','402881882ba8753a012ba8e5f7d800e4,402881882ba8753a012ba928e9c800e5','402881882ba8753a012ba8e5f7d800e4');
INSERT INTO `area` VALUES ('402881882ba8753a012ba929137800e6','2010-10-14 13:14:22','2010-10-14 13:14:22','青岛市','402881882ba8753a012ba8e5f7d800e4,402881882ba8753a012ba929137800e6','402881882ba8753a012ba8e5f7d800e4');
INSERT INTO `area` VALUES ('402881882ba8753a012ba929374c00e7','2010-10-14 13:14:32','2010-10-14 13:14:32','淄博市','402881882ba8753a012ba8e5f7d800e4,402881882ba8753a012ba929374c00e7','402881882ba8753a012ba8e5f7d800e4');
INSERT INTO `area` VALUES ('402881882ba8753a012ba9295d4300e8','2010-10-14 13:14:41','2010-10-14 13:14:41','枣庄市','402881882ba8753a012ba8e5f7d800e4,402881882ba8753a012ba9295d4300e8','402881882ba8753a012ba8e5f7d800e4');
INSERT INTO `area` VALUES ('402881882ba8753a012ba929884b00e9','2010-10-14 13:14:52','2010-10-14 13:14:52','东营市','402881882ba8753a012ba8e5f7d800e4,402881882ba8753a012ba929884b00e9','402881882ba8753a012ba8e5f7d800e4');
INSERT INTO `area` VALUES ('402881882ba8753a012ba929ac2e00ea','2010-10-14 13:15:02','2010-10-14 13:15:02','烟台市','402881882ba8753a012ba8e5f7d800e4,402881882ba8753a012ba929ac2e00ea','402881882ba8753a012ba8e5f7d800e4');
INSERT INTO `area` VALUES ('402881882ba8753a012ba929cfe300eb','2010-10-14 13:15:11','2010-10-14 13:15:11','潍坊市','402881882ba8753a012ba8e5f7d800e4,402881882ba8753a012ba929cfe300eb','402881882ba8753a012ba8e5f7d800e4');
INSERT INTO `area` VALUES ('402881882ba8753a012ba929f68500ec','2010-10-14 13:15:21','2010-10-14 13:15:21','济宁市','402881882ba8753a012ba8e5f7d800e4,402881882ba8753a012ba929f68500ec','402881882ba8753a012ba8e5f7d800e4');
INSERT INTO `area` VALUES ('402881882ba8753a012ba92a1a4a00ed','2010-10-14 13:15:30','2010-10-14 13:15:30','泰安市','402881882ba8753a012ba8e5f7d800e4,402881882ba8753a012ba92a1a4a00ed','402881882ba8753a012ba8e5f7d800e4');
INSERT INTO `area` VALUES ('402881882ba8753a012ba92a5f0300ee','2010-10-14 13:15:47','2010-10-14 13:15:47','威海市','402881882ba8753a012ba8e5f7d800e4,402881882ba8753a012ba92a5f0300ee','402881882ba8753a012ba8e5f7d800e4');
INSERT INTO `area` VALUES ('402881882ba8753a012ba92a825a00ef','2010-10-14 13:15:56','2010-10-14 13:15:56','日照市','402881882ba8753a012ba8e5f7d800e4,402881882ba8753a012ba92a825a00ef','402881882ba8753a012ba8e5f7d800e4');
INSERT INTO `area` VALUES ('402881882ba8753a012ba92aa99900f0','2010-10-14 13:16:06','2010-10-14 13:16:06','莱芜市','402881882ba8753a012ba8e5f7d800e4,402881882ba8753a012ba92aa99900f0','402881882ba8753a012ba8e5f7d800e4');
INSERT INTO `area` VALUES ('402881882ba8753a012ba92acd4e00f1','2010-10-14 13:16:16','2010-10-14 13:16:16','临沂市','402881882ba8753a012ba8e5f7d800e4,402881882ba8753a012ba92acd4e00f1','402881882ba8753a012ba8e5f7d800e4');
INSERT INTO `area` VALUES ('402881882ba8753a012ba92af27900f2','2010-10-14 13:16:25','2010-10-14 13:16:25','德州市','402881882ba8753a012ba8e5f7d800e4,402881882ba8753a012ba92af27900f2','402881882ba8753a012ba8e5f7d800e4');
INSERT INTO `area` VALUES ('402881882ba8753a012ba92b154400f3','2010-10-14 13:16:34','2010-10-14 13:16:34','聊城市','402881882ba8753a012ba8e5f7d800e4,402881882ba8753a012ba92b154400f3','402881882ba8753a012ba8e5f7d800e4');
INSERT INTO `area` VALUES ('402881882ba8753a012ba92b3a6000f4','2010-10-14 13:16:44','2010-10-14 13:16:44','滨州市','402881882ba8753a012ba8e5f7d800e4,402881882ba8753a012ba92b3a6000f4','402881882ba8753a012ba8e5f7d800e4');
INSERT INTO `area` VALUES ('402881882ba8753a012ba92b688400f5','2010-10-14 13:16:55','2010-10-14 13:16:55','荷泽市','402881882ba8753a012ba8e5f7d800e4,402881882ba8753a012ba92b688400f5','402881882ba8753a012ba8e5f7d800e4');
INSERT INTO `area` VALUES ('402881882ba8753a012ba92ba9c300f6','2010-10-14 13:17:12','2010-10-14 13:17:12','河南省','402881882ba8753a012ba92ba9c300f6',NULL);
INSERT INTO `area` VALUES ('402881882ba8753a012ba92bd8a300f7','2010-10-14 13:17:24','2010-10-14 13:17:24','郑州市','402881882ba8753a012ba92ba9c300f6,402881882ba8753a012ba92bd8a300f7','402881882ba8753a012ba92ba9c300f6');
INSERT INTO `area` VALUES ('402881882ba8753a012ba92bfab200f8','2010-10-14 13:17:33','2010-10-14 13:17:33','开封市','402881882ba8753a012ba92ba9c300f6,402881882ba8753a012ba92bfab200f8','402881882ba8753a012ba92ba9c300f6');
INSERT INTO `area` VALUES ('402881882ba8753a012ba92c1afc00f9','2010-10-14 13:17:41','2010-10-14 13:17:41','洛阳市','402881882ba8753a012ba92ba9c300f6,402881882ba8753a012ba92c1afc00f9','402881882ba8753a012ba92ba9c300f6');
INSERT INTO `area` VALUES ('402881882ba8753a012ba92c42c700fa','2010-10-14 13:17:51','2010-10-14 13:17:51','平顶山市','402881882ba8753a012ba92ba9c300f6,402881882ba8753a012ba92c42c700fa','402881882ba8753a012ba92ba9c300f6');
INSERT INTO `area` VALUES ('402881882ba8753a012ba92c66f900fb','2010-10-14 13:18:00','2010-10-14 13:18:00','安阳市','402881882ba8753a012ba92ba9c300f6,402881882ba8753a012ba92c66f900fb','402881882ba8753a012ba92ba9c300f6');
INSERT INTO `area` VALUES ('402881882ba8753a012ba92c898400fc','2010-10-14 13:18:09','2010-10-14 13:18:09','鹤壁市','402881882ba8753a012ba92ba9c300f6,402881882ba8753a012ba92c898400fc','402881882ba8753a012ba92ba9c300f6');
INSERT INTO `area` VALUES ('402881882ba8753a012ba92cac2f00fd','2010-10-14 13:18:18','2010-10-14 13:18:18','新乡市','402881882ba8753a012ba92ba9c300f6,402881882ba8753a012ba92cac2f00fd','402881882ba8753a012ba92ba9c300f6');
INSERT INTO `area` VALUES ('402881882ba8753a012ba92ccce600fe','2010-10-14 13:18:27','2010-10-14 13:18:27','焦作市','402881882ba8753a012ba92ba9c300f6,402881882ba8753a012ba92ccce600fe','402881882ba8753a012ba92ba9c300f6');
INSERT INTO `area` VALUES ('402881882ba8753a012ba92cef0500ff','2010-10-14 13:18:35','2010-10-14 13:18:35','濮阳市','402881882ba8753a012ba92ba9c300f6,402881882ba8753a012ba92cef0500ff','402881882ba8753a012ba92ba9c300f6');
INSERT INTO `area` VALUES ('402881882ba8753a012ba92d13f20100','2010-10-14 13:18:45','2010-10-14 13:18:45','许昌市','402881882ba8753a012ba92ba9c300f6,402881882ba8753a012ba92d13f20100','402881882ba8753a012ba92ba9c300f6');
INSERT INTO `area` VALUES ('402881882ba8753a012ba92d35360101','2010-10-14 13:18:53','2010-10-14 13:18:53','漯河市','402881882ba8753a012ba92ba9c300f6,402881882ba8753a012ba92d35360101','402881882ba8753a012ba92ba9c300f6');
INSERT INTO `area` VALUES ('402881882ba8753a012ba92d57d10102','2010-10-14 13:19:02','2010-10-14 13:19:02','三门峡市','402881882ba8753a012ba92ba9c300f6,402881882ba8753a012ba92d57d10102','402881882ba8753a012ba92ba9c300f6');
INSERT INTO `area` VALUES ('402881882ba8753a012ba92d7ba50103','2010-10-14 13:19:11','2010-10-14 13:19:11','南阳市','402881882ba8753a012ba92ba9c300f6,402881882ba8753a012ba92d7ba50103','402881882ba8753a012ba92ba9c300f6');
INSERT INTO `area` VALUES ('402881882ba8753a012ba92da1ab0104','2010-10-14 13:19:21','2010-10-14 13:19:21','商丘市','402881882ba8753a012ba92ba9c300f6,402881882ba8753a012ba92da1ab0104','402881882ba8753a012ba92ba9c300f6');
INSERT INTO `area` VALUES ('402881882ba8753a012ba92dc7b20105','2010-10-14 13:19:31','2010-10-14 13:19:31','信阳市','402881882ba8753a012ba92ba9c300f6,402881882ba8753a012ba92dc7b20105','402881882ba8753a012ba92ba9c300f6');
INSERT INTO `area` VALUES ('402881882ba8753a012ba92de8780106','2010-10-14 13:19:39','2010-10-14 13:19:39','周口市','402881882ba8753a012ba92ba9c300f6,402881882ba8753a012ba92de8780106','402881882ba8753a012ba92ba9c300f6');
INSERT INTO `area` VALUES ('402881882ba8753a012ba92e0bee0107','2010-10-14 13:19:48','2010-10-14 13:19:48','驻马店市','402881882ba8753a012ba92ba9c300f6,402881882ba8753a012ba92e0bee0107','402881882ba8753a012ba92ba9c300f6');
INSERT INTO `area` VALUES ('402881882ba8753a012ba92e37a20108','2010-10-14 13:19:59','2010-10-14 13:19:59','湖北省','402881882ba8753a012ba92e37a20108',NULL);
INSERT INTO `area` VALUES ('402881882ba8753a012ba92e68660109','2010-10-14 13:20:12','2010-10-14 13:20:12','武汉市','402881882ba8753a012ba92e37a20108,402881882ba8753a012ba92e68660109','402881882ba8753a012ba92e37a20108');
INSERT INTO `area` VALUES ('402881882ba8753a012ba92e94d5010a','2010-10-14 13:20:23','2010-10-14 13:20:23','黄石市','402881882ba8753a012ba92e37a20108,402881882ba8753a012ba92e94d5010a','402881882ba8753a012ba92e37a20108');
INSERT INTO `area` VALUES ('402881882ba8753a012ba92eb82c010b','2010-10-14 13:20:32','2010-10-14 13:20:32','十堰市','402881882ba8753a012ba92e37a20108,402881882ba8753a012ba92eb82c010b','402881882ba8753a012ba92e37a20108');
INSERT INTO `area` VALUES ('402881882ba8753a012ba92edfe8010c','2010-10-14 13:20:42','2010-10-14 13:20:42','宜昌市','402881882ba8753a012ba92e37a20108,402881882ba8753a012ba92edfe8010c','402881882ba8753a012ba92e37a20108');
INSERT INTO `area` VALUES ('402881882ba8753a012ba92f21a4010d','2010-10-14 13:20:59','2010-10-14 13:20:59','襄樊市','402881882ba8753a012ba92e37a20108,402881882ba8753a012ba92f21a4010d','402881882ba8753a012ba92e37a20108');
INSERT INTO `area` VALUES ('402881882ba8753a012ba92f4ab8010e','2010-10-14 13:21:10','2010-10-14 13:21:10','鄂州市','402881882ba8753a012ba92e37a20108,402881882ba8753a012ba92f4ab8010e','402881882ba8753a012ba92e37a20108');
INSERT INTO `area` VALUES ('402881882ba8753a012ba92f6ca7010f','2010-10-14 13:21:19','2010-10-14 13:21:19','荆门市','402881882ba8753a012ba92e37a20108,402881882ba8753a012ba92f6ca7010f','402881882ba8753a012ba92e37a20108');
INSERT INTO `area` VALUES ('402881882ba8753a012ba92f8dfa0110','2010-10-14 13:21:27','2010-10-14 13:21:27','孝感市','402881882ba8753a012ba92e37a20108,402881882ba8753a012ba92f8dfa0110','402881882ba8753a012ba92e37a20108');
INSERT INTO `area` VALUES ('402881882ba8753a012ba92fb0480111','2010-10-14 13:21:36','2010-10-14 13:21:36','荆州市','402881882ba8753a012ba92e37a20108,402881882ba8753a012ba92fb0480111','402881882ba8753a012ba92e37a20108');
INSERT INTO `area` VALUES ('402881882ba8753a012ba92fd6bb0112','2010-10-14 13:21:46','2010-10-14 13:21:46','黄冈市','402881882ba8753a012ba92e37a20108,402881882ba8753a012ba92fd6bb0112','402881882ba8753a012ba92e37a20108');
INSERT INTO `area` VALUES ('402881882ba8753a012ba92ff9280113','2010-10-14 13:21:54','2010-10-14 13:21:55','咸宁市','402881882ba8753a012ba92e37a20108,402881882ba8753a012ba92ff9280113','402881882ba8753a012ba92e37a20108');
INSERT INTO `area` VALUES ('402881882ba8753a012ba9301be30114','2010-10-14 13:22:03','2010-10-14 13:22:03','随州市','402881882ba8753a012ba92e37a20108,402881882ba8753a012ba9301be30114','402881882ba8753a012ba92e37a20108');
INSERT INTO `area` VALUES ('402881882ba8753a012ba930d6690115','2010-10-14 13:22:51','2010-10-14 13:22:51','湖南省','402881882ba8753a012ba930d6690115',NULL);
INSERT INTO `area` VALUES ('402881882ba8753a012ba93101120116','2010-10-14 13:23:02','2010-10-14 13:23:02','长沙市','402881882ba8753a012ba930d6690115,402881882ba8753a012ba93101120116','402881882ba8753a012ba930d6690115');
INSERT INTO `area` VALUES ('402881882ba8753a012ba93125f00117','2010-10-14 13:23:11','2010-10-14 13:23:11','株洲市','402881882ba8753a012ba930d6690115,402881882ba8753a012ba93125f00117','402881882ba8753a012ba930d6690115');
INSERT INTO `area` VALUES ('402881882ba8753a012ba93147a10118','2010-10-14 13:23:20','2010-10-14 13:23:20','湘潭市','402881882ba8753a012ba930d6690115,402881882ba8753a012ba93147a10118','402881882ba8753a012ba930d6690115');
INSERT INTO `area` VALUES ('402881882ba8753a012ba9316a7b0119','2010-10-14 13:23:29','2010-10-14 13:23:29','衡阳市','402881882ba8753a012ba930d6690115,402881882ba8753a012ba9316a7b0119','402881882ba8753a012ba930d6690115');
INSERT INTO `area` VALUES ('402881882ba8753a012ba9318e2f011a','2010-10-14 13:23:38','2010-10-14 13:23:38','邵阳市','402881882ba8753a012ba930d6690115,402881882ba8753a012ba9318e2f011a','402881882ba8753a012ba930d6690115');
INSERT INTO `area` VALUES ('402881882ba8753a012ba931b5ad011b','2010-10-14 13:23:48','2010-10-14 13:23:48','岳阳市','402881882ba8753a012ba930d6690115,402881882ba8753a012ba931b5ad011b','402881882ba8753a012ba930d6690115');
INSERT INTO `area` VALUES ('402881882ba8753a012ba931dac9011c','2010-10-14 13:23:58','2010-10-14 13:23:58','常德市','402881882ba8753a012ba930d6690115,402881882ba8753a012ba931dac9011c','402881882ba8753a012ba930d6690115');
INSERT INTO `area` VALUES ('402881882ba8753a012ba931fe6e011d','2010-10-14 13:24:07','2010-10-14 13:24:07','张家界市','402881882ba8753a012ba930d6690115,402881882ba8753a012ba931fe6e011d','402881882ba8753a012ba930d6690115');
INSERT INTO `area` VALUES ('402881882ba8753a012ba93222ce011e','2010-10-14 13:24:16','2010-10-14 13:24:16','益阳市','402881882ba8753a012ba930d6690115,402881882ba8753a012ba93222ce011e','402881882ba8753a012ba930d6690115');
INSERT INTO `area` VALUES ('402881882ba8753a012ba932fe59011f','2010-10-14 13:25:12','2010-10-14 13:25:12','郴州市','402881882ba8753a012ba930d6690115,402881882ba8753a012ba932fe59011f','402881882ba8753a012ba930d6690115');
INSERT INTO `area` VALUES ('402881882ba8753a012ba933275d0120','2010-10-14 13:25:23','2010-10-14 13:25:23','永州市','402881882ba8753a012ba930d6690115,402881882ba8753a012ba933275d0120','402881882ba8753a012ba930d6690115');
INSERT INTO `area` VALUES ('402881882ba8753a012ba9334cd70121','2010-10-14 13:25:33','2010-10-14 13:25:33','怀化市','402881882ba8753a012ba930d6690115,402881882ba8753a012ba9334cd70121','402881882ba8753a012ba930d6690115');
INSERT INTO `area` VALUES ('402881882ba8753a012ba9337b880122','2010-10-14 13:25:44','2010-10-14 13:25:44','娄底市','402881882ba8753a012ba930d6690115,402881882ba8753a012ba9337b880122','402881882ba8753a012ba930d6690115');
INSERT INTO `area` VALUES ('402881882ba8753a012ba93401620123','2010-10-14 13:26:19','2010-10-14 13:26:19','湘西土家族苗族自治州','402881882ba8753a012ba930d6690115,402881882ba8753a012ba93401620123','402881882ba8753a012ba930d6690115');
INSERT INTO `area` VALUES ('402881882ba8753a012ba9342b210124','2010-10-14 13:26:29','2010-10-14 13:26:29','广东省','402881882ba8753a012ba9342b210124',NULL);
INSERT INTO `area` VALUES ('402881882ba8753a012ba9345e950125','2010-10-14 13:26:43','2010-10-14 13:26:43','广州市','402881882ba8753a012ba9342b210124,402881882ba8753a012ba9345e950125','402881882ba8753a012ba9342b210124');
INSERT INTO `area` VALUES ('402881882ba8753a012ba93483e00126','2010-10-14 13:26:52','2010-10-14 13:26:52','韶关市','402881882ba8753a012ba9342b210124,402881882ba8753a012ba93483e00126','402881882ba8753a012ba9342b210124');
INSERT INTO `area` VALUES ('402881882ba8753a012ba934ac770127','2010-10-14 13:27:03','2010-10-14 13:27:03','深圳市','402881882ba8753a012ba9342b210124,402881882ba8753a012ba934ac770127','402881882ba8753a012ba9342b210124');
INSERT INTO `area` VALUES ('402881882ba8753a012ba934d02b0128','2010-10-14 13:27:12','2010-10-14 13:27:12','珠海市','402881882ba8753a012ba9342b210124,402881882ba8753a012ba934d02b0128','402881882ba8753a012ba9342b210124');
INSERT INTO `area` VALUES ('402881882ba8753a012ba934eeb00129','2010-10-14 13:27:19','2010-10-14 13:27:19','汕头市','402881882ba8753a012ba9342b210124,402881882ba8753a012ba934eeb00129','402881882ba8753a012ba9342b210124');
INSERT INTO `area` VALUES ('402881882ba8753a012ba9351207012a','2010-10-14 13:27:29','2010-10-14 13:27:29','佛山市','402881882ba8753a012ba9342b210124,402881882ba8753a012ba9351207012a','402881882ba8753a012ba9342b210124');
INSERT INTO `area` VALUES ('402881882ba8753a012ba9353406012b','2010-10-14 13:27:37','2010-10-14 13:27:37','江门市','402881882ba8753a012ba9342b210124,402881882ba8753a012ba9353406012b','402881882ba8753a012ba9342b210124');
INSERT INTO `area` VALUES ('402881882ba8753a012ba9355672012c','2010-10-14 13:27:46','2010-10-14 13:27:46','湛江市','402881882ba8753a012ba9342b210124,402881882ba8753a012ba9355672012c','402881882ba8753a012ba9342b210124');
INSERT INTO `area` VALUES ('402881882ba8753a012ba9357843012d','2010-10-14 13:27:55','2010-10-14 13:27:55','茂名市','402881882ba8753a012ba9342b210124,402881882ba8753a012ba9357843012d','402881882ba8753a012ba9342b210124');
INSERT INTO `area` VALUES ('402881882ba8753a012ba935980f012e','2010-10-14 13:28:03','2010-10-14 13:28:03','肇庆市','402881882ba8753a012ba9342b210124,402881882ba8753a012ba935980f012e','402881882ba8753a012ba9342b210124');
INSERT INTO `area` VALUES ('402881882ba8753a012ba935c26b012f','2010-10-14 13:28:14','2010-10-14 13:28:14','惠州市','402881882ba8753a012ba9342b210124,402881882ba8753a012ba935c26b012f','402881882ba8753a012ba9342b210124');
INSERT INTO `area` VALUES ('402881882ba8753a012ba935e5e10130','2010-10-14 13:28:23','2010-10-14 13:28:23','梅州市','402881882ba8753a012ba9342b210124,402881882ba8753a012ba935e5e10130','402881882ba8753a012ba9342b210124');
INSERT INTO `area` VALUES ('402881882ba8753a012ba93609960131','2010-10-14 13:28:32','2010-10-14 13:28:32','汕尾市','402881882ba8753a012ba9342b210124,402881882ba8753a012ba93609960131','402881882ba8753a012ba9342b210124');
INSERT INTO `area` VALUES ('402881882ba8753a012ba93638c40132','2010-10-14 13:28:44','2010-10-14 13:28:44','河源市','402881882ba8753a012ba9342b210124,402881882ba8753a012ba93638c40132','402881882ba8753a012ba9342b210124');
INSERT INTO `area` VALUES ('402881882ba8753a012ba936593c0133','2010-10-14 13:28:52','2010-10-14 13:28:52','阳江市','402881882ba8753a012ba9342b210124,402881882ba8753a012ba936593c0133','402881882ba8753a012ba9342b210124');
INSERT INTO `area` VALUES ('402881882ba8753a012ba9367d9d0134','2010-10-14 13:29:02','2010-10-14 13:29:02','清远市','402881882ba8753a012ba9342b210124,402881882ba8753a012ba9367d9d0134','402881882ba8753a012ba9342b210124');
INSERT INTO `area` VALUES ('402881882ba8753a012ba9369b760135','2010-10-14 13:29:09','2010-10-14 13:29:09','东莞市','402881882ba8753a012ba9342b210124,402881882ba8753a012ba9369b760135','402881882ba8753a012ba9342b210124');
INSERT INTO `area` VALUES ('402881882ba8753a012ba936c5350136','2010-10-14 13:29:20','2010-10-14 13:29:20','中山市','402881882ba8753a012ba9342b210124,402881882ba8753a012ba936c5350136','402881882ba8753a012ba9342b210124');
INSERT INTO `area` VALUES ('402881882ba8753a012ba936eb0d0137','2010-10-14 13:29:30','2010-10-14 13:29:30','潮州市','402881882ba8753a012ba9342b210124,402881882ba8753a012ba936eb0d0137','402881882ba8753a012ba9342b210124');
INSERT INTO `area` VALUES ('402881882ba8753a012ba93716720138','2010-10-14 13:29:41','2010-10-14 13:29:41','揭阳市','402881882ba8753a012ba9342b210124,402881882ba8753a012ba93716720138','402881882ba8753a012ba9342b210124');
INSERT INTO `area` VALUES ('402881882ba8753a012ba93738ee0139','2010-10-14 13:29:50','2010-10-14 13:29:50','云浮市','402881882ba8753a012ba9342b210124,402881882ba8753a012ba93738ee0139','402881882ba8753a012ba9342b210124');
INSERT INTO `area` VALUES ('402881882ba8753a012ba9376770013a','2010-10-14 13:30:01','2010-10-14 13:30:01','广西壮族自治区','402881882ba8753a012ba9376770013a',NULL);
INSERT INTO `area` VALUES ('402881882ba8753a012ba9379c4c013b','2010-10-14 13:30:15','2010-10-14 13:30:15','南宁市','402881882ba8753a012ba9376770013a,402881882ba8753a012ba9379c4c013b','402881882ba8753a012ba9376770013a');
INSERT INTO `area` VALUES ('402881882ba8753a012ba937bf06013c','2010-10-14 13:30:24','2010-10-14 13:30:24','柳州市','402881882ba8753a012ba9376770013a,402881882ba8753a012ba937bf06013c','402881882ba8753a012ba9376770013a');
INSERT INTO `area` VALUES ('402881882ba8753a012ba937e192013d','2010-10-14 13:30:33','2010-10-14 13:30:33','桂林市','402881882ba8753a012ba9376770013a,402881882ba8753a012ba937e192013d','402881882ba8753a012ba9376770013a');
INSERT INTO `area` VALUES ('402881882ba8753a012ba9380789013e','2010-10-14 13:30:42','2010-10-14 13:30:42','梧州市','402881882ba8753a012ba9376770013a,402881882ba8753a012ba9380789013e','402881882ba8753a012ba9376770013a');
INSERT INTO `area` VALUES ('402881882ba8753a012ba93827f2013f','2010-10-14 13:30:51','2010-10-14 13:30:51','北海市','402881882ba8753a012ba9376770013a,402881882ba8753a012ba93827f2013f','402881882ba8753a012ba9376770013a');
INSERT INTO `area` VALUES ('402881882ba8753a012ba93851150140','2010-10-14 13:31:01','2010-10-14 13:31:01','防城港市','402881882ba8753a012ba9376770013a,402881882ba8753a012ba93851150140','402881882ba8753a012ba9376770013a');
INSERT INTO `area` VALUES ('402881882ba8753a012ba93872490141','2010-10-14 13:31:10','2010-10-14 13:31:10','钦州市','402881882ba8753a012ba9376770013a,402881882ba8753a012ba93872490141','402881882ba8753a012ba9376770013a');
INSERT INTO `area` VALUES ('402881882ba8753a012ba93899780142','2010-10-14 13:31:20','2010-10-14 13:31:20','贵港市','402881882ba8753a012ba9376770013a,402881882ba8753a012ba93899780142','402881882ba8753a012ba9376770013a');
INSERT INTO `area` VALUES ('402881882ba8753a012ba938badb0143','2010-10-14 13:31:28','2010-10-14 13:31:28','玉林市','402881882ba8753a012ba9376770013a,402881882ba8753a012ba938badb0143','402881882ba8753a012ba9376770013a');
INSERT INTO `area` VALUES ('402881882ba8753a012ba938db820144','2010-10-14 13:31:37','2010-10-14 13:31:37','百色市','402881882ba8753a012ba9376770013a,402881882ba8753a012ba938db820144','402881882ba8753a012ba9376770013a');
INSERT INTO `area` VALUES ('402881882ba8753a012ba938fd530145','2010-10-14 13:31:45','2010-10-14 13:31:45','贺州市','402881882ba8753a012ba9376770013a,402881882ba8753a012ba938fd530145','402881882ba8753a012ba9376770013a');
INSERT INTO `area` VALUES ('402881882ba8753a012ba93921360146','2010-10-14 13:31:55','2010-10-14 13:31:55','河池市','402881882ba8753a012ba9376770013a,402881882ba8753a012ba93921360146','402881882ba8753a012ba9376770013a');
INSERT INTO `area` VALUES ('402881882ba8753a012ba93943d10147','2010-10-14 13:32:03','2010-10-14 13:32:03','来宾市','402881882ba8753a012ba9376770013a,402881882ba8753a012ba93943d10147','402881882ba8753a012ba9376770013a');
INSERT INTO `area` VALUES ('402881882ba8753a012ba93965c10148','2010-10-14 13:32:12','2010-10-14 13:32:12','崇左市','402881882ba8753a012ba9376770013a,402881882ba8753a012ba93965c10148','402881882ba8753a012ba9376770013a');
INSERT INTO `area` VALUES ('402881882ba8753a012ba939ac010149','2010-10-14 13:32:30','2010-10-14 13:32:30','海南省','402881882ba8753a012ba939ac010149',NULL);
INSERT INTO `area` VALUES ('402881882ba8753a012ba939da07014a','2010-10-14 13:32:42','2010-10-14 13:32:42','海口市','402881882ba8753a012ba939ac010149,402881882ba8753a012ba939da07014a','402881882ba8753a012ba939ac010149');
INSERT INTO `area` VALUES ('402881882ba8753a012ba939f8ca014b','2010-10-14 13:32:50','2010-10-14 13:32:50','三亚市','402881882ba8753a012ba939ac010149,402881882ba8753a012ba939f8ca014b','402881882ba8753a012ba939ac010149');
INSERT INTO `area` VALUES ('402881882ba8753a012ba93a6743014c','2010-10-14 13:33:18','2010-10-14 13:33:18','重庆市','402881882ba8753a012ba93a6743014c',NULL);
INSERT INTO `area` VALUES ('402881882ba8753a012ba93b13fe014d','2010-10-14 13:34:02','2010-10-14 13:34:02','万州区','402881882ba8753a012ba93a6743014c,402881882ba8753a012ba93b13fe014d','402881882ba8753a012ba93a6743014c');
INSERT INTO `area` VALUES ('402881882ba8753a012ba93b34d4014e','2010-10-14 13:34:11','2010-10-14 13:34:11','涪陵区','402881882ba8753a012ba93a6743014c,402881882ba8753a012ba93b34d4014e','402881882ba8753a012ba93a6743014c');
INSERT INTO `area` VALUES ('402881882ba8753a012ba93b5898014f','2010-10-14 13:34:20','2010-10-14 13:34:20','渝中区','402881882ba8753a012ba93a6743014c,402881882ba8753a012ba93b5898014f','402881882ba8753a012ba93a6743014c');
INSERT INTO `area` VALUES ('402881882ba8753a012ba93b7a970150','2010-10-14 13:34:29','2010-10-14 13:34:29','大渡口区','402881882ba8753a012ba93a6743014c,402881882ba8753a012ba93b7a970150','402881882ba8753a012ba93a6743014c');
INSERT INTO `area` VALUES ('402881882ba8753a012ba93b9a930151','2010-10-14 13:34:37','2010-10-14 13:34:37','江北区','402881882ba8753a012ba93a6743014c,402881882ba8753a012ba93b9a930151','402881882ba8753a012ba93a6743014c');
INSERT INTO `area` VALUES ('402881882ba8753a012ba93bbb980152','2010-10-14 13:34:45','2010-10-14 13:34:45','沙坪坝区','402881882ba8753a012ba93a6743014c,402881882ba8753a012ba93bbb980152','402881882ba8753a012ba93a6743014c');
INSERT INTO `area` VALUES ('402881882ba8753a012ba93bdab90153','2010-10-14 13:34:53','2010-10-14 13:34:53','九龙坡区','402881882ba8753a012ba93a6743014c,402881882ba8753a012ba93bdab90153','402881882ba8753a012ba93a6743014c');
INSERT INTO `area` VALUES ('402881882ba8753a012ba93bfd150154','2010-10-14 13:35:02','2010-10-14 13:35:02','南岸区','402881882ba8753a012ba93a6743014c,402881882ba8753a012ba93bfd150154','402881882ba8753a012ba93a6743014c');
INSERT INTO `area` VALUES ('402881882ba8753a012ba93c1b4c0155','2010-10-14 13:35:10','2010-10-14 13:35:10','北碚区','402881882ba8753a012ba93a6743014c,402881882ba8753a012ba93c1b4c0155','402881882ba8753a012ba93a6743014c');
INSERT INTO `area` VALUES ('402881882ba8753a012ba93c3c800156','2010-10-14 13:35:18','2010-10-14 13:35:18','万盛区','402881882ba8753a012ba93a6743014c,402881882ba8753a012ba93c3c800156','402881882ba8753a012ba93a6743014c');
INSERT INTO `area` VALUES ('402881882ba8753a012ba93c5a970157','2010-10-14 13:35:26','2010-10-14 13:35:26','双桥区','402881882ba8753a012ba93a6743014c,402881882ba8753a012ba93c5a970157','402881882ba8753a012ba93a6743014c');
INSERT INTO `area` VALUES ('402881882ba8753a012ba93c793b0158','2010-10-14 13:35:34','2010-10-14 13:35:34','渝北区','402881882ba8753a012ba93a6743014c,402881882ba8753a012ba93c793b0158','402881882ba8753a012ba93a6743014c');
INSERT INTO `area` VALUES ('402881882ba8753a012ba93c93790159','2010-10-14 13:35:40','2010-10-14 13:35:40','巴南区','402881882ba8753a012ba93a6743014c,402881882ba8753a012ba93c93790159','402881882ba8753a012ba93a6743014c');
INSERT INTO `area` VALUES ('402881882ba8753a012ba93cacaf015a','2010-10-14 13:35:47','2010-10-14 13:35:47','黔江区','402881882ba8753a012ba93a6743014c,402881882ba8753a012ba93cacaf015a','402881882ba8753a012ba93a6743014c');
INSERT INTO `area` VALUES ('402881882ba8753a012ba93cbc7d015b','2010-10-14 13:35:51','2010-10-14 13:35:51','长寿区','402881882ba8753a012ba93a6743014c,402881882ba8753a012ba93cbc7d015b','402881882ba8753a012ba93a6743014c');
INSERT INTO `area` VALUES ('402881882ba8753a012ba93d1d3b015c','2010-10-14 13:36:16','2010-10-14 13:36:16','江津市','402881882ba8753a012ba93a6743014c,402881882ba8753a012ba93d1d3b015c','402881882ba8753a012ba93a6743014c');
INSERT INTO `area` VALUES ('402881882ba8753a012ba93d3a0a015d','2010-10-14 13:36:23','2010-10-14 13:36:23','合川市','402881882ba8753a012ba93a6743014c,402881882ba8753a012ba93d3a0a015d','402881882ba8753a012ba93a6743014c');
INSERT INTO `area` VALUES ('402881882ba8753a012ba93d53ad015e','2010-10-14 13:36:30','2010-10-14 13:36:30','永川市','402881882ba8753a012ba93a6743014c,402881882ba8753a012ba93d53ad015e','402881882ba8753a012ba93a6743014c');
INSERT INTO `area` VALUES ('402881882ba8753a012ba93d6689015f','2010-10-14 13:36:34','2010-10-14 13:36:34','南川市','402881882ba8753a012ba93a6743014c,402881882ba8753a012ba93d6689015f','402881882ba8753a012ba93a6743014c');
INSERT INTO `area` VALUES ('402881882ba8753a012ba93d95780160','2010-10-14 13:36:46','2010-10-14 13:36:46','四川省','402881882ba8753a012ba93d95780160',NULL);
INSERT INTO `area` VALUES ('402881882ba8753a012ba93dc8110161','2010-10-14 13:36:59','2010-10-14 13:36:59','成都市','402881882ba8753a012ba93d95780160,402881882ba8753a012ba93dc8110161','402881882ba8753a012ba93d95780160');
INSERT INTO `area` VALUES ('402881882ba8753a012ba93df0d70162','2010-10-14 13:37:10','2010-10-14 13:37:10','自贡市','402881882ba8753a012ba93d95780160,402881882ba8753a012ba93df0d70162','402881882ba8753a012ba93d95780160');
INSERT INTO `area` VALUES ('402881882ba8753a012ba93e12980163','2010-10-14 13:37:19','2010-10-14 13:37:19','攀枝花市','402881882ba8753a012ba93d95780160,402881882ba8753a012ba93e12980163','402881882ba8753a012ba93d95780160');
INSERT INTO `area` VALUES ('402881882ba8753a012ba93e30ce0164','2010-10-14 13:37:26','2010-10-14 13:37:26','泸州市','402881882ba8753a012ba93d95780160,402881882ba8753a012ba93e30ce0164','402881882ba8753a012ba93d95780160');
INSERT INTO `area` VALUES ('402881882ba8753a012ba93e54a20165','2010-10-14 13:37:35','2010-10-14 13:37:35','德阳市','402881882ba8753a012ba93d95780160,402881882ba8753a012ba93e54a20165','402881882ba8753a012ba93d95780160');
INSERT INTO `area` VALUES ('402881882ba8753a012ba93e83820166','2010-10-14 13:37:47','2010-10-14 13:37:47','绵阳市','402881882ba8753a012ba93d95780160,402881882ba8753a012ba93e83820166','402881882ba8753a012ba93d95780160');
INSERT INTO `area` VALUES ('402881882ba8753a012ba93ea6d90167','2010-10-14 13:37:56','2010-10-14 13:37:56','广元市','402881882ba8753a012ba93d95780160,402881882ba8753a012ba93ea6d90167','402881882ba8753a012ba93d95780160');
INSERT INTO `area` VALUES ('402881882ba8753a012ba93ecaad0168','2010-10-14 13:38:06','2010-10-14 13:38:06','遂宁市','402881882ba8753a012ba93d95780160,402881882ba8753a012ba93ecaad0168','402881882ba8753a012ba93d95780160');
INSERT INTO `area` VALUES ('402881882ba8753a012ba93eeab80169','2010-10-14 13:38:14','2010-10-14 13:38:14','内江市','402881882ba8753a012ba93d95780160,402881882ba8753a012ba93eeab80169','402881882ba8753a012ba93d95780160');
INSERT INTO `area` VALUES ('402881882ba8753a012ba93f0c69016a','2010-10-14 13:38:22','2010-10-14 13:38:22','乐山市','402881882ba8753a012ba93d95780160,402881882ba8753a012ba93f0c69016a','402881882ba8753a012ba93d95780160');
INSERT INTO `area` VALUES ('402881882ba8753a012ba93f2d6e016b','2010-10-14 13:38:31','2010-10-14 13:38:31','南充市','402881882ba8753a012ba93d95780160,402881882ba8753a012ba93f2d6e016b','402881882ba8753a012ba93d95780160');
INSERT INTO `area` VALUES ('402881882ba8753a012ba93f551a016c','2010-10-14 13:38:41','2010-10-14 13:38:41','眉山市','402881882ba8753a012ba93d95780160,402881882ba8753a012ba93f551a016c','402881882ba8753a012ba93d95780160');
INSERT INTO `area` VALUES ('402881882ba8753a012ba93f7cf5016d','2010-10-14 13:38:51','2010-10-14 13:38:51','宜宾市','402881882ba8753a012ba93d95780160,402881882ba8753a012ba93f7cf5016d','402881882ba8753a012ba93d95780160');
INSERT INTO `area` VALUES ('402881882ba8753a012ba93fec3a016e','2010-10-14 13:39:20','2010-10-14 13:39:20','广安市','402881882ba8753a012ba93d95780160,402881882ba8753a012ba93fec3a016e','402881882ba8753a012ba93d95780160');
INSERT INTO `area` VALUES ('402881882ba8753a012ba94017ed016f','2010-10-14 13:39:31','2010-10-14 13:39:31','达州市','402881882ba8753a012ba93d95780160,402881882ba8753a012ba94017ed016f','402881882ba8753a012ba93d95780160');
INSERT INTO `area` VALUES ('402881882ba8753a012ba94044e90170','2010-10-14 13:39:42','2010-10-14 13:39:42','雅安市','402881882ba8753a012ba93d95780160,402881882ba8753a012ba94044e90170','402881882ba8753a012ba93d95780160');
INSERT INTO `area` VALUES ('402881882ba8753a012ba94072810171','2010-10-14 13:39:54','2010-10-14 13:39:54','巴中市','402881882ba8753a012ba93d95780160,402881882ba8753a012ba94072810171','402881882ba8753a012ba93d95780160');
INSERT INTO `area` VALUES ('402881882ba8753a012ba94098d50172','2010-10-14 13:40:04','2010-10-14 13:40:04','资阳市','402881882ba8753a012ba93d95780160,402881882ba8753a012ba94098d50172','402881882ba8753a012ba93d95780160');
INSERT INTO `area` VALUES ('402881882ba8753a012ba940dad00173','2010-10-14 13:40:21','2010-10-14 13:40:21','贵州省','402881882ba8753a012ba940dad00173',NULL);
INSERT INTO `area` VALUES ('402881882ba8753a012ba9410a9a0174','2010-10-14 13:40:33','2010-10-14 13:40:33','贵阳市','402881882ba8753a012ba940dad00173,402881882ba8753a012ba9410a9a0174','402881882ba8753a012ba940dad00173');
INSERT INTO `area` VALUES ('402881882ba8753a012ba94135f00175','2010-10-14 13:40:44','2010-10-14 13:40:44','六盘水市','402881882ba8753a012ba940dad00173,402881882ba8753a012ba94135f00175','402881882ba8753a012ba940dad00173');
INSERT INTO `area` VALUES ('402881882ba8753a012ba94157240176','2010-10-14 13:40:53','2010-10-14 13:40:53','遵义市','402881882ba8753a012ba940dad00173,402881882ba8753a012ba94157240176','402881882ba8753a012ba940dad00173');
INSERT INTO `area` VALUES ('402881882ba8753a012ba9418ece0177','2010-10-14 13:41:07','2010-10-14 13:41:07','安顺市','402881882ba8753a012ba940dad00173,402881882ba8753a012ba9418ece0177','402881882ba8753a012ba940dad00173');
INSERT INTO `area` VALUES ('402881882ba8753a012ba941c0ea0178','2010-10-14 13:41:20','2010-10-14 13:41:20','铜仁地区','402881882ba8753a012ba940dad00173,402881882ba8753a012ba941c0ea0178','402881882ba8753a012ba940dad00173');
INSERT INTO `area` VALUES ('402881882ba8753a012ba942a5200179','2010-10-14 13:42:18','2010-10-14 13:42:18','毕节地区','402881882ba8753a012ba940dad00173,402881882ba8753a012ba942a5200179','402881882ba8753a012ba940dad00173');
INSERT INTO `area` VALUES ('402881882ba8753a012ba942d1dd017a','2010-10-14 13:42:30','2010-10-14 13:42:30','云南省','402881882ba8753a012ba942d1dd017a',NULL);
INSERT INTO `area` VALUES ('402881882ba8753a012ba9430c46017b','2010-10-14 13:42:45','2010-10-14 13:42:45','昆明市','402881882ba8753a012ba942d1dd017a,402881882ba8753a012ba9430c46017b','402881882ba8753a012ba942d1dd017a');
INSERT INTO `area` VALUES ('402881882ba8753a012ba943446d017c','2010-10-14 13:42:59','2010-10-14 13:42:59','曲靖市','402881882ba8753a012ba942d1dd017a,402881882ba8753a012ba943446d017c','402881882ba8753a012ba942d1dd017a');
INSERT INTO `area` VALUES ('402881882ba8753a012ba9435797017d','2010-10-14 13:43:04','2010-10-14 13:43:04','玉溪市','402881882ba8753a012ba942d1dd017a,402881882ba8753a012ba9435797017d','402881882ba8753a012ba942d1dd017a');
INSERT INTO `area` VALUES ('402881882ba8753a012ba9438109017e','2010-10-14 13:43:14','2010-10-14 13:43:14','保山市','402881882ba8753a012ba942d1dd017a,402881882ba8753a012ba9438109017e','402881882ba8753a012ba942d1dd017a');
INSERT INTO `area` VALUES ('402881882ba8753a012ba943a0b6017f','2010-10-14 13:43:23','2010-10-14 13:43:23','昭通市','402881882ba8753a012ba942d1dd017a,402881882ba8753a012ba943a0b6017f','402881882ba8753a012ba942d1dd017a');
INSERT INTO `area` VALUES ('402881882ba8753a012ba943c5070180','2010-10-14 13:43:32','2010-10-14 13:43:32','丽江市','402881882ba8753a012ba942d1dd017a,402881882ba8753a012ba943c5070180','402881882ba8753a012ba942d1dd017a');
INSERT INTO `area` VALUES ('402881882ba8753a012ba943e39b0181','2010-10-14 13:43:40','2010-10-14 13:43:40','思茅市','402881882ba8753a012ba942d1dd017a,402881882ba8753a012ba943e39b0181','402881882ba8753a012ba942d1dd017a');
INSERT INTO `area` VALUES ('402881882ba8753a012ba94406360182','2010-10-14 13:43:49','2010-10-14 13:43:49','临沧市','402881882ba8753a012ba942d1dd017a,402881882ba8753a012ba94406360182','402881882ba8753a012ba942d1dd017a');
INSERT INTO `area` VALUES ('402881882ba8753a012ba94474040183','2010-10-14 13:44:17','2010-10-14 13:44:17','西藏自治区','402881882ba8753a012ba94474040183',NULL);
INSERT INTO `area` VALUES ('402881882ba8753a012ba9449a490184','2010-10-14 13:44:26','2010-10-14 13:44:26','拉萨市','402881882ba8753a012ba94474040183,402881882ba8753a012ba9449a490184','402881882ba8753a012ba94474040183');
INSERT INTO `area` VALUES ('402881882ba8753a012ba944b7180185','2010-10-14 13:44:34','2010-10-14 13:44:34','昌都地区','402881882ba8753a012ba94474040183,402881882ba8753a012ba944b7180185','402881882ba8753a012ba94474040183');
INSERT INTO `area` VALUES ('402881882ba8753a012ba944ea9b0186','2010-10-14 13:44:47','2010-10-14 13:44:47','山南地区','402881882ba8753a012ba94474040183,402881882ba8753a012ba944ea9b0186','402881882ba8753a012ba94474040183');
INSERT INTO `area` VALUES ('402881882ba8753a012ba94510440187','2010-10-14 13:44:57','2010-10-14 13:44:57','日喀则地区','402881882ba8753a012ba94474040183,402881882ba8753a012ba94510440187','402881882ba8753a012ba94474040183');
INSERT INTO `area` VALUES ('402881882ba8753a012ba94535210188','2010-10-14 13:45:06','2010-10-14 13:45:06','那曲地区','402881882ba8753a012ba94474040183,402881882ba8753a012ba94535210188','402881882ba8753a012ba94474040183');
INSERT INTO `area` VALUES ('402881882ba8753a012ba94554130189','2010-10-14 13:45:14','2010-10-14 13:45:14','阿里地区','402881882ba8753a012ba94474040183,402881882ba8753a012ba94554130189','402881882ba8753a012ba94474040183');
INSERT INTO `area` VALUES ('402881882ba8753a012ba945741e018a','2010-10-14 13:45:22','2010-10-14 13:45:22','林芝地区','402881882ba8753a012ba94474040183,402881882ba8753a012ba945741e018a','402881882ba8753a012ba94474040183');
INSERT INTO `area` VALUES ('402881882ba8753a012ba945a63a018b','2010-10-14 13:45:35','2010-10-14 13:45:35','陕西省','402881882ba8753a012ba945a63a018b',NULL);
INSERT INTO `area` VALUES ('402881882ba8753a012ba945dc2f018c','2010-10-14 13:45:49','2010-10-14 13:45:49','西安市','402881882ba8753a012ba945a63a018b,402881882ba8753a012ba945dc2f018c','402881882ba8753a012ba945a63a018b');
INSERT INTO `area` VALUES ('402881882ba8753a012ba945fb7f018d','2010-10-14 13:45:57','2010-10-14 13:45:57','铜川市','402881882ba8753a012ba945a63a018b,402881882ba8753a012ba945fb7f018d','402881882ba8753a012ba945a63a018b');
INSERT INTO `area` VALUES ('402881882ba8753a012ba9461a80018e','2010-10-14 13:46:05','2010-10-14 13:46:05','宝鸡市','402881882ba8753a012ba945a63a018b,402881882ba8753a012ba9461a80018e','402881882ba8753a012ba945a63a018b');
INSERT INTO `area` VALUES ('402881882ba8753a012ba9463674018f','2010-10-14 13:46:12','2010-10-14 13:46:12','咸阳市','402881882ba8753a012ba945a63a018b,402881882ba8753a012ba9463674018f','402881882ba8753a012ba945a63a018b');
INSERT INTO `area` VALUES ('402881882ba8753a012ba94653240190','2010-10-14 13:46:19','2010-10-14 13:46:19','渭南市','402881882ba8753a012ba945a63a018b,402881882ba8753a012ba94653240190','402881882ba8753a012ba945a63a018b');
INSERT INTO `area` VALUES ('402881882ba8753a012ba9466f760191','2010-10-14 13:46:27','2010-10-14 13:46:27','延安市','402881882ba8753a012ba945a63a018b,402881882ba8753a012ba9466f760191','402881882ba8753a012ba945a63a018b');
INSERT INTO `area` VALUES ('402881882ba8753a012ba9468dbc0192','2010-10-14 13:46:34','2010-10-14 13:46:34','汉中市','402881882ba8753a012ba945a63a018b,402881882ba8753a012ba9468dbc0192','402881882ba8753a012ba945a63a018b');
INSERT INTO `area` VALUES ('402881882ba8753a012ba946a6f10193','2010-10-14 13:46:41','2010-10-14 13:46:41','榆林市','402881882ba8753a012ba945a63a018b,402881882ba8753a012ba946a6f10193','402881882ba8753a012ba945a63a018b');
INSERT INTO `area` VALUES ('402881882ba8753a012ba946c48b0194','2010-10-14 13:46:48','2010-10-14 13:46:48','安康市','402881882ba8753a012ba945a63a018b,402881882ba8753a012ba946c48b0194','402881882ba8753a012ba945a63a018b');
INSERT INTO `area` VALUES ('402881882ba8753a012ba946de8c0195','2010-10-14 13:46:55','2010-10-14 13:46:55','商洛市','402881882ba8753a012ba945a63a018b,402881882ba8753a012ba946de8c0195','402881882ba8753a012ba945a63a018b');
INSERT INTO `area` VALUES ('402881882ba8753a012ba94704c10196','2010-10-14 13:47:05','2010-10-14 13:47:05','甘肃省','402881882ba8753a012ba94704c10196',NULL);
INSERT INTO `area` VALUES ('402881882ba8753a012ba94731dc0197','2010-10-14 13:47:16','2010-10-14 13:47:16','兰州市','402881882ba8753a012ba94704c10196,402881882ba8753a012ba94731dc0197','402881882ba8753a012ba94704c10196');
INSERT INTO `area` VALUES ('402881882ba8753a012ba9475b2e0198','2010-10-14 13:47:27','2010-10-14 13:47:27','嘉峪关市','402881882ba8753a012ba94704c10196,402881882ba8753a012ba9475b2e0198','402881882ba8753a012ba94704c10196');
INSERT INTO `area` VALUES ('402881882ba8753a012ba94777fd0199','2010-10-14 13:47:34','2010-10-14 13:47:34','金昌市','402881882ba8753a012ba94704c10196,402881882ba8753a012ba94777fd0199','402881882ba8753a012ba94704c10196');
INSERT INTO `area` VALUES ('402881882ba8753a012ba947b94c019a','2010-10-14 13:47:51','2010-10-14 13:47:51','白银市','402881882ba8753a012ba94704c10196,402881882ba8753a012ba947b94c019a','402881882ba8753a012ba94704c10196');
INSERT INTO `area` VALUES ('402881882ba8753a012ba947deb6019b','2010-10-14 13:48:01','2010-10-14 13:48:01','天水市','402881882ba8753a012ba94704c10196,402881882ba8753a012ba947deb6019b','402881882ba8753a012ba94704c10196');
INSERT INTO `area` VALUES ('402881882ba8753a012ba947fc8e019c','2010-10-14 13:48:08','2010-10-14 13:48:08','武威市','402881882ba8753a012ba94704c10196,402881882ba8753a012ba947fc8e019c','402881882ba8753a012ba94704c10196');
INSERT INTO `area` VALUES ('402881882ba8753a012ba9481825019d','2010-10-14 13:48:15','2010-10-14 13:48:15','张掖市','402881882ba8753a012ba94704c10196,402881882ba8753a012ba9481825019d','402881882ba8753a012ba94704c10196');
INSERT INTO `area` VALUES ('402881882ba8753a012ba9483726019e','2010-10-14 13:48:23','2010-10-14 13:48:23','平凉市','402881882ba8753a012ba94704c10196,402881882ba8753a012ba9483726019e','402881882ba8753a012ba94704c10196');
INSERT INTO `area` VALUES ('402881882ba8753a012ba94852ad019f','2010-10-14 13:48:30','2010-10-14 13:48:30','酒泉市','402881882ba8753a012ba94704c10196,402881882ba8753a012ba94852ad019f','402881882ba8753a012ba94704c10196');
INSERT INTO `area` VALUES ('402881882ba8753a012ba94872c801a0','2010-10-14 13:48:38','2010-10-14 13:48:38','庆阳市','402881882ba8753a012ba94704c10196,402881882ba8753a012ba94872c801a0','402881882ba8753a012ba94704c10196');
INSERT INTO `area` VALUES ('402881882ba8753a012ba9488fc601a1','2010-10-14 13:48:46','2010-10-14 13:48:46','定西市','402881882ba8753a012ba94704c10196,402881882ba8753a012ba9488fc601a1','402881882ba8753a012ba94704c10196');
INSERT INTO `area` VALUES ('402881882ba8753a012ba948ba7f01a2','2010-10-14 13:48:57','2010-10-14 13:48:57','陇南市','402881882ba8753a012ba94704c10196,402881882ba8753a012ba948ba7f01a2','402881882ba8753a012ba94704c10196');
INSERT INTO `area` VALUES ('402881882ba8753a012ba948f8ff01a3','2010-10-14 13:49:13','2010-10-14 13:49:13','临夏回族自治州','402881882ba8753a012ba94704c10196,402881882ba8753a012ba948f8ff01a3','402881882ba8753a012ba94704c10196');
INSERT INTO `area` VALUES ('402881882ba8753a012ba949336801a4','2010-10-14 13:49:28','2010-10-14 13:49:28','青海省','402881882ba8753a012ba949336801a4',NULL);
INSERT INTO `area` VALUES ('402881882ba8753a012ba9495b0501a5','2010-10-14 13:49:38','2010-10-14 13:49:38','西宁市','402881882ba8753a012ba949336801a4,402881882ba8753a012ba9495b0501a5','402881882ba8753a012ba949336801a4');
INSERT INTO `area` VALUES ('402881882ba8753a012ba94980ae01a6','2010-10-14 13:49:48','2010-10-14 13:49:48','海东地区','402881882ba8753a012ba949336801a4,402881882ba8753a012ba94980ae01a6','402881882ba8753a012ba949336801a4');
INSERT INTO `area` VALUES ('402881882ba8753a012ba949c59601a7','2010-10-14 13:50:05','2010-10-14 13:50:05','海北藏族自治州','402881882ba8753a012ba949336801a4,402881882ba8753a012ba949c59601a7','402881882ba8753a012ba949336801a4');
INSERT INTO `area` VALUES ('402881882ba8753a012ba949e5c101a8','2010-10-14 13:50:13','2010-10-14 13:50:13','黄南藏族自治州','402881882ba8753a012ba949336801a4,402881882ba8753a012ba949e5c101a8','402881882ba8753a012ba949336801a4');
INSERT INTO `area` VALUES ('402881882ba8753a012ba94a097501a9','2010-10-14 13:50:23','2010-10-14 13:50:23','海南藏族自治州','402881882ba8753a012ba949336801a4,402881882ba8753a012ba94a097501a9','402881882ba8753a012ba949336801a4');
INSERT INTO `area` VALUES ('402881882ba8753a012ba94a2df501aa','2010-10-14 13:50:32','2010-10-14 13:50:32','果洛藏族自治州','402881882ba8753a012ba949336801a4,402881882ba8753a012ba94a2df501aa','402881882ba8753a012ba949336801a4');
INSERT INTO `area` VALUES ('402881882ba8753a012ba94a52b301ab','2010-10-14 13:50:41','2010-10-14 13:50:41','玉树藏族自治州','402881882ba8753a012ba949336801a4,402881882ba8753a012ba94a52b301ab','402881882ba8753a012ba949336801a4');
INSERT INTO `area` VALUES ('402881882ba8753a012ba94a847201ac','2010-10-14 13:50:54','2010-10-14 13:50:54','宁夏回族自治区','402881882ba8753a012ba94a847201ac',NULL);
INSERT INTO `area` VALUES ('402881882ba8753a012ba94aaf2b01ad','2010-10-14 13:51:05','2010-10-14 13:51:05','银川市','402881882ba8753a012ba94a847201ac,402881882ba8753a012ba94aaf2b01ad','402881882ba8753a012ba94a847201ac');
INSERT INTO `area` VALUES ('402881882ba8753a012ba94ad22401ae','2010-10-14 13:51:14','2010-10-14 13:51:14','石嘴山市','402881882ba8753a012ba94a847201ac,402881882ba8753a012ba94ad22401ae','402881882ba8753a012ba94a847201ac');
INSERT INTO `area` VALUES ('402881882ba8753a012ba94af62701af','2010-10-14 13:51:23','2010-10-14 13:51:23','吴忠市','402881882ba8753a012ba94a847201ac,402881882ba8753a012ba94af62701af','402881882ba8753a012ba94a847201ac');
INSERT INTO `area` VALUES ('402881882ba8753a012ba94b13c101b0','2010-10-14 13:51:31','2010-10-14 13:51:31','固原市','402881882ba8753a012ba94a847201ac,402881882ba8753a012ba94b13c101b0','402881882ba8753a012ba94a847201ac');
INSERT INTO `area` VALUES ('402881882ba8753a012ba94b2f4801b1','2010-10-14 13:51:38','2010-10-14 13:51:38','中卫市','402881882ba8753a012ba94a847201ac,402881882ba8753a012ba94b2f4801b1','402881882ba8753a012ba94a847201ac');
INSERT INTO `area` VALUES ('402881882ba8753a012ba94b61c201b2','2010-10-14 13:51:51','2010-10-14 13:51:51','新疆维吾尔自治区','402881882ba8753a012ba94b61c201b2',NULL);
INSERT INTO `area` VALUES ('402881882ba8753a012ba94b8e5001b3','2010-10-14 13:52:02','2010-10-14 13:52:02','乌鲁木齐市','402881882ba8753a012ba94b61c201b2,402881882ba8753a012ba94b8e5001b3','402881882ba8753a012ba94b61c201b2');
INSERT INTO `area` VALUES ('402881882ba8753a012ba94bafb301b4','2010-10-14 13:52:11','2010-10-14 13:52:11','克拉玛依市','402881882ba8753a012ba94b61c201b2,402881882ba8753a012ba94bafb301b4','402881882ba8753a012ba94b61c201b2');
INSERT INTO `area` VALUES ('402881882ba8753a012ba94bced401b5','2010-10-14 13:52:19','2010-10-14 13:52:19','吐鲁番地区','402881882ba8753a012ba94b61c201b2,402881882ba8753a012ba94bced401b5','402881882ba8753a012ba94b61c201b2');
INSERT INTO `area` VALUES ('402881882ba8753a012ba94bf62201b6','2010-10-14 13:52:29','2010-10-14 13:52:29','哈密地区','402881882ba8753a012ba94b61c201b2,402881882ba8753a012ba94bf62201b6','402881882ba8753a012ba94b61c201b2');
INSERT INTO `area` VALUES ('402881882ba8753a012ba94c14b601b7','2010-10-14 13:52:37','2010-10-14 13:52:37','昌吉回族自治州','402881882ba8753a012ba94b61c201b2,402881882ba8753a012ba94c14b601b7','402881882ba8753a012ba94b61c201b2');
INSERT INTO `area` VALUES ('402881882ba8753a012ba94c3ffd01b8','2010-10-14 13:52:48','2010-10-14 13:52:48','博尔塔拉蒙古自治州','402881882ba8753a012ba94b61c201b2,402881882ba8753a012ba94c3ffd01b8','402881882ba8753a012ba94b61c201b2');
INSERT INTO `area` VALUES ('402881882ba8753a012ba94cfd4201b9','2010-10-14 13:53:36','2010-10-14 13:53:36','喀什地区','402881882ba8753a012ba94b61c201b2,402881882ba8753a012ba94cfd4201b9','402881882ba8753a012ba94b61c201b2');
INSERT INTO `area` VALUES ('402881882ba8753a012ba94d207901ba','2010-10-14 13:53:45','2010-10-14 13:53:45','和田地区','402881882ba8753a012ba94b61c201b2,402881882ba8753a012ba94d207901ba','402881882ba8753a012ba94b61c201b2');
INSERT INTO `area` VALUES ('402881882ba8753a012ba94d427801bb','2010-10-14 13:53:54','2010-10-14 13:53:54','伊犁哈萨克自治州','402881882ba8753a012ba94b61c201b2,402881882ba8753a012ba94d427801bb','402881882ba8753a012ba94b61c201b2');
INSERT INTO `area` VALUES ('402881882ba8753a012ba94d76b701bc','2010-10-14 13:54:07','2010-10-14 13:54:07','克孜勒苏柯尔克孜自治州','402881882ba8753a012ba94b61c201b2,402881882ba8753a012ba94d76b701bc','402881882ba8753a012ba94b61c201b2');
INSERT INTO `area` VALUES ('402881882ba8753a012ba94dc00501bd','2010-10-14 13:54:26','2010-10-14 13:54:26','台湾省','402881882ba8753a012ba94dc00501bd',NULL);
INSERT INTO `area` VALUES ('402881882ba8753a012ba94de66901be','2010-10-14 13:54:36','2010-10-14 13:54:36','香港特别行政区','402881882ba8753a012ba94de66901be',NULL);
INSERT INTO `area` VALUES ('402881882ba8753a012ba94e039601bf','2010-10-14 13:54:43','2010-10-14 13:54:43','澳门特别行政区','402881882ba8753a012ba94e039601bf',NULL);
UNLOCK TABLES;
CREATE TABLE `article` (
  `id` varchar(32) NOT NULL,
  `createDate` datetime default NULL,
  `modifyDate` datetime default NULL,
  `author` varchar(255) default NULL,
  `content` text NOT NULL,
  `hits` int(11) NOT NULL,
  `htmlFilePath` varchar(255) default NULL,
  `isPublication` bit(1) NOT NULL,
  `isRecommend` bit(1) NOT NULL,
  `isTop` bit(1) NOT NULL,
  `metaDescription` text,
  `metaKeywords` text,
  `pageCount` int(11) NOT NULL,
  `title` varchar(255) NOT NULL,
  `articleCategory_id` varchar(32) NOT NULL,
  PRIMARY KEY  (`id`),
  KEY `FK379164D65A9A516` (`articleCategory_id`)
) ENGINE=InnoDB DEFAULT CHARSET=utf8;
LOCK TABLES `article` WRITE;

INSERT INTO `article` VALUES ('402881862bee2228012bee26bc6b0001','2010-10-27 22:45:37','2010-10-28 10:47:19','','<p>邮局汇款<br />工行<br />账号：xxxxxxxx <br />收&nbsp; 款&nbsp; 人：xxxxxxxxxxxx有限公司 <br />农行 <br />账号：xxxxxxxx<br />收&nbsp; 款&nbsp; 人：xxxxxxxxxxxx有限公司 <br />支付宝<br />账号：xxxxxxxx <br />收&nbsp; 款&nbsp; 人：xxxxxxxxxxxx有限公司 <br />财付通<br />账号：xxxxxxxx <br />收&nbsp; 款&nbsp; 人：xxxxxxxxxxxxx有限公司</p>\r\n<p>邮局汇款说明：<br />1、邮局汇款是客户将订单金额通过邮局汇到商城的一种结算支付方式。<br />2、选择此方式支付货款的客户，请您在下单后尽快到邮局进行汇款，汇款完毕后，请务必进入订单信息页面填写汇款确认（3日内未填写付款确认的订单会被系统自动移除）。<br />3、货款到账时间一般为款汇出后的1-3个工作日内，收到货款后我司会尽快为您发货。 <br />汇款单填写范例：</p>\r\n<p><img src=\"http://image.shopxx.cn/upload/image/201010/e0802bde67e5487f94014b6e2b1865d2.jpg\" alt=\"\" /><br />&nbsp;<br />注意事项：<br />(1)请在汇款种类选择：商务汇款，并填写相应的商务账号； <br />(2)请在汇款单的&ldquo;附言&rdquo;处注明订单号和收货人姓名，以加快订单汇款确认速度； <br />(3)付款后请务必进入&ldquo;订单中心&rdquo;填写付款确认。</p>',2,'/html/article_content/201010/9028537042de4f8da39bf312ac43ba3b.html',b'1',b'1',b'1','','',1,'邮局汇款','402881882ba8455f012ba86aa5c60002');
INSERT INTO `article` VALUES ('402881862bee2228012bee29789d0002','2010-10-27 22:48:36','2010-10-28 10:47:15','','<p>网上支付<br />小贴示：您付款成功后务必及时通知我们，以便我们能及时为您发货。</p>\r\n<p><img src=\"http://image.shopxx.cn/upload/image/201010/46b2b73b2b9b42d6924641930962785d.png\" alt=\"\" /></p>\r\n<p>网上支付应注意如下事项：</p>\r\n<p>　　尽量避免在网吧等公共场所的计算机上使用网上支付。如必须在公共场所的计算机上使用，注意对输入的卡号、密码等信息的保护，支付完毕请及时清空浏览器及电脑上的记录。</p>\r\n<p>　　在使用图形密码键盘输入密码时，请注意周围环境，谨防被旁人窥视。</p>\r\n<p>　　在支付页面上，请注意核对地址栏中的交行域名和在激活时预留的核验信息，以防误入假冒网站。</p>\r\n<p>　　在激活网上支付时，推荐选用支付卡号。使用个性化的支付卡号，可有效避免网上支付过程中银行卡号的泄露。</p>\r\n<p>　　为信用卡开通网上支付功能时，请注意不要设置过于简单、易猜测的网上支付密码。</p>\r\n<p><br />&nbsp;</p>',11,'/html/article_content/201010/fd97e448663c4f5a8f033743328a8038.html',b'1',b'1',b'1','网上支付','网上支付',1,'网上支付','402881882ba8455f012ba86aa5c60002');
INSERT INTO `article` VALUES ('402881882ba8753a012ba883e8b20002','2010-10-14 10:13:58','2010-10-28 10:50:36','','<div>\r\n<table border=\"0\" cellspacing=\"0\" cellpadding=\"0\" width=\"700\">\r\n<tbody>\r\n<tr>\r\n<td>\r\n<p>&nbsp;</p>\r\n</td>\r\n</tr>\r\n<tr>\r\n<td>\r\n<div>\r\n<table border=\"0\" cellspacing=\"0\" cellpadding=\"0\" width=\"680\">\r\n<tbody>\r\n<tr>\r\n<td>\r\n<p>&nbsp;</p>\r\n</td>\r\n</tr>\r\n<tr>\r\n<td>\r\n<p>&nbsp;</p>\r\n</td>\r\n</tr>\r\n<tr>\r\n<td>\r\n<p><strong>一、挑选商品</strong><br /><br /><strong>二、放入购物车（立即购买）</strong><br /><br /><strong>三、提交订单（进入结算中心）</strong></p>\r\n<p>1、用户登录、注册<br />如果您未在商城注册登录过，可选择&ldquo;注册&rdquo;；<br />如果您已是商城注册会员，直接&ldquo;登录&rdquo;即可。<br />小贴士：注册只需花费您一分钟时间，并且注册用户享受更多优惠。<br />&nbsp;</p>\r\n<p>2、填写收货人信息<br />为了保证您的商品顺利送达目的地，请准确填写收货人的姓名、地址、邮编、电话等有效信息；<br />需要发票的用户，请在备注里注明发票台头，商城所开发票均为正规发票，所开金额均为订单的实际金额（不包括运费），当月订单请在当月补开发票，过期不受理，如有退换货需将发票一起寄回。<br />&nbsp;</p>\r\n<p>3、选择送货方式<br />根据您所在的地区填写送货方式。运费价格及范围请参见&ldquo;配送费用收取标准&rdquo;。<br />&nbsp;</p>\r\n<p>4、选择支付方式<br />我们提供的支付方式有：支付宝、财付通、货到付款，网上银行支付，邮局汇款和邮局网汇通汇款等。<br />&nbsp;</p>\r\n<p>5、确认订单，并提交<br />完成上述所有流程后，您可以点击&ldquo;确认无误 提交订单&rdquo;按钮，订单提交后页面会提示订单号，进入&ldquo;个人中心&rdquo;即可查询订单状态。</p>\r\n<p>&nbsp;</p>\r\n<p><strong>四、立即付款<br /></strong>订单提交成功后，请按照您所选择的付款方式立即支付；下单后，订单将保留三天，三天后若仍未付款将自动取消。</p>\r\n<p>&nbsp;</p>\r\n<p><strong>五、收货和评价<br /></strong>正常情况下，到货时间一般3-5天不等（除天气灾害等延误）。<br />收到货后，请对我们的商品进行评价哦！</p>\r\n</td>\r\n</tr>\r\n</tbody>\r\n</table>\r\n</div>\r\n</td>\r\n</tr>\r\n</tbody>\r\n</table>\r\n</div>',12,'/html/article_content/201010/9102600e47b7401b843ad3722e1e9b70.html',b'1',b'1',b'0','新手购物流程','购物,流程',1,'购物流程','402881882ba8455f012ba86db8560006');
INSERT INTO `article` VALUES ('402881882ba8753a012ba88eb79a0003','2010-10-14 10:25:46','2010-10-28 11:04:34','','<p>会员定期巡检制度</p>\r\n<p>一、目的 <br />为确保网站注册会员资料和会员发布信息的真实可靠性，特制定本制度。</p>\r\n<p>二、人员安排及巡检职责&nbsp;&nbsp; <br />1. 内容主管对整个平台负全责，巡检人员负责整个网站注册会员资料和会员发布信息的检查、审核、激活。网络信息安全管理小组负责管理各信息审核员，并对经信息审核员审核通过的内容进行监管。<br />2. 如巡检人员缺勤，则部门主管须及时安排其他人员巡检。节假日，须安排值班人员巡检会员信息。&nbsp; <br />3. 巡检周期为：当天全面检查，一周抽查一次，一月普查一次。</p>\r\n<p>三、巡检细则&nbsp;&nbsp; <br />1. 会员注册资料检查&nbsp; <br />1.1. 每天下班前全面检查当天注册的会员资料，如果发现注册资料中包含有害、虚假、诽谤或中伤他人的信息，马上予以删除。<br />1.2. 每周五对一周的注册信息进行抽查，每个月底对一个月的注册信息抽查一次，主要以搜索特定关键字为主。</p>\r\n<p>2. 会员在网站上发布的信息检查&nbsp; <br />2.1. 会员发布的企业和产品信息：<br />2.1.1. 巡检人员当天检查，审核通过后才在网站前台显示。<br />2.1.2. 审核没有通过，如果原因是不够完善，及时告知会员补充完整；如果信息本身包含有害、虚假、诽谤或中伤他人的内容，直接予以删除。<br />2.2. 会员发布的供求等商业信息：<br />2.2.1. 巡检人员根据信息发布的频率，定期检查，一般15分钟检查一次。&nbsp; <br />2.3. 检查到会员发布的信息本身包含有害、虚假、诽谤或中伤他人等内容，直接予以删除。</p>\r\n<p>3. 纠错举报处理&nbsp; <br />网站上设置纠错举报用联系方式，该联系人每天查收相关邮件或接听相关电话，及时处理用户反映的会员信息问题，仔细求证，及时回复。</p>\r\n<p>四、巡检要点 <br />1. 关键时段检查：每日上午开始上班30分钟内完成会员注册资料和会员发布信息的第一遍检查。下午离下班前30分钟左右开始最后一遍检查。</p>\r\n<p>2. 按频率检查：部门主管根据需要，设置巡检频率。巡检人员根据巡检频率对会员发布的信息进行检查与维护。</p>\r\n<p>3. 巡检内容：包括所有注册会员资料和会员在网站上发布的各种信息。删除有害信息、虚假、重发、滥发等信息。<br />3.1. 有害信息：网站发布的各类信息必须严格遵守《中华人民共和国计算机信息网络国际联网管理暂行规定》、《互联网信息服务管理办法》等有关国家政策、法规规定。会员不得编辑和传播下列信息：</p>\r\n<p>（一）反对宪法所确定的基本原则的；</p>\r\n<p>（二）危害国家安全，泄露国家秘密，颠覆国家政权，破坏国家统一的；</p>\r\n<p>（三）损害国家荣誉和利益的；</p>\r\n<p>（四）煽动民族仇恨、民族歧视，破坏民族团结的；</p>\r\n<p>（五）破坏国家宗教政策，宣扬邪教和封建迷信的；</p>\r\n<p>（六）散布谣言，扰乱社会秩序，破坏社会稳定的；</p>\r\n<p>（七）散布淫秽、色情、赌博、暴力、凶杀、恐怖或者教唆犯罪的；</p>\r\n<p>（八）侮辱或者诽谤他人，侵害他人合法权益的；</p>\r\n<p>（九）含有法律、行政法规禁止的其他内容的。</p>\r\n<p><br />巡检人员可用关键字检索（必要时请用模糊检索方法检索栏目信息）。发现有害信息，请快速作好信息备份（保留原始记录：所发内容、用户IP、登陆时间、注册时间、最后访问时间），并且对该ID所有帖子进行逐个审核，然后立即删除有害信息，并上报部门主管。部门主管须通过技术手段：黑名单控制+定期的数据库检查（一周）, 处理此类信息。如情节严重者，部门主管须通过信息网络安全管理小组上报管理机关！</p>\r\n<p>3.2. 虚假信息：发布内容明显与事实不符的信息；&nbsp;</p>\r\n<p>3.3. 诽谤、中伤他人的信息：信息中出现恶意辱骂某公司或个人的字眼，此类信息常出现在论坛和专家等交互式栏目中。如有此类信息，巡检人员在活跃人气的同时须正确引导，若情节严重则立即删除；</p>\r\n<p>3.4. 与栏目不符的信息：信息内容与栏目主旨（即栏目名称或子栏目名称）不符或欠符合的信息。&nbsp;</p>\r\n<p>3.5. 重发、滥发的信息：同条信息一个栏目中只准发布一次，并且只准被发布到一个栏目或子栏目下，否则都视为重发；屡次重发且每次每一条被重发的信息数量都在5条以上的，或屡次长时间重发，每次一发就是5分钟以上的，都视为滥发。巡检人员只需保留最新一条，其余删除。必要时，加入黑名单屏蔽其发布功能；</p>\r\n<p>3.6 乱码信息：在页面上呈现为乱码的信息。在排除网站自身技术问题后，应立即删除或修正此类信息。&nbsp;</p>\r\n<p>本制度解释权归xxxx有限公司所有</p>\r\n<p>&nbsp;</p>\r\n<p>网上隐私保护制度</p>\r\n<p>第一条 为促进电子商务健康发展，加强信息共建共享，推进网上隐私权保护制度化、规范化，切实维护网民的权利，根据相关规定，制定本制度。</p>\r\n<p>第二条 鉴于网络的特性，为了使用户正确有效地使用网站的功能与服务，并便于向用户提供优质高效的服务，网站会提示用户进行注册、填写表单等方式提交其个人资料。<br />公司服务部门根据栏目要求，对信息进行审核。如发现用户提交的资料存在虚假、违法内容，相关工作人员可删除该资料并终止该用户的服务。<br />公司技术部须使用相应技术，对用户所提供的资料进行严格的管理和保护，防止个人资料丢失、被盗用或遭窜改。</p>\r\n<p>第三条 公司服务部门可通过技术手段实现用户自行阅览、补充、修改、删除其资料的功能，或根据用户要求，提供相关服务。</p>\r\n<p>第四条 在未经用户同意及确认之前，公司不得将用户所提供的个人资料提供给第三方。除非当政府机关依照法定程序要求本网站披露个人资料时，本网站将根据执法单位之要求或为公共安全之目的提供个人资料。</p>\r\n<p>第五条 公司服务部须在网站页面提示&ldquo;隐私权保护声明&rdquo;（如附件），说明网站对用户个人信息所采取的收集、使用和保护政策。</p>\r\n<p>本制度最终解释权属xxxx有限公司所有。</p>\r\n<p>&nbsp;</p>\r\n<p>附：xxx私权保护声明</p>\r\n<p>xxx隐私权保护声明</p>\r\n<p>xxx（以下称&ldquo;本网站&rdquo;）隐私权保护声明系本网站保护用户个人隐私的承诺。鉴于网络的特性，本网站将无可避免地与您产生直接或间接的互动关系，故特此说明本网站对用户个人信息所采取的收集、使用和保护政策，请您务必仔细阅读：</p>\r\n<p>一、搜集、分拣信息<br />当您浏览、阅读或下载本网站的信息时，网站会自动搜集和分拣到您的信息（互联网域名、用户使用的浏览器和操作系统类型、访问时间、访问页面），这些信息不会被用来确定您的身份。</p>\r\n<p>二、个人资料及披露 <br />当您在本网站进行用户注册登记、参加有关活动时，在您的同意并确认下，本网站会通过注册表格、订单等形式要求您提供一些个人资料。<br />个人资料包括但不限于姓名、性别、年龄、地址、邮编、电话、传真、电子邮件。您必须保证提供资料的准确、真实、有效和完整。我们保留随时删除虚假个人资料并终止服务的权利 。<br />收集个人资料是为了使您正确的使用xxx的功能与服务，并便于我们向您提供优质高效的服务。</p>\r\n<p>在未经您同意及确认之前，本网站不会将您所提供的个人资料利用于上述外的其它目的。除非当政府机关依照法定程序要求本网站披露个人资料时，本网站将根据执法单位之要求或为公共安全之目的提供个人资料。在此情况下之任何披露，本网站均得免责。</p>\r\n<p>三、信息安全&nbsp; <br />本网站将使用相应的技术，对您所提供的个人资料进行严格的管理和保护，防止个人资料丢失、被盗用或遭窜改。为保护个人信息，必要时本网站会委托专业技术人员对所述资料进行相应处理，并将处理安排及时通知您，若您未在通知规定的时间内主动明示反对，本网站将推定您已同意。但处理过后，您仍然有权请求停止电脑处理。</p>\r\n<p>四、用户权利<br />在本网站上，您对自己拥有的个人资料享有以下权利：<br />（一）随时查询及请求阅览；<br />（二）随时请求补充或更正；<br />（三）随时请求删除； <br />（四）请求停止电脑处理及利用。&nbsp; <br />您可通过联系电话（8888- 88888888）提出请求，本网站会为您提供相关服务。</p>\r\n<p>五、限制利用原则&nbsp; <br />本网站惟在符合下列条件之一，方对收集之个人资料进行必要范围以外之利用： <br />（一）已取得您的书面同意；<br />（二）为免除您在生命、身体或财产方面之急迫危险； <br />（三）为防止他人权益之重大危害； <br />（四）为增进公共利益，且无损于您的重大利益。</p>\r\n<p>六、披露个人资料&nbsp; <br />当政府机关依照法定程序要求本网站披露个人资料时，本网站将根据其要求或为了公共安全的目的提供个人资料；这种情况下的任何披露，本网站均得免责。</p>\r\n<p>七、公共论坛&nbsp; <br />本网站为您提论坛、咨询等服务。在这些区域内，您公布的任何信息都会成为公开的信息。因此，我们提醒并请您慎重考虑是否有必要在这些区域公开您的个人信息。</p>\r\n<p>八、Cookies使用原则 <br />Cookies是指一种技术，当使用者访问设有Cookies装置的本网站时，本网站之服务器会自动发送Cookies至阁下浏览器内，并储存到您的电脑硬盘内，此Cookies便负责记录日后您到访本网站的种种活动、个人资料、浏览习惯、消费习惯甚至信用记录。运用Cookies技术，本网站能够为您提供更加周到的个性化服务。本网站将会运用Cookies储存密码，以便您造访本网站时不必每次重复输入密码。</p>\r\n<p>九、免责 <br />除上述有关免责规定外，下列情况时本网站亦无需承担任何责任： <br />（一）由于您将用户密码告知他人或与他人共享注册帐户，由此导致的任何个人信息的泄露。<br />（二）任何由于黑客政击、计算机病毒侵入或发作、因政府管制而造成的暂时性关闭等影响网络正常经营之不可抗力而造成的个人信息泄露、丢失、被盗用或被窜改等。&nbsp; <br />（三）由于本网站不拥有或不控制的公司以及我们不雇佣或不管理的人员所造成的个人信息的泄露及由此而导致的任何法律争议和后果。<br />（四）由于与本网站链接的其它网站所造成之个人资料泄露及由此而导致的任何法律争议和后果。</p>\r\n<p>本网站隐私权保护申明的修改及更新权均属于xxx。</p>\r\n<p>&nbsp;</p>\r\n<p>网站投诉兴报咨询处制度</p>\r\n<p>第一条 为促进电子商务健康发展，加强信息共建共享，推进网上投诉举报制度化、规范化，切实维护网民的知情权、参与权、表达权，根据相关规定，制定本制度。</p>\r\n<p>第二条 网上投诉举报受理职能由嘉兴市麦包包皮具有限公司服务部承担，行政部门主管。<br />技术部负责网上投诉举报系统维护、更新和升级。</p>\r\n<p>第三条 各网站设客服人员负责投诉举报咨询受理工作，部门主管为监督员，并指定专人具体负责办理。</p>\r\n<p>第四条 对投诉举报信息的处理，坚持实事求是、公正公开和廉洁高效原则。</p>\r\n<p>第五条 处理咨询信息的时限为1个工作日，投诉举报信息时限为2个工作日。情况复杂的，经本部门负责人同意，可适当延长处理时限，但最多不超过5个工作日。</p>\r\n<p>第六条 受理人在对投诉举报信息汇总分类后，按照职责分工，及时分送相关负责人。 <br />对非本网站的投诉举报信息，受理人应转送相关部门，或退回投诉举报人并说明理由。</p>\r\n<p>第七条 相关责任人收到分送的投诉举报信息后，应及时组织核查。</p>\r\n<p>第八条 各部门或相关人员应当积极支持和配合核查工作，并如实提供相关材料。</p>\r\n<p>第九条 责任人根据核查情况，提出答复意见，并登记备案，同时通过电话、信函或电子邮件方式回复投诉举报人。</p>\r\n<p>第十条 客服人员定期将投诉举报咨询处理情况汇总上报部门领导，并通报有关部门及人员。</p>\r\n<p>本制度最终解释权属xxxx有限公司所有。<br />&nbsp;</p>',63,'/html/article_content/201010/90eb7634990341909027a5e20245b3e1.html',b'1',b'1',b'0','会员应遵守的网站制度','制度',3,'网站制度','402881882ba8455f012ba86db8560006');
INSERT INTO `article` VALUES ('402881882ba8753a012ba891884e0004','2010-10-14 10:28:51','2010-10-28 10:53:30','','<p>登陆后，进入&ldquo;个人中心&rdquo;可查询到订单状态。 <br />&nbsp;</p>\r\n<p>1、未确认/未付款：订单尚未获得确认，正常工作时间内，最迟2小时可以获得确认，如非正常工作时间，需要等到上班时间确认。</p>\r\n<p><br />2、已确认/未付款：订单已获得确认，请按照确认后的总金额付款，付款完毕后可返回&ldquo;个人中心&rdquo;查看订单状态，银行汇款的用户需要提交汇款信息，内容为：交易流水号、汇款时间、 汇入行、汇入卡号、汇款金额共５项。系统自动保留订单期限为3天，超过3天未付款的订单，系统会自动将订单取消。</p>\r\n<p>&nbsp;<br />3、已付款/待发货：这时订单已在我们工作人员的处理流程中。</p>\r\n<p><br />4、已发货/待收货：您的货物已经发出，请您稍后注意查收，订单详细中可查到快递公司和快递单号。</p>\r\n<p>&nbsp;<br />5、交易成功：订单已成功完成交易，请对我们的商品进行评论，如收到产品有质量问题，请直接与售后部门联系。</p>',14,'/html/article_content/201010/50588403d9dd494c9035fa763e49e112.html',b'1',b'1',b'0','订单的状态','订单',1,'订单查询','402881882ba8455f012ba86db8560006');
INSERT INTO `article` VALUES ('402881882ba8753a012ba892f6160005','2010-10-14 10:30:25','2010-10-28 09:51:22','','<p>问：<strong>商城所售商品都是正品行货吗？有售后保修吗？</strong></p>\r\n<p>答：商城所售商品都是正品行货，均自带机打发票。凭商城发票，所有商品都可以享受生产厂家的全国联保服务。商城将严格按照国家三包政策，针对所售商品履行保修、换货和退货的义务。您也可以到商城任一分公司售后部享受售后服务。</p>\r\n<p>问：<strong>购买的商品能开发票？如果是公司购买，可以开增值税发票吗？</strong></p>\r\n<p>答：商城所售商品都是正品行货，每张订单均自带中文机打的&ldquo;商品专用发票&rdquo;，此发票可用作单位报销凭证。 发票会随包裹一同发出，发票金额含配送费金额。<br />企业客户在提供《一般纳税人证书》、《营业执照》、《税务登记证》、《开户许可证》四类证件复印件后，可向开取增值税发票，开好后，商城会以快递方式为您寄出。</p>\r\n<p>问：<strong>无货商品什么时候能到货？</strong></p>\r\n<p>答：无货商品的到货时间根据配货情况而不同，无法准确估计，但您可以使用&ldquo;到货通知&rdquo;功能，一旦商品有货，我们会通过电子邮件等方式通知您。</p>\r\n<p>问：<strong>下单后何时可以收到货？</strong></p>\r\n<p>答：在商品有现货的情况下，北京、上海、广州客户，下单后一般24小时内可收到货（郊区县配送时间可能会更长一些）；<br />其它地区用户，将根据您的收货地址及所选择的配送方式而不同，一般到货时间在1-7天（极偏远地区配送时间可能会更长一些）；<br />如果商品处于预订或在途状态，那么还应加上调配货时间。</p>\r\n<p>问：<strong>在线支付支持哪些银行卡？支持大额支付吗？</strong></p>\r\n<p>答：我们为您提供几乎全部银行的银行卡及信用卡在线支付，只要您开通了&ldquo;网上支付&rdquo;功能，即可进行在线支付，无需手续费，实时到帐，方便快捷。（如客户原因取消订单退款，则需要客户承担1%平台手续费）如您订单金额较大，可以使用快钱支付中的招行、工行、建行、农行、广发进行一次性大额支付（一万元以下）。</p>\r\n<p>问：<strong>下单时可以指定送货时间吗？</strong></p>\r\n<p>答：可以，您下单时可以选择&ldquo;只工作日送货(双休日、假日不用送)&rdquo;、&ldquo;工作日、双休日与假日均可送货&rdquo;、&ldquo;只双休日、假日送货(工作日不用送)&rdquo;等时间类型，并选择是否提前电话确认。<br />另外，您还可以在订单备注里填写更具体的需求，我们会尽量满足您的要求。</p>\r\n<p>问：<strong>收货时发现问题可以拒收吗？</strong></p>\r\n<p>答：在签收货物时如发现货物有损坏，请直接拒收退回我公司，相关人员将为您重新安排发货。</p>\r\n<p>问：<strong>如果我刚刚下单商品就降价了，能给我补偿吗？</strong></p>\r\n<p>答：商城的商品价格随市场价格的波动每日都会有涨价、降价或者优惠等变化。如果下完订单后价格发生了变化，可到&ldquo;我的商城&rdquo;自主申请价格保护。</p>\r\n<p>问：<strong>下单后，我能做什么？</strong></p>\r\n<p>答：如果是在线支付方式，请您尽快完成付款，待付款被确认后我们会立即为您发货，如果选择自提或货到付款，您可以进入&ldquo;个人中心&rdquo;，在&ldquo;订单列表&rdquo;中找到您的订单，然后可随时查看订单处理状态，做好收货或者上门自提的准备。<br />在您成功购物后，您还可以发表商品评价，向其他用户分享商品使用心得。</p>\r\n<p>问：<strong>为什么我无法登陆商城？</strong></p>\r\n<p>答：首先要检查您的用户名、密码是否正确，确认您的浏览器是否支持COOKIE。</p>\r\n<p>问：<strong>产品如何保修？</strong></p>\r\n<p>答：商城销售的商品都以商品说明中的保修承诺为准。</p>\r\n<p>问：<strong>订单得到确认后我该做什么？</strong></p>\r\n<p>答：按照订单所提示的实际应汇款金额，汇款至该订单所在的公司账号内，汇款交易成功后，登陆&ldquo;个人中心&rdquo;查看您的订单，在订单中的&ldquo;汇款备注&rdquo;中输入您的相关汇款信息(例如：汇入行、汇入我司银行账号的实际金额、汇款日期和汇入账号、订单号等），等待我司财务人员确认汇款。</p>\r\n<p>问：<strong>汇款确认后多久能够将货物发出？</strong></p>\r\n<p>答：正常情况下会在工作时间24-48小时内可以将您的货物发出。</p>\r\n<p>问：<strong>非商品自身质量问题是否可以退货？</strong></p>\r\n<p>答：部分商品在不影响二次销售的情况下，加收一定的退货手续费，是可以办理退货的，详情请查看&ldquo;退换货政策&rdquo;</p>\r\n<p>问：<strong>在哪进行在线支付？</strong></p>\r\n<p>答：在商城首页的&ldquo;会员登录&rdquo;中输入用户名和密码进行登陆，登陆后点击&ldquo;个人中心&rdquo;，进入 &ldquo;在线支付&rdquo;，点击进入后就可以进行在线支付了。</p>\r\n<p>问：<strong>工作时间？</strong></p>\r\n<p>答：客服中心受理热线电话及订单处理时间为周一至周日9：00&mdash;24：00。<br />注：如遇国家法定节假日，则以商城新闻发布放假时间为准，请大家届时关注。</p>\r\n<p>问：<strong>如何将退款打回银行卡？</strong></p>\r\n<p>答：在投诉中心留言相关信息，如银行卡的开户行(详细到支行）、开户姓名、卡号，相关人员会为您处理，退款周期视您的货物是否发出而定，如果货物未出库发出，退款会在三个工作日内完成；如果货物已发出，则需货物返回我司物流中心后为您办理退款。</p>\r\n<p>问：<strong>商品包装问题？</strong></p>\r\n<p>答：我公司所发送商品均由专人进行打包，商品在未签收前都由我公司负责，如在收到商品时发现包装有破损或是其它方面问题，请直接致电我公司客服，客服人员会帮您解决。</p>\r\n<p>问：<strong>订单付款后，如果长时间未收到货，我是否可以申请办理退款？</strong></p>\r\n<p>答：非商城快递覆盖区域内，由第三方快递公司负责直接送达的订单，如圆通快递，自发货时间算起超过10天仍未收到货或收货地址超出第三方快递覆盖的区域，由第三方快递转邮政，如圆通转EMS等，自发货时间算起超过20天仍未收到货，可致电客服中心，由客服人员为您申请办理退款事宜。</p>\r\n<p>问：<strong>如果我有问题或建议是否可以通过邮件向你们反馈？</strong></p>\r\n<p>答：可以。商城受理建议或投诉的邮箱是：*****@***.com。</p>',9,'/html/article_content/201010/cb4b35cc2fd14ddbb20b49d7637fab2f.html',b'1',b'1',b'0','常见的问题解决方法','问题',2,'常见问题','402881882ba8455f012ba86db8560006');
INSERT INTO `article` VALUES ('402881882ba8753a012ba895ec630006','2010-10-14 10:33:39','2010-10-28 10:34:47','','<p><span style=\"color: #a604fa;\"><strong>1.</strong><strong>如何获得发票 </strong></span></p>\r\n<p>（1）商城所售商品都是正品行货，每张订单均自带中文机打的&ldquo;商品专用发票&rdquo;，此发票可用作单位报销凭证，下单时可自助开取。</p>\r\n<p>（2）一个包裹对应一张发票，不同的物流中心发出的包裹开具不同的发票，发票会随每次包裹一同发出。</p>\r\n<p>（3）发票金额含配送费金额。</p>\r\n<p><span style=\"color: #a604fa;\"><strong>2.</strong> <strong>设置发票信息 </strong></span></p>\r\n<p>&ldquo;订单确认&rdquo;页面点击发票信息旁边的&ldquo;修改&rdquo;，可以修改发票类型（普通发票、增值税发票）、发票抬头（个人、公司），发票内容（明细、办公用品、电脑配件、耗材），发票抬头内容不能为空，您可选择个人或公司名称。</p>\r\n<p>内容：除数码类、手机及配件、笔记本、台式机、家电类商品以外，发票内容可以选择商品明细、办公用品、电脑配件及耗材。建议您将发票内容开具为产品明细，否则您将无法享受产品厂商的正常质保</p>\r\n<p><span style=\"color: #a604fa;\"><strong>3. </strong><strong>开发票的注意事项 </strong></span></p>\r\n<p>（1）发票金额不能高于订单金额。</p>\r\n<p>（2）如果您购买的是数码类、手机及配件、笔记本、台式机、家电类商品，为了保证您能充分享受生产厂家提供的售后服务（售后服务需根据发票确认您的购买日期），不管您是否需要开具发票，我们都将随单为您开具，发票内容默认为您订购的商品全称，同时不支持修改发票内容。</p>\r\n<p>（3）不同物流中心开具的发票无法合并。</p>\r\n<p>（4）使用优惠券支付的金额不开具发票；订单中使用50元（含50元）以下的余额，不开具发票，积分商品不提供发票。</p>\r\n<p><span style=\"color: #a604fa;\"><strong>4. </strong><strong>换发票 </strong></span></p>\r\n<p>您在收到发票后如果发现因商城原因所致票据抬头、内容或金额错误，您可致电客服，由客服人员为您办理换发票事宜，往返快递费用由商城承担，否则不能办理您因商品保修而要求更换发票的事宜。</p>',9,'/html/article_content/201010/82c2ffe3f0234a6ba2aed4727a75a19a.html',b'1',b'1',b'0','有关发票','发票',1,'发票制度说明','402881882ba8455f012ba86db8560006');
INSERT INTO `article` VALUES ('402881882ba8753a012ba89858fe0007','2010-10-14 10:36:18','2010-10-28 09:57:43','','<p>&nbsp;&nbsp;&nbsp;&nbsp;&nbsp;&nbsp;长沙鼎诚软件有限公司是一家集软件研发、软件销售、技术服务于一体的高新技术企业，拥有一个高素质、高学历、经验丰富的管理、销售、技术团队。与多所高校和软件人才培训机构签订长期人才培养输送协议，为今后的可持续发展打下坚定的基础。</p>\r\n<p>&nbsp;&nbsp;&nbsp;&nbsp;&nbsp; 目前公司分为市场营销、电子商务、等多个部门，与多家软件、互联网企业达成长期战略合作关系。建立了一套高效完善的运作体系，最大限度的满足客户的多方面需求，采用现代化企业管理模式和灵活的市场运作机制，为客户提供专业化、标准化、高效率的互联网应用解决方案。</p>\r\n<p>&nbsp;&nbsp;&nbsp;&nbsp;&nbsp; <a href=\"http://www.shopxx.net\">SHOP++</a>网店管理系统是基于JAVA技术的开源电子商务系统，是国内最具技术实力的开源电子商务软件之一，主要应用于电子商务领域内的网上购物、网上交易、交易信息发布等系统的构建，致力于为企业和个人提供一个高效、安全、强大的电子商务解决方案，推进中国电子商务产业的发展而不断努力。</p>\r\n<p>&nbsp;&nbsp;&nbsp;&nbsp;&nbsp; SHOP++提供电子商务标准化、网络支付多样化、售后服务一体化等整套解决方案，将电子商务与传统商业模式紧紧相结合。帮助大、中、小企业以最小的资金技术投入启动或扩展其电子商务平台。企业可以快速方便地构建、部署、管理专业的网上商店，突破传统销售模式的地域、成本、时间等因素的限制，在网上销售产品并拓展新的销售渠道，建立网上电子商务品牌商业价值，分享网上电子商务时代的无尽商机和丰厚利润。</p>\r\n<p><span style=\"font-size: medium;\">&nbsp;&nbsp;&nbsp;&nbsp;&nbsp; </span></p>\r\n<p><span style=\"font-size: medium;\">&nbsp;&nbsp;&nbsp;&nbsp;&nbsp;&nbsp; </span></p>',26,'/html/article_content/201010/070088f2df794b26b03bdf022565f1f2.html',b'1',b'1',b'1','公司简介','公司',1,'关于我们','402881882ba8455f012ba86db8560006');
INSERT INTO `article` VALUES ('402881882ba8753a012ba89c3fc60008','2010-10-14 10:40:33','2010-10-28 10:58:40','','<p><strong>退换货说明</strong></p>\r\n<p>(一)&nbsp;商城承诺：自用户收到商品之日起（以快递面单签收时间为准），按以下标准提供退换货服务：<br />&nbsp;&nbsp;1.&nbsp;七天内无理由退换货，运费由商城承担；<br />&nbsp;&nbsp;2.&nbsp;一个月内质量问题退换货，运费由商城承担；<br />&nbsp;&nbsp;3.&nbsp;三个月内免费维修，运费由客户承担。</p>\r\n<p>&nbsp;</p>\r\n<p>(二)&nbsp;退货时务必要把所有相关商品的附件（防尘袋、 包装塑料纸、销售单等等）都寄回，且务必填写退货小帖示，告知用户名（Email）、订单号、退款账号、及退货原因等等。</p>\r\n<p>&nbsp;</p>\r\n<p>(三)&nbsp;换货操作：A商品换B商品时，请将B商品编号及颜色在销售退货单中注明，不必申请退款，最后以B-A差额多退少补。</p>\r\n<p>&nbsp;</p>\r\n<p>(四)&nbsp;注明退换货原因，如果商品存在质量问题，请务必说明；</p>\r\n<p>&nbsp;</p>\r\n<p>(五)&nbsp;符合退换货要求的订单，不要用平邮方式寄回、不支持到付。</p>\r\n<p>&nbsp;</p>\r\n<p>(六)&nbsp;收到用户寄回的商品后，我们将在3个工作日内办理退换货或者退款。</p>\r\n<p>&nbsp;</p>\r\n<p>(七)&nbsp;以下情况不予办理退换货：<br />&nbsp;&nbsp;1.&nbsp;任何非商城官方网站出售的商品；<br />&nbsp;&nbsp;2.&nbsp;因非正常使用或保管不当导致出现质量问题的商品（包括但不限于：用锋利的物品把商品划伤，因放置于高温物体旁引起的变形等。</p>\r\n<p>&nbsp;</p>\r\n<p>(八)&nbsp;促销活动的产品，需按活动规则办理退换货。</p>\r\n<p><br /><strong>注意事项</strong></p>\r\n<p>1.&nbsp;采用用支付宝支付的订单，需要您登录支付宝官网申请退款，我们才能办理退款。<br />2.&nbsp;采用其他方式支付的订单，需要您提供接收退款的银行信息：银行账号、姓名、开户行名称。<br />3.&nbsp;如果所支付的订单中含有非现金部分（如优惠券、积分等），在退款时，非现金部分不能折现。</p>\r\n<p><br /><strong>联系方式</strong><br />售后服务邮箱：<a href=\"mailto:service@shopxx.net\">xxx@xxxx.net</a></p>\r\n<p><br /><strong>退货地址</strong><br />退换货地址：XX省XX市<br />收货人：商城售后服务中心</p>',17,'/html/article_content/201010/ac6f0b7c351c41058dc800ea0091e26c.html',b'1',b'0',b'0','','',1,'退货政策','402881882ba8455f012ba86db8560006');
INSERT INTO `article` VALUES ('402881882ba8753a012ba89e2b5a0009','2010-10-14 10:42:39','2010-10-28 09:55:00','','<p>&nbsp;&nbsp;&nbsp;&nbsp;&nbsp; 会员等级共分四级，具体为：<span style=\"color: #ff0000;\"><strong>普通会员、高级会员、白金会员、钻石会员</strong></span>等级升降均由系统自动实现，无需申请。<br />&nbsp;<br /><span style=\"color: #ff0000;\">&nbsp;普通会员：</span><br />申请条件：任何愿意到商城购物的用户都可以免费注册。<br />待　　遇：可以享受注册会员所能购买的产品及服务。</p>\r\n<p><span style=\"color: #ff0000;\">&nbsp;高级会员：</span><br />申请条件：一年内消费积分超过5000（含）的会员。<br />待　　遇：可以享受高级会员级别所能购买的产品及服务。</p>\r\n<p><span style=\"color: #ff0000;\">&nbsp;白金会员：</span><br />申请条件：一年内消费积分超过10000（含）的会员。<br />待　　遇：可以享受白金会员级别所能购买的产品及服务。</p>\r\n<p>&nbsp;<span style=\"color: #ff0000;\">钻石会员：</span><br />申请条件：一年内消费积分超过50000（含），需填写本人真实的身份证号码进行升级<br />待　　遇：可以享受钻石会员级别所能购买的产品及服务。</p>\r\n<p>&nbsp;</p>\r\n<p>注：针对各个等级会员特别声明： <br />会员账号禁止转借或转让他人使用，如因转借或转让他人使用所带来的一切后果，商城概不负责，如被商城发现有转借或转让使用情况，商城则有权立即取消此会员账号的相应等级资格。 <br />如商城发现相应的等级中有经销商，则商城有权立即取消此会员帐号的相应等级资格。</p>',27,'/html/article_content/201010/0340b92488ca464aa8d545fb899dcd25.html',b'1',b'1',b'0','会员等级','会员等级',1,'会员等级','402881882ba8753a012ba87a518e0001');
INSERT INTO `article` VALUES ('402881882ba8753a012ba89f4296000a','2010-10-14 10:43:51','2010-10-28 09:42:36','','<p>以下是商城为您提供服务的条款。我们希望您遵守以下的规定，加入会员之前请仔细阅读下列条款.，如果您同意请按 \"同意条款\"按钮。本协议详述您使用我们的服务所须遵守的条款和条件。如您有任何疑问，请及时联系我们。<br /><br />一、会员注册：<br />1.费用：在商城注册是完全免费的!<br />2. 资料填写：<br />1）提供准确，真实，有效的个人资料；如果会员提供的资料包含有不正确的信息，本站保留结束会员使用网络服务资格的权利。<br />2）如个人资料有任何变动，必须及时修改会员个人信息。<br />3）允许本网站不定时向您的电子邮箱发送各种信息；<br />3. 会员的帐号，密码和安全性 <br />1）会员将对会员名和密码安全以及用其会员名进行的所有活动和事件负全责。<br />2）会员若发现任何非法盗用会员帐号或存在安全漏洞的情况，请立即通告本站。<br /><br />二、 有以下行为的会员将被取消会员资格<br />（1） 违反注册条款<br />（2） 提供虚假个人资料<br />（3） 会员有损商城利益的行为<br />（4） 违反中国的法律、法规、违反互联网相关规定的行为<br />（5） 将会员帐号用于出售、拍卖等，当作商品进行交易的行为<br />（6） 出借、转让 会员帐号给其他会员等不恰当行使会员权利的行为<br />（7） 通过盗取密码、诈骗等不正当手段获得会员帐号的行为<br />（8） 不遵守商城的货到付款政策<br /><br />三、 会员隐私制度：<br />商城重视对会员隐私保护，尊重会员个人隐私是本站的一项基本政策。您提供的登记资料及本网站保留的有关您的若干其他个人资料将受到中国有关隐私的法律保护<br />（1）为了尊重会员，商城一定不会在未经会员同意授权的情况下公开、编辑及透露会员的个人信息。<br />（2）商城不公开会员个人信息，除以下情况外：<br />l - 会员授权本站透露这些信息。<br />l - 相应法律及程序要求本站提供会员个人资料。<br />l - 在紧急情况下竭力维护会员个人和社会大众隐私安全。<br />l - 符合其他相关要求。 <br /><br />四、交易：<br />会员在商城进行物品购买时必须遵守以下条款：<br />（1） 订单、价格和付款 <br />产品或服务价格、付款条件和配送在订单中以书面形式明确约定为准。<br />（2） 所有权和风险 <br />产品所有权和风险在产品交付买方或其指定收货人时转移给买方。<br />（3）常规保证 <br />a．质量保证<br />我们出售的商品与您亲临商场选购商品时享受同样质量保证。如果发现商品短缺、配送错误、破损等问题，请您当时向配送员指出，并立即与客服中心联系，过后不予受理此类问题。在顾客收到商品3天之内发现质量问题，可以安排退换货服务，如果更换过商品再次出现质量问题，可再提供退换服务。<br />b. 退换货处理<br />详见&ldquo;客服中心&rdquo;退换货政策<br />（4）其他<br />本商城有权在发现了网站上显现的产品及订单的明显错误的情况下，单方面撤回该信息或撤销订单。在下订单的同时，您应该对订单中提供的所有信息的真实性负责。 <br /><br />五、知识产权声明：</p>\r\n<p>商城提供的所有内容，如文字、图片、图像、视频、软件等都是本商城财产。同时，本商城相关著作权、专利权、商标及其它任何所有权或权利，均属本商城所有，受中国《商标法》、《著作权法》和国际版权法等相关法律的保护。除非中国法律另有规定，未经本商城的同意，任何企业或个人均无权复制、下载、传输、再造本网站任何内容，也不得提供给第三者使用，否则应负所有法律责任。违反上述声明而给本公司造成损失的，本公司将依法追究其法律责任。<br /><br />六、免责声明：<br />商城有义务在技术上确保商城的正常运行，尽力避免服务中断或将中断时间限制在最短时间内，保证会员网上交易活动的顺利进行。但以下情况，本商城无需承担任何责任：<br />（1）由于您将会员密码告知他人或与他人共享注册账户，由此导致任何个人资料泄露，本商城不承担责任；&nbsp;&nbsp;&nbsp;&nbsp;&nbsp;&nbsp;&nbsp;&nbsp;&nbsp;&nbsp;&nbsp;&nbsp;&nbsp;&nbsp;&nbsp; （2）任何由于黑客攻击、计算机病毒侵入或发作、因政府管理而造成暂时性关闭等影响网络正常经营之不可抗力而造成本网站崩溃或无法正常使用导致网上交易无法完成或丢失有关的信息、记录等，本商城不承担责任；<br />（3）任何会员向本商城提供错误、不完整、不实信息等造成不能正常使用本网服务或遭受任何其他损失，概与本网无关。</p>',8,'/html/article_content/201010/c55109104bb241c7a51605602b1531df.html',b'1',b'1',b'1','会员注册协议','协议',2,'会员注册协议','402881882ba8753a012ba87a518e0001');
INSERT INTO `article` VALUES ('402881882ba8753a012ba8a156a1000b','2010-10-14 10:46:07','2010-10-28 09:33:08','','<p>会员积分：是凸显会员身份的一种象征，积分越多所体现其会员身份越尊贵，其所享受到的优惠越多。<br />赠送积分类商品：部分商品中标注赠送积分，购买此类商品，可获得相应赠送积分，此类商品为赠送积分类商品。</p>\r\n<p><span style=\"color: #ff0000;\">一、积分的获得：</span></p>\r\n<p><span style=\"color: #33cccc;\">赠送积分：</span><br />在商城中部分商品设有积分项，购买赠送积分的商品后，商城系统会对客户的积分进行增加并逐次累积。</p>\r\n<p><span style=\"color: #33cccc;\">商品评价：</span><br />使用商品评价功能，如有价值我们将给与相应的积分奖励；商城举办的活动也可能会有积分赠送。</p>\r\n<p>1、所有评价一律由系统自动赠送积分，无效评价不给分。只能对在半年内购买的商品进行评价；赠品可以评价但不赠送积分。<br />2、购买时间相差超过15日的不同订单中的相同商品，可以分别评价并获得积分；同一订单或相隔15日内订单中的相同商品，只有一次评价可以获得积分。<br />3、根据不同会员级别和产品价格，商城产品评价积分赠予列表：<br />请您提高评价质量，以下评价一律不再赠送积分：<br />1）拷贝自己或者他人评价内容超过80%以上，以字数为准。<br />2）优点、缺点内容重复超过60%以上的。<br />3）使用标点符号过多的。 <br />4）评价内容没有任何参考价值、被5名以上网友举报或者违反法律、法规的。<br />5）无效评价数量超过5条，则一年内该id号参与的产品评价均不赠送积分，过往的无效评价可以不计！</p>\r\n<p>4、如果您的商品评价是质量较优，经验性或者技术性较强或者是回复最多的热评，系统将推荐到首页，所有被推荐到首页的产品评价，系统会自动额外赠送至少50个积分！字数较多，质量较优，经验性或者技术性的首页热评贴将会获得高达200个积分（额外赠送）！</p>\r\n<p>5、回复问答贴奖励积分，购买过当前商品的会员回复问答贴可获得积分奖励，每次回复可得1个积分，同一问题每人最多可获得1个积分，同一商品每人最多有10个问答贴可以获得积分，每位会员一天最多可获得100积分。另外，每个问题的前20位回复者才有资格获得积分。</p>\r\n<p><span style=\"color: #ff0000;\">二、购买积分：</span><br />会员可以购买积分，即：将商城的余额转换为积分。人民币与积分的对换比例为1：10，即人民币1元可以购买10个积分。积分只可以单向购买，即人民币可以购买积分，但积分不可以兑换现金。</p>\r\n<p><span style=\"color: #ff0000;\">三、运费返还：</span><br />下订单时系统自动计算运费，发货过程中若实际运费低于系统自动计算的运费，我公司会将多出的运费以积分的形式返还到您的商城账户中。（1元人民币＝10个积分，遇&ldquo;分&rdquo;则四舍五入。例如：实际运费多收取了1.58元，则返还积分16分；实际运费多收取了1.32元，则返还积分13分。）</p>\r\n<p><span style=\"color: #ff0000;\">四、积分的使用及规则：</span></p>\r\n<p>您所购商品属于赠送积分类的商品，在办理退、换货时，会根据您购买时赠送的积分进行扣除。如您的积分不足，我们将会在您的退款金额中减去相应的金额，按照1：10的比例进行折算。即1元抵10个积分；</p>\r\n<p>积分查询： 每位客户在您自己账户中的&ldquo;个人中心--我的积分&rdquo;中可查询到您的积分详细情况。</p>\r\n<p>注：积分规则由商城制定并保留所有的解释权和修改权，规则以网站公布为准。</p>',7,'/html/article_content/201010/390aed8de096473aa3fd928c25bf9fb9.html',b'1',b'1',b'0','会员获得积分','积分',1,'积分说明','402881882ba8753a012ba87a518e0001');
INSERT INTO `article` VALUES ('402881882ba8753a012ba8a62fd7000c','2010-10-14 10:51:25','2010-10-28 08:58:54','','<p>&nbsp;</p>\r\n<p style=\"color: #f09;\">工行B2C网上支付使用说明</p>\r\n<p style=\"color: #f09;\">什么是工行网上银行在线支付？</p>\r\n<p>&nbsp;&nbsp;&nbsp;&nbsp;&nbsp;&nbsp;&nbsp;&nbsp;B2C网上支付业务是指企业（卖方）与个人（买方）通过因特网上的电子商务网站进行交易时，工行为商户提供网上资金结算服务的一种业务。目前B2C在线支付系统是专门为拥有工行牡丹信用卡、灵通卡、贷记卡、活折或&ldquo;理财金帐户&rdquo;卡账户，并开通网上银行的个人客户进行网上购物所开发的支付平台，其信誉度较高。</p>\r\n<p>&nbsp;&nbsp;&nbsp;&nbsp;&nbsp;&nbsp;&nbsp;&nbsp;客户在工行特约购物网站选定货物后，根据网站提示或链接，去虚拟收银台付款。支付方式选择工行网上银行在线支付，客户将被带到工行网上支付页面，订单信息加密传递到工行网站且不可更改。客户只需根据画面提示，使用U盾或口令卡及相应密码，确认提交即可。</p>\r\n<p>&nbsp;&nbsp;&nbsp;&nbsp;&nbsp;&nbsp;&nbsp;&nbsp;网上支付适用于全国范围的工行账户实时支付，不须再到邮局汇款、不须使用现金支付。网上支付也不须要向商户网站提供支付卡号、卡密码与身份证件号等个人信息，最后支付时链接至工行支付页面支付，保证了客户的个人信息不被商户或外界获取，所以更安全、快捷、方便。</p>\r\n<p style=\"color: #f09;\">如何使用工行网上支付？</p>\r\n<p>&nbsp;&nbsp;&nbsp;&nbsp;&nbsp;&nbsp;&nbsp;&nbsp;当您在商城网站，最后选择工行网上银行在线支付，将直接链入工行网站支付页面，只要输入工行网上银行已注册的任意卡号或&ldquo;e通卡&rdquo;，并输入密码（U盾客户客户，输入U盾密码；口令卡客户输入口令卡坐标和网银登陆密码），提交即可。提交后系统会提示网上支付是否成功，如果失败则提示失败原因。一旦您支付提交后将不能修改，您的帐户立即被扣款。如果您还不是工行网上银行的用户，您可以至工行任一网点办理注册开户。注册成功后，即可使用工行网上支付。</p>\r\n<p><strong>能够使用工行网上支付功能的分以下二种：</strong></p>\r\n<p>1、动态口令卡客户</p>\r\n<p>（1）携带本人有效证件及注册网上银行时使用的牡丹卡前往工商银行任何一个储蓄所，提交网上银行业务申请单（原已在柜台办理过网银业务的客户请填写变更单申领口令卡），并向柜台申明开通&ldquo;电子商务&rdquo;功能。</p>\r\n<p>（2）首次支付前，先登陆工行网上银行&ldquo;个人网上银行登录&rdquo;修改网银登录密码为数字和字母的组合，并激活口令卡(查看电子口令卡使用介绍)</p>\r\n<p>（3）单笔支付限额500元，每日累计支付限额1000元</p>\r\n<p>（4）已开通手机短信认证的的口令卡，单笔支付限额2000元，每日累计支付限额5000元（什么是手机短信认证？）</p>\r\n<p>（5）口令卡可使用1000次，之后需要前往柜台重新申领。</p>\r\n<p>&nbsp;&nbsp;&nbsp;&nbsp;&nbsp;&nbsp;&nbsp;&nbsp;注意：</p>\r\n<p>1、您领到电子口令卡后，首次进行B2C交易，必须要先登录网银一次，才能正常使用B2C交易。</p>\r\n<p>2、U盾客户</p>\r\n<p>（1）携带本人有效证件及注册网上银行时使用的牡丹卡前往工商银行任何一个储蓄所，提交网上银行业务申请单</p>\r\n<p>（2）首次支付前，先登陆工行网上银行安装驱动、下载证书</p>\r\n<p>（3）U盾客户不受交易限额控制，可享受24小时大额转账汇款等各种服务，只要您是工行个人网上银行客户，携带本人有效证件及注册网上银行时使用的牡丹卡到工行营业网点就可以申请U盾。</p>\r\n<p style=\"color: #39f;\">使用U盾有三个步骤：</p>\r\n<p>第一步：安装驱动程序</p>\r\n<p>&nbsp;&nbsp;&nbsp;&nbsp;&nbsp;&nbsp;&nbsp;&nbsp;如果您是第一次在电脑上使用个人网上银行，请参照工行个人网上银行系统设置指南首先调整您的计算机设置，然后安装U盾驱动程序，不同品牌U盾的驱动程序只能用于本品牌。如果您希望用光盘安装，请运行U盾光盘，选择安装主页面的&ldquo;系统升级&rdquo;，系统会自动检测并提示您安装补丁。安装补丁后，请选择&ldquo;驱动程序安装&rdquo;，安装U盾驱动程序。</p>\r\n<p>第二步：下载证书信息</p>\r\n<p>&nbsp;&nbsp;&nbsp;&nbsp;&nbsp;&nbsp;&nbsp;&nbsp;申请U盾后，您可以委托工行网点柜员协助您下载个人证书信息到U盾体内，也可以登录工行个人网上银行，进入&ldquo;客户服务-个人客户证书自助下载&rdquo;，完成证书信息下载。下载前请确认U盾已连接到电脑USB接口上。如果下载不成功，请到柜面办理。</p>\r\n<p>第三步：开心使用U盾</p>\r\n<p>&nbsp;&nbsp;&nbsp;&nbsp;&nbsp;&nbsp;&nbsp;&nbsp;您在登录个人网上银行之后，只要按系统提示将U盾插入电脑的USB接口，输入U盾密码，并经银行系统验证无误，即可完成支付业务。</p>\r\n<p>分步图解：</p>\r\n<p><strong>一、登录工商银行网站www.icbc.com.cn，</strong>点击&ldquo;个人网上银行登录&rdquo;下方的&ldquo;安装&rdquo;。</p>\r\n<p><img src=\"http://localhost/upload/image/201010/442f81d9af8f43a2bb1958a7d970817e.jpg\" alt=\"\" width=\"554\" height=\"256\" /></p>\r\n<p><strong>二、下载安装安全控件、安装工行根证书、安装证书驱动程序、下载个人客户证书</strong></p>\r\n<p><img src=\"http://localhost/upload/image/201010/3ed521007dc945baac2b7ad73a8ebc57.jpg\" alt=\"\" width=\"337\" height=\"518\" /></p>\r\n<p><strong>三、什么是登录密码与U盾密码？</strong></p>\r\n<p>登录密码就是客户在登录个人网上银行时使用的密码。</p>\r\n<p>U盾密码是在您登陆个人网上银行在&ldquo;U盾管理&rdquo;栏下载证书时输入的密码。</p>\r\n<p>为简化操作，客户在柜面注册网上银行时只设置一个初始密码，客户首次登录网上银行，系统会要求客户对登录密码进行修改，这样客户的账户资金将更为安全。</p>\r\n<p>客户登录个人网上银行后，随时可以在&ldquo;客户服务&rdquo;栏目中对登录密码进行修改。客户如果忘了登录密码，可以携带本人的有效身份证件及注册卡，到银行办理重置网上银行密码。</p>\r\n<p><strong>四、在线支付的手续费是如何计算的？ </strong></p>\r\n<p>使用工行网上银行在线支付在商城网站购物的，银行不收取用户任何手续费。</p>\r\n<p><strong>五、安全小锦囊 </strong></p>\r\n<p>1、请谨记工行官方网站地址为www.icbc.com.cn，统一客户服务热线为95588，中国移动统一短信服务号码为95588和106573095588，中国联通统一短信服务号码为95588和1065595588。</p>\r\n<p>2、提高防范意识，注意保管个人资料</p>\r\n<p>（1）保护好自己的银行卡密码、存折密码、电子银行密码（口令）、U盾密码等重要信息，不要在计算机、电话、手机或其他电子设备上记录或保留；在任何情况下，银行工作人员都不会向客户索要密码，请您注意勿向他人（包括银行人员）泄露，不要相信陌生人的短信、电话、邮件等。</p>\r\n<p>（2）各类密码的设置原则是&ldquo;本人易记别人难猜&rdquo;，避免使用与本人明显相关的信息（如姓名、生日、常用电话号码、身份证件号码等）或具有明显规律性的字符（如重复或连续的数字或字母）作为密码；办理电子银行业务的密码应不同于其他用途的密码（如银行卡/存折密码 、其他网站会员密码），并做到经常更换。</p>\r\n<p>（3）妥善保管与办理电子银行业务相关的各项重要资料，如身份证件、银行卡、存折、U盾、电子银行口令卡等，不得交给他人保管。不要在不信任的网站或其他场所留下卡号、存折账号、身份证号、常用电话号码等个人信息，防止被他人利用。</p>\r\n<p>3、充分利用&ldquo;预留验证信息&rdquo;服务，您可在网银或银行网点设置您的预留信息，使用网银时，务必进行核对，只有在页面显示的信息与您预留的信息一致才可进行后续操作。</p>\r\n<p>操作步骤</p>\r\n<p><img src=\"http://localhost/upload/image/201010/fc495574b3564b42b40a44be718f3556.jpg\" alt=\"\" width=\"650\" height=\"190\" /></p>\r\n<p>4、采取有效措施（如安装防病毒软件和网络防火墙）保护用于办理网上银行业务的计算机等电子设备的安全。</p>\r\n<p>5、防范假网站五大招</p>\r\n<p>第一招 做好防病毒工作，经常使用我行提供的&ldquo;小e安全检测&ldquo;进行检查。</p>\r\n<p>第二招 使用U盾，如果您申请使用U盾，每次使用后从计算机上拨掉U盾，做好U盾的保管，不用担心假网站等各种风险。</p>\r\n<p>第三招 核对正确网址，建议您好手工输入正确网址登陆工行网站和购物网站，不要使用他人提供的各种链接。在使用工行网上支付时，留意核对工行网上支付页面的网址是否正确，工行网上支付页面的网址以https://b2c.icbc.com.cn开头。</p>\r\n<p>第四招 验证预留信息，如不一致辞应立即停止操作。</p>\r\n<p>每五招 查看安全锁，工行个人网银页面都经过SSL加密处理，在网上支付页面上会显示一个&ldquo;挂锁&rdquo;图形的安全证书标识。点击挂锁，有以下信息：已将此站点标识为：b2c.icbc.com.cn。</p>',1,'/html/article_content/201010/47532f706bf94c9ebb23a87a99424072.html',b'1',b'1',b'0','工商网银付款说明','工商网银付款说明',3,'工商网银付款说明','402881882ba8455f012ba86aa5c60002');
INSERT INTO `article` VALUES ('402881882bbdfe19012bbe91497e0013','2010-10-18 17:00:14','2010-10-28 10:55:28','','<p><strong>官方网站：</strong><a href=\"http://www.shopxx.net\">http://www.shopxx.net</a></p>\r\n<p><strong>官方论坛：</strong><a href=\"http://bbs.shopxx.net\">http://bbs.shopxx.net</a></p>\r\n<p>&nbsp;</p>\r\n<p><strong>客服中心</strong></p>\r\n<p>QQ：1030736669&nbsp;&nbsp;&nbsp;&nbsp; 1463836662</p>\r\n<p>客服E-mail：<a href=\"mailto:service@shopxx.net\">service@shopxx.net</a></p>\r\n<p>&nbsp;</p>\r\n<p><strong>业务中心</strong></p>\r\n<p>QQ：1502184818&nbsp;&nbsp;&nbsp;&nbsp; 1260500388</p>\r\n<p>电子E-mail：<a href=\"mailto:bussiness@shopxx.net\">bussiness@shopxx.net</a></p>\r\n<p>&nbsp;</p>\r\n<p><strong>技术中心</strong></p>\r\n<p>QQ：827801666&nbsp;&nbsp;&nbsp;&nbsp;&nbsp; 1396408188</p>\r\n<p>技术E-mail：<a href=\"mailto:support@shopxx.net\">support@shopxx.net</a></p>\r\n<p>&nbsp;</p>\r\n<p>论坛QQ：1502022055&nbsp;&nbsp;&nbsp;&nbsp;&nbsp;&nbsp;&nbsp;</p>\r\n<p>论坛E-mail：<a href=\"mailto:bbs@shopxx.net\">bbs@shopxx.net</a></p>',20,'/html/article_content/201010/5010509a555548939840a3103d3cea71.html',b'1',b'1',b'1','','',1,'联系我们','402881882ba8455f012ba86db8560006');
UNLOCK TABLES;
CREATE TABLE `articlecategory` (
  `id` varchar(32) NOT NULL,
  `createDate` datetime default NULL,
  `modifyDate` datetime default NULL,
  `metaDescription` text,
  `metaKeywords` text,
  `name` varchar(255) NOT NULL,
  `orderList` int(11) NOT NULL,
  `path` text,
  `parent_id` varchar(32) default NULL,
  PRIMARY KEY  (`id`),
  KEY `FKC9FF4FF4AC430CA0` (`parent_id`)
) ENGINE=InnoDB DEFAULT CHARSET=utf8;
LOCK TABLES `articlecategory` WRITE;

INSERT INTO `articlecategory` VALUES ('402881882ba8455f012ba86aa5c60002','2010-10-14 09:46:23','2010-10-27 22:33:15','在线支付、网上转账、汇款等','支付','支付方式',2,'402881882ba8455f012ba86aa5c60002',NULL);
INSERT INTO `articlecategory` VALUES ('402881882ba8455f012ba86db8560006','2010-10-14 09:49:44','2010-10-27 22:33:23','解决一些常见问题','帮助，解决','帮助中心',3,'402881882ba8455f012ba86db8560006',NULL);
INSERT INTO `articlecategory` VALUES ('402881882ba8753a012ba87a518e0001','2010-10-14 10:03:30','2010-10-27 22:33:07','会员的享有的活动及需要了解相关制度','会员','关于会员',1,'402881882ba8753a012ba87a518e0001',NULL);
UNLOCK TABLES;
CREATE TABLE `brand` (
  `id` varchar(32) NOT NULL,
  `createDate` datetime default NULL,
  `modifyDate` datetime default NULL,
  `introduction` text,
  `logo` varchar(255) default NULL,
  `name` varchar(255) NOT NULL,
  `orderList` int(11) NOT NULL,
  `url` varchar(255) default NULL,
  PRIMARY KEY  (`id`)
) ENGINE=InnoDB DEFAULT CHARSET=utf8;
LOCK TABLES `brand` WRITE;

INSERT INTO `brand` VALUES ('402881862bee2228012bee303f990003','2010-10-27 22:56:00','2010-10-27 22:59:53','',NULL,'私宠',0,'http://pet.poco.cn');
INSERT INTO `brand` VALUES ('402881882ba8753a012ba975f31901d2','2010-10-14 14:38:20','2010-10-27 22:57:20','',NULL,'微微米娜',0,'http://www.hkminakids.com');
INSERT INTO `brand` VALUES ('402881882ba8753a012ba9771d6001d4','2010-10-14 14:39:37','2010-10-27 23:10:13','',NULL,'点绘',0,'');
INSERT INTO `brand` VALUES ('402881882ba8753a012ba9779f7101d5','2010-10-14 14:40:10','2010-10-27 23:10:24','',NULL,'韩都衣舍',0,'http://www.handuyishe.org');
INSERT INTO `brand` VALUES ('402881882ba8753a012ba977f5de01d6','2010-10-14 14:40:32','2010-10-27 23:11:52','',NULL,'乔伊思',0,'http://joice.wumeiwang.com');
INSERT INTO `brand` VALUES ('402881882ba8753a012ba978c8ed01d7','2010-10-14 14:41:26','2010-10-27 23:12:04','',NULL,'Caerphilly/卡芙琳',0,'http://www.carephil1y.com');
INSERT INTO `brand` VALUES ('402881882ba8753a012ba9792cd701d8','2010-10-14 14:41:52','2010-10-27 23:14:46','',NULL,'波尔谛奇',0,'');
INSERT INTO `brand` VALUES ('402881882ba8753a012ba979c48301d9','2010-10-14 14:42:31','2010-10-27 23:14:55','',NULL,'JUSTYLE',0,'http://www.justonline.cn');
INSERT INTO `brand` VALUES ('402881882ba8753a012ba97a262b01da','2010-10-14 14:42:56','2010-10-14 14:42:56','',NULL,'APPEAL',0,'');
INSERT INTO `brand` VALUES ('402881882ba8753a012ba97a85b101db','2010-10-14 14:43:20','2010-10-27 23:15:07','',NULL,'Adidas/阿迪达斯',0,'http://adidas.zpmp.org');
INSERT INTO `brand` VALUES ('402881882ba8753a012ba97b03e901dc','2010-10-14 14:43:52','2010-10-27 23:16:44','',NULL,'琦诺柔',0,'http://qinuorou.com/about.asp');
INSERT INTO `brand` VALUES ('402881882ba8753a012ba97b9cbe01dd','2010-10-14 14:44:32','2010-10-27 23:16:58','',NULL,'Lining/李宁',0,'http://www.e-lining.com');
INSERT INTO `brand` VALUES ('402881882ba8753a012ba97c0c9f01de','2010-10-14 14:45:00','2010-10-27 23:17:15','',NULL,'Daphne/达芙妮',0,'http://www.idaphne.com');
INSERT INTO `brand` VALUES ('402881882ba8753a012ba97c6a8e01df','2010-10-14 14:45:24','2010-10-27 23:19:08','',NULL,'玩美从速',0,'http://www.perfect99.com');
INSERT INTO `brand` VALUES ('402881882ba8753a012ba97ccd6e01e0','2010-10-14 14:45:50','2010-10-27 23:19:21','',NULL,'爱•制造',0,'http://aizhizao.zgjiazhi.com');
INSERT INTO `brand` VALUES ('402881882ba8753a012ba97d68d301e1','2010-10-14 14:46:29','2010-10-27 23:20:31','',NULL,'maymay',0,'http://www.54994.cn');
INSERT INTO `brand` VALUES ('402881882ba8753a012ba97ddc1f01e2','2010-10-14 14:46:59','2010-10-27 23:21:29','',NULL,'JPF',0,'');
INSERT INTO `brand` VALUES ('402881882ba8753a012ba97e2f3101e3','2010-10-14 14:47:20','2010-10-27 23:21:57','',NULL,'伊泰莲娜',0,'http://www.itlmall.com');
INSERT INTO `brand` VALUES ('402881882ba8753a012ba97e9be501e4','2010-10-14 14:47:48','2010-10-27 23:22:08','',NULL,'O.SA/欧莎',0,'http://www.ousha.com.cn');
INSERT INTO `brand` VALUES ('402881882ba8753a012ba97f282701e5','2010-10-14 14:48:24','2010-10-27 23:22:19','',NULL,'黛安芬',0,'http://www.triumph.com.cn');
INSERT INTO `brand` VALUES ('402881882ba8753a012ba97f859901e6','2010-10-14 14:48:48','2010-10-27 22:52:02','',NULL,'GAINREEL',0,'http://www.gainreel.com');
INSERT INTO `brand` VALUES ('402881882ba8753a012ba97fe35901e7','2010-10-14 14:49:12','2010-10-27 22:53:20','',NULL,'比亲',0,'http://wentai007.cn.alibaba.com');
INSERT INTO `brand` VALUES ('402881882ba8753a012ba98047b001e8','2010-10-14 14:49:37','2010-10-14 14:49:37','',NULL,'摩亚杰卡',0,'');
INSERT INTO `brand` VALUES ('402881882ba8753a012ba980dbc301e9','2010-10-14 14:50:15','2010-10-27 22:57:07','',NULL,'Septwolves/七匹狼',0,'http://www.septwolves.com');
INSERT INTO `brand` VALUES ('402881882ba8753a012ba981912801ea','2010-10-14 14:51:02','2010-10-27 22:57:47','',NULL,'南极人',0,'http://www.nanjiren.com.cn');
INSERT INTO `brand` VALUES ('402881882ba8753a012ba981ec4801eb','2010-10-14 14:51:25','2010-10-27 23:37:47','',NULL,'人气新娘',0,'http://www.brides.com.cn');
INSERT INTO `brand` VALUES ('402881882ba8753a012ba98250a001ec','2010-10-14 14:51:51','2010-10-14 14:51:51','',NULL,'其他',0,'');
INSERT INTO `brand` VALUES ('402881882bb2c00c012bb3a4d8260012','2010-10-16 14:05:46','2010-10-27 23:03:41','',NULL,'Kappa/背靠背',0,'http://www.kappa.com.cn');
INSERT INTO `brand` VALUES ('402881882bbcd2f4012bbd6434190006','2010-10-18 11:31:22','2010-10-18 11:31:22','',NULL,'zigezi',0,'');
INSERT INTO `brand` VALUES ('402881882bbcd2f4012bbd6e3afe0009','2010-10-18 11:42:19','2010-10-18 11:42:19','',NULL,'ID.SKY',0,'');
INSERT INTO `brand` VALUES ('402881882bbcd2f4012bbd78b34a000b','2010-10-18 11:53:45','2010-10-27 23:06:27','',NULL,'红橡树',0,'http://www.redoak.cc');
INSERT INTO `brand` VALUES ('402881882bbcd2f4012bbd7d6fa2000d','2010-10-18 11:58:55','2010-10-27 23:09:02','',NULL,'欧蒂爱',0,'http://www.showpp.com');
UNLOCK TABLES;
CREATE TABLE `cartitem` (
  `id` varchar(32) NOT NULL,
  `createDate` datetime default NULL,
  `modifyDate` datetime default NULL,
  `quantity` int(11) NOT NULL,
  `product_id` varchar(32) NOT NULL,
  `member_id` varchar(32) NOT NULL,
  PRIMARY KEY  (`id`),
  KEY `FK4393E73CA10C3E` (`member_id`),
  KEY `FK4393E73F4E7D716` (`product_id`)
) ENGINE=InnoDB DEFAULT CHARSET=utf8;
LOCK TABLES `cartitem` WRITE;

UNLOCK TABLES;
CREATE TABLE `deliverycorp` (
  `id` varchar(32) NOT NULL,
  `createDate` datetime default NULL,
  `modifyDate` datetime default NULL,
  `name` varchar(255) NOT NULL,
  `orderList` int(11) NOT NULL,
  `url` varchar(255) default NULL,
  PRIMARY KEY  (`id`),
  UNIQUE KEY `name` (`name`)
) ENGINE=InnoDB DEFAULT CHARSET=utf8;
LOCK TABLES `deliverycorp` WRITE;

INSERT INTO `deliverycorp` VALUES ('402881862b9e7507012b9e7d64fc0007','2010-10-12 11:30:39','2010-10-28 01:07:22','圆通快递',0,'http://www.yto.net.cn');
INSERT INTO `deliverycorp` VALUES ('402881882ba8753a012ba8b49033000f','2010-10-14 11:07:07','2010-10-28 01:07:27','全球邮政快递',0,'http://www.ems.com.cn');
INSERT INTO `deliverycorp` VALUES ('402881882ba8753a012ba8b5a82b0010','2010-10-14 11:08:18','2010-10-28 01:07:32','顺丰速运',0,'http://www.sf-express.com');
INSERT INTO `deliverycorp` VALUES ('402881882ba8753a012ba8b603990011','2010-10-14 11:08:42','2010-10-28 01:07:37','韵达快递',0,'http://www.yundaex.com');
INSERT INTO `deliverycorp` VALUES ('402881882ba8753a012ba8b64d060012','2010-10-14 11:09:01','2010-10-28 01:07:42','申通快递',0,'http://www.sto.cn');
INSERT INTO `deliverycorp` VALUES ('402881882ba8753a012ba8b68a2e0013','2010-10-14 11:09:16','2010-10-28 01:07:47','中通速递',0,'http://www.zto.cn');
INSERT INTO `deliverycorp` VALUES ('402881882ba8753a012ba8b6cc480014','2010-10-14 11:09:33','2010-10-28 01:07:52','天天快递',0,'http://www.ttkdex.com');
INSERT INTO `deliverycorp` VALUES ('402881882ba8753a012ba8b7502e0016','2010-10-14 11:10:07','2010-10-28 01:07:56','宅急送',0,'http://www.zjs.com.cn');
UNLOCK TABLES;
CREATE TABLE `deliveryitem` (
  `id` varchar(32) NOT NULL,
  `createDate` datetime default NULL,
  `modifyDate` datetime default NULL,
  `deliveryQuantity` int(11) NOT NULL,
  `productHtmlFilePath` varchar(255) NOT NULL,
  `productName` varchar(255) NOT NULL,
  `productSn` varchar(255) NOT NULL,
  `shipping_id` varchar(32) default NULL,
  `product_id` varchar(32) default NULL,
  `reship_id` varchar(32) default NULL,
  PRIMARY KEY  (`id`),
  KEY `FK326C45475F5222BE` (`shipping_id`),
  KEY `FK326C4547425C301E` (`reship_id`),
  KEY `FK326C4547F4E7D716` (`product_id`)
) ENGINE=InnoDB DEFAULT CHARSET=utf8;
LOCK TABLES `deliveryitem` WRITE;

INSERT INTO `deliveryitem` VALUES ('402881862bf08f18012bf0b1322e0054','2010-10-28 10:36:06','2010-10-28 10:36:06',1,'/html/product_content/201010/9247a7243b0847aea9d1d4d954f3cb98.html','2010新款韩版 磨砂牛皮 流苏女靴 时尚气质平跟马靴短靴子','SN_F7E5CB253583','402881862bf08f18012bf0b1304a0053','402881882badb4ed012bae53f9940034',NULL);
INSERT INTO `deliveryitem` VALUES ('402881862bf08f18012bf0b1329b0055','2010-10-28 10:36:06','2010-10-28 10:36:06',0,'/html/product_content/201010/7c179f618edb461d9d8c6eec87e76dcc.html','李宁网络经典复刻 男子跑步鞋','SN_CC39F03C2C3E','402881862bf08f18012bf0b1304a0053','402881882badb4ed012bae80a9e3003a',NULL);
INSERT INTO `deliveryitem` VALUES ('402881862bf08f18012bf0b133090056','2010-10-28 10:36:06','2010-10-28 10:36:06',0,'/html/product_content/201010/b3b268e12da948de86b68e2e56cff971.html','新款凉鞋 高跟鞋','SN_D5F2BD620475','402881862bf08f18012bf0b1304a0053','402881882badb4ed012bae84b624003b',NULL);
INSERT INTO `deliveryitem` VALUES ('402881862bf08f18012bf0b134fd0057','2010-10-28 10:36:06','2010-10-28 10:36:06',1,'/html/product_content/201010/487461b654234817a3b61ffb2fab52c6.html','卡芙琳 极简主义-经典简约中跟单鞋','SN_62E64F0B08D9','402881862bf08f18012bf0b1304a0053','402881882badb4ed012bae173b2a0033',NULL);
INSERT INTO `deliveryitem` VALUES ('402881862bf08f18012bf0b151fb005a','2010-10-28 10:36:14','2010-10-28 10:36:14',1,'/html/product_content/201010/9247a7243b0847aea9d1d4d954f3cb98.html','2010新款韩版 磨砂牛皮 流苏女靴 时尚气质平跟马靴短靴子','SN_F7E5CB253583',NULL,'402881882badb4ed012bae53f9940034','402881862bf08f18012bf0b151cc0059');
INSERT INTO `deliveryitem` VALUES ('402881862bf08f18012bf0b1521a005b','2010-10-28 10:36:14','2010-10-28 10:36:14',0,'/html/product_content/201010/7c179f618edb461d9d8c6eec87e76dcc.html','李宁网络经典复刻 男子跑步鞋','SN_CC39F03C2C3E',NULL,'402881882badb4ed012bae80a9e3003a','402881862bf08f18012bf0b151cc0059');
INSERT INTO `deliveryitem` VALUES ('402881862bf08f18012bf0b1522a005c','2010-10-28 10:36:14','2010-10-28 10:36:14',0,'/html/product_content/201010/b3b268e12da948de86b68e2e56cff971.html','新款凉鞋 高跟鞋','SN_D5F2BD620475',NULL,'402881882badb4ed012bae84b624003b','402881862bf08f18012bf0b151cc0059');
INSERT INTO `deliveryitem` VALUES ('402881862bf08f18012bf0b15249005d','2010-10-28 10:36:14','2010-10-28 10:36:14',0,'/html/product_content/201010/487461b654234817a3b61ffb2fab52c6.html','卡芙琳 极简主义-经典简约中跟单鞋','SN_62E64F0B08D9',NULL,'402881882badb4ed012bae173b2a0033','402881862bf08f18012bf0b151cc0059');
INSERT INTO `deliveryitem` VALUES ('402881862bf08f18012bf0b366b2006d','2010-10-28 10:38:30','2010-10-28 10:38:30',1,'/html/product_content/201010/7c179f618edb461d9d8c6eec87e76dcc.html','李宁网络经典复刻 男子跑步鞋','SN_CC39F03C2C3E','402881862bf08f18012bf0b364ed006c','402881882badb4ed012bae80a9e3003a',NULL);
INSERT INTO `deliveryitem` VALUES ('402881862bf08f18012bf0b36877006e','2010-10-28 10:38:31','2010-10-28 10:38:31',1,'/html/product_content/201010/076dc53d2514416dafd189c6a5ac3b61.html','女士钱包可爱/卡通/时尚韩版长款女式钱夹','SN_D0EA2489EFB2','402881862bf08f18012bf0b364ed006c','402881882badb4ed012baed16d5d0048',NULL);
INSERT INTO `deliveryitem` VALUES ('402881862bf08f18012bf0b36a4c006f','2010-10-28 10:38:31','2010-10-28 10:38:31',1,'/html/product_content/201010/d6ca717fa2af4f90a7d0ee4814b1936e.html','美国苹果王/APPEAL 亮皮 真皮男士皮鞋 正装男鞋','SN_F598C58F2B01','402881862bf08f18012bf0b364ed006c','402881882badb4ed012bae6e64660037',NULL);
INSERT INTO `deliveryitem` VALUES ('402881862bf08f18012bf0b36c400070','2010-10-28 10:38:32','2010-10-28 10:38:32',1,'/html/product_content/201010/b0885f9027dc4a69933ca59cef4232b3.html','淑女车线/女士手提斜跨包/女包','SN_87FC2B5625E8','402881862bf08f18012bf0b364ed006c','402881882badb4ed012bae9ac452003f',NULL);
INSERT INTO `deliveryitem` VALUES ('402881862bf08f18012bf0b36e140071','2010-10-28 10:38:32','2010-10-28 10:38:32',1,'/html/product_content/201010/487461b654234817a3b61ffb2fab52c6.html','卡芙琳 极简主义-经典简约中跟单鞋','SN_62E64F0B08D9','402881862bf08f18012bf0b364ed006c','402881882badb4ed012bae173b2a0033',NULL);
INSERT INTO `deliveryitem` VALUES ('402881862bf08f18012bf0b36f9b0072','2010-10-28 10:38:32','2010-10-28 10:38:32',1,'/html/product_content/201010/b3b268e12da948de86b68e2e56cff971.html','新款凉鞋 高跟鞋','SN_D5F2BD620475','402881862bf08f18012bf0b364ed006c','402881882badb4ed012bae84b624003b',NULL);
UNLOCK TABLES;
CREATE TABLE `deliverytype` (
  `id` varchar(32) NOT NULL,
  `createDate` datetime default NULL,
  `modifyDate` datetime default NULL,
  `continueWeight` double NOT NULL,
  `continueWeightPrice` decimal(15,5) NOT NULL,
  `continueWeightUnit` int(11) NOT NULL,
  `deliveryMethod` int(11) NOT NULL,
  `description` text,
  `firstWeight` double NOT NULL,
  `firstWeightPrice` decimal(15,5) NOT NULL,
  `firstWeightUnit` int(11) NOT NULL,
  `name` varchar(255) NOT NULL,
  `orderList` int(11) NOT NULL,
  `defaultDeliveryCorp_id` varchar(32) default NULL,
  PRIMARY KEY  (`id`),
  UNIQUE KEY `name` (`name`),
  KEY `FK3271596E37A10E7D` (`defaultDeliveryCorp_id`)
) ENGINE=InnoDB DEFAULT CHARSET=utf8;
LOCK TABLES `deliverytype` WRITE;

INSERT INTO `deliverytype` VALUES ('402881862b9e7507012b9e7e24540008','2010-10-12 11:31:28','2010-10-27 22:46:27',1,5,1,0,'<p>配送时间：3-5天（配送时间自发货之日算起，实际送达时间，以投递方通知为准。）</p>\r\n<p>配送范围： 全国范围（除港澳台）</p>',1,10,1,'EMS',0,'402881882ba8753a012ba8b49033000f');
INSERT INTO `deliverytype` VALUES ('402881862b9f9e78012b9f9fe5a30001','2010-10-12 16:47:57','2010-10-27 22:45:41',1,5,1,0,'<p>﻿﻿﻿﻿﻿配送时间：1-4天（配送时间自发货之日算起，实际送达时间以投递方通知为准。）</p>\r\n<p>﻿﻿﻿﻿﻿配送范围：只可投递到您所选择城市的市区范围内，周边及下属县市、乡镇将无法投递。</p>',1,15,1,'快递公司',1,'402881862b9e7507012b9e7d64fc0007');
INSERT INTO `deliverytype` VALUES ('402881882ba8753a012ba8bc6582001a','2010-10-14 11:15:40','2010-10-27 22:45:54',1,0,1,0,'<p>配送时间：10-15天（配送时间自发货之日算起，实际送达时间以投递方通知为准。）</p>\r\n<p>配送范围： 全国范围（除港澳台）</p>',1,0,1,'普通快速（免费）',2,'402881882ba8753a012ba8b5a82b0010');
UNLOCK TABLES;
CREATE TABLE `deposit` (
  `id` varchar(32) NOT NULL,
  `createDate` datetime default NULL,
  `modifyDate` datetime default NULL,
  `balance` decimal(19,2) NOT NULL,
  `credit` decimal(19,2) NOT NULL,
  `debit` decimal(19,2) NOT NULL,
  `depositType` int(11) NOT NULL,
  `member_id` varchar(32) default NULL,
  PRIMARY KEY  (`id`),
  KEY `FKBFDFAE7ECA10C3E` (`member_id`)
) ENGINE=InnoDB DEFAULT CHARSET=utf8;
LOCK TABLES `deposit` WRITE;

UNLOCK TABLES;
CREATE TABLE `footer` (
  `id` varchar(32) NOT NULL,
  `createDate` datetime default NULL,
  `modifyDate` datetime default NULL,
  `content` text,
  PRIMARY KEY  (`id`)
) ENGINE=InnoDB DEFAULT CHARSET=utf8;
LOCK TABLES `footer` WRITE;

INSERT INTO `footer` VALUES ('1','1899-12-30 01:00:00','2010-10-28 00:17:27','<ul>\r\n<li><a>关于商城</a>|</li>\r\n<li><a>帮助中心</a>|</li>\r\n<li><a>网站地图</a>|</li>\r\n<li><a>诚聘英才</a>|</li>\r\n<li><a>联系我们</a>|</li>\r\n<li><a>版权说明</a></li>\r\n</ul>\r\n<ul>\r\n<p>Copyright &copy; 2010 SHOP++. All rights reserved. 长沙鼎诚软件有限公司</p>\r\n<p>Powered by <a class=\"systemName\" href=\"http://www.shopxx.net\" target=\"_blank\">SHOP<span>++</span> V2010</a></p>\r\n</ul>');
UNLOCK TABLES;
CREATE TABLE `friendlink` (
  `id` varchar(32) NOT NULL,
  `createDate` datetime default NULL,
  `modifyDate` datetime default NULL,
  `logo` varchar(255) default NULL,
  `name` varchar(255) NOT NULL,
  `orderList` int(11) NOT NULL,
  `url` varchar(255) NOT NULL,
  PRIMARY KEY  (`id`)
) ENGINE=InnoDB DEFAULT CHARSET=utf8;
LOCK TABLES `friendlink` WRITE;

INSERT INTO `friendlink` VALUES ('402881862b9e7507012b9e7c1b650004','2010-10-12 11:29:15','2010-10-27 23:03:33',NULL,'开源网店系统',1,'http://www.shopxx.net');
INSERT INTO `friendlink` VALUES ('402881862bee59d2012bee5e73d90001','2010-10-27 23:46:28','2010-10-27 23:46:28','/upload/image/d7f330b36cc1468e978a83b5edeb010e.gif','中国银行',0,'http://www.boc.cn');
INSERT INTO `friendlink` VALUES ('402881862bee59d2012bee6038d90002','2010-10-27 23:48:24','2010-10-27 23:48:24','/upload/image/b798c45e177e4486b3d91df376ffa605.gif','手机支付',0,'http://cmpay.10086.cn/');
INSERT INTO `friendlink` VALUES ('402881882bad57a5012bad5d4c1b0001','2010-10-15 08:49:54','2010-10-25 12:09:20',NULL,'SHOP++官方网站',2,'http://www.shopxx.net');
INSERT INTO `friendlink` VALUES ('402881882bbcd2f4012bbcdc13190001','2010-10-18 09:02:40','2010-10-25 12:10:19',NULL,'SHOP++技术论坛',6,'http://bbs.shopxx.net');
INSERT INTO `friendlink` VALUES ('402881882bbcd2f4012bbcdcc7a40002','2010-10-18 09:03:27','2010-10-25 12:09:53',NULL,'支付宝',3,'https://www.alipay.com');
INSERT INTO `friendlink` VALUES ('402881882bbcd2f4012bbcdd3d900003','2010-10-18 09:03:57','2010-10-25 12:10:11',NULL,'财付通',5,'https://www.tenpay.com');
INSERT INTO `friendlink` VALUES ('402881882bbdfe19012bbe51ac460005','2010-10-18 15:50:45','2010-10-18 16:26:43','/upload/image/351cf1e552314fa187c8cd2d4b1b28cb.png','支付宝',0,'https://www.alipay.com');
INSERT INTO `friendlink` VALUES ('402881882bbdfe19012bbe527fd20006','2010-10-18 15:51:39','2010-10-18 16:26:58','/upload/image/fc36b46c50a6485ca2b8e535d63c6a21.png','财付通',0,'https://www.tenpay.com');
INSERT INTO `friendlink` VALUES ('402881882bbdfe19012bbe53565c0007','2010-10-18 15:52:34','2010-10-25 12:10:03',NULL,'SHOP++体验商城',4,'http://www.shopxx.cn');
INSERT INTO `friendlink` VALUES ('402881882bbdfe19012bbe5498140008','2010-10-18 15:53:56','2010-10-25 12:10:27',NULL,'快钱',7,'https://www.99bill.com');
INSERT INTO `friendlink` VALUES ('402881882bbdfe19012bbe5560f10009','2010-10-18 15:54:47','2010-10-18 16:27:12','/upload/image/3f9825f3d5d84676865c4d5d6f67abaa.png','快钱',0,'https://www.99bill.com');
INSERT INTO `friendlink` VALUES ('402881882bbdfe19012bbe564c0d000a','2010-10-18 15:55:48','2010-10-25 12:10:36',NULL,'百度',10,'http://www.baidu.com');
INSERT INTO `friendlink` VALUES ('402881882bbdfe19012bbe577059000c','2010-10-18 15:57:02','2010-10-18 16:12:47',NULL,'Google',11,'http://www.google.com.hk');
INSERT INTO `friendlink` VALUES ('402881882bbdfe19012bbe591ffd000e','2010-10-18 15:58:53','2010-10-27 23:03:43',NULL,'免费商城系统',8,'http://www.shopxx.net');
INSERT INTO `friendlink` VALUES ('402881882bbdfe19012bbe5a05d9000f','2010-10-18 15:59:52','2010-10-18 16:28:02','/upload/image/095643f4ff4449ba9dfc78b12bdc4b3a.png','网上商城',0,'http://www.shopxx.net');
INSERT INTO `friendlink` VALUES ('402881882bbdfe19012bbe74c7840010','2010-10-18 16:29:05','2010-10-18 16:29:05','/upload/image/d8c231353b594de89ab0e9954ced0335.png','工商银行',0,'http://www.icbc.com.cn');
INSERT INTO `friendlink` VALUES ('402881882bbdfe19012bbe7627ef0011','2010-10-18 16:30:36','2010-10-18 16:30:36','/upload/image/e7b2b595a2724b87aa4fdecd34c75c79.png','建设银行',0,'http://www.ccb.com/cn/home/index.html');
INSERT INTO `friendlink` VALUES ('402881882bbdfe19012bbe771ee20012','2010-10-18 16:31:39','2010-10-18 16:31:39','/upload/image/e11494cddc0a4d66ad4a90588168fa75.png','农业银行',0,'http://www.abchina.com/cn/default.htm');
UNLOCK TABLES;
CREATE TABLE `log` (
  `id` varchar(32) NOT NULL,
  `createDate` datetime default NULL,
  `modifyDate` datetime default NULL,
  `actionClassName` varchar(255) NOT NULL,
  `actionMethodName` varchar(255) NOT NULL,
  `info` text,
  `ip` varchar(255) NOT NULL,
  `operationName` varchar(255) NOT NULL,
  `operator` varchar(255) NOT NULL,
  PRIMARY KEY  (`id`)
) ENGINE=InnoDB DEFAULT CHARSET=utf8;
LOCK TABLES `log` WRITE;

UNLOCK TABLES;
CREATE TABLE `logconfig` (
  `id` varchar(32) NOT NULL,
  `createDate` datetime default NULL,
  `modifyDate` datetime default NULL,
  `actionClassName` varchar(255) NOT NULL,
  `actionMethodName` varchar(255) NOT NULL,
  `description` text,
  `operationName` varchar(255) NOT NULL,
  PRIMARY KEY  (`id`),
  UNIQUE KEY `operationName` (`operationName`),
  UNIQUE KEY `actionClassName` (`actionClassName`,`actionMethodName`)
) ENGINE=InnoDB DEFAULT CHARSET=utf8;
LOCK TABLES `logconfig` WRITE;

UNLOCK TABLES;
CREATE TABLE `member` (
  `id` varchar(32) NOT NULL,
  `createDate` datetime default NULL,
  `modifyDate` datetime default NULL,
  `deposit` decimal(15,5) NOT NULL,
  `email` varchar(255) NOT NULL,
  `isAccountEnabled` bit(1) NOT NULL,
  `isAccountLocked` bit(1) NOT NULL,
  `lockedDate` datetime default NULL,
  `loginDate` datetime default NULL,
  `loginFailureCount` int(11) NOT NULL,
  `loginIp` varchar(255) default NULL,
  `password` varchar(255) NOT NULL,
  `passwordRecoverKey` varchar(255) default NULL,
  `point` int(11) NOT NULL,
  `registerIp` varchar(255) NOT NULL,
  `safeAnswer` varchar(255) default NULL,
  `safeQuestion` varchar(255) default NULL,
  `username` varchar(255) NOT NULL,
  `memberRank_id` varchar(32) NOT NULL,
  PRIMARY KEY  (`id`),
  UNIQUE KEY `username` (`username`),
  KEY `FK892776BA60FA1EDE` (`memberRank_id`)
) ENGINE=InnoDB DEFAULT CHARSET=utf8;
LOCK TABLES `member` WRITE;

INSERT INTO `member` VALUES ('402881862bee59d2012beeac1e7a0003','2010-10-28 01:11:18','2010-10-28 10:41:28',0,'test@shopxx.net',b'1',b'0',NULL,'2010-10-28 10:41:28',0,'192.168.1.3','098f6bcd4621d373cade4e832627b4f6',NULL,0,'127.0.0.1',NULL,NULL,'test','402881862be164ae012be16ab6fd0004');
INSERT INTO `member` VALUES ('402881862bf08f18012bf0a0eae2000e','2010-10-28 10:18:19','2010-10-28 10:38:35',0,'test1@shopxx.net',b'1',b'0',NULL,'2010-10-28 10:30:49',0,'192.168.1.13','5a105e8b9d40e1329780d62ea2265d8a',NULL,898,'192.168.1.3',NULL,NULL,'test1','402881862be164ae012be16ab6fd0004');
INSERT INTO `member` VALUES ('402881862bf08f18012bf0a16b7c0010','2010-10-28 10:18:52','2010-10-28 10:34:46',0,'test2@shopxx.net',b'1',b'0',NULL,'2010-10-28 10:34:46',0,'192.168.1.13','ad0234829205b9033196ba818f7a872b',NULL,0,'192.168.1.3',NULL,NULL,'test2','402881862be164ae012be16ab6fd0004');
INSERT INTO `member` VALUES ('402881862bf08f18012bf0a1d6b90011','2010-10-28 10:19:19','2010-10-28 10:37:08',0,'test3@shopxx.net',b'1',b'0',NULL,'2010-10-28 10:37:08',0,'192.168.1.13','8ad8757baa8564dc136c1e07507f4a98',NULL,0,'192.168.1.3',NULL,NULL,'test3','402881862be164ae012be16ab6fd0004');
INSERT INTO `member` VALUES ('402881862bf08f18012bf0a21fc80012','2010-10-28 10:19:38','2010-10-28 10:39:13',0,'test4@shopxx.net',b'1',b'0',NULL,'2010-10-28 10:39:13',0,'192.168.1.13','86985e105f79b95d6bc918fb45ec7727',NULL,0,'192.168.1.3',NULL,NULL,'test4','402881862be164ae012be16ab6fd0004');
INSERT INTO `member` VALUES ('402881862bf08f18012bf0a3300f0015','2010-10-28 10:20:48','2010-10-28 10:42:30',0,'test5@shopxx.net',b'1',b'0',NULL,'2010-10-28 10:42:30',0,'192.168.1.13','e3d704f3542b44a621ebed70dc0efe13',NULL,0,'192.168.1.3',NULL,NULL,'test5','402881862be164ae012be16ab6fd0004');
INSERT INTO `member` VALUES ('402881862bf08f18012bf0a39b6c0016','2010-10-28 10:21:15','2010-10-28 10:29:57',0,'test6@shopxx.net',b'1',b'0',NULL,'2010-10-28 10:29:57',0,'192.168.1.3','4cfad7076129962ee70c36839a1e3e15',NULL,0,'192.168.1.3',NULL,NULL,'test6','402881862be164ae012be16ab6fd0004');
INSERT INTO `member` VALUES ('402881862bf08f18012bf0a3eff40017','2010-10-28 10:21:37','2010-10-28 10:40:29',0,'test7@shopxx.net',b'1',b'0',NULL,'2010-10-28 10:40:29',0,'192.168.1.3','b04083e53e242626595e2b8ea327e525',NULL,0,'192.168.1.3',NULL,NULL,'test7','402881862be164ae012be16ab6fd0004');
INSERT INTO `member` VALUES ('402881862bf08f18012bf0a4d34f0019','2010-10-28 10:22:35','2010-10-28 10:39:39',0,'test8@shopxx.net',b'1',b'0',NULL,'2010-10-28 10:39:39',0,'192.168.1.3','5e40d09fa0529781afd1254a42913847',NULL,0,'192.168.1.3',NULL,NULL,'test8','402881862be164ae012be16ab6fd0004');
INSERT INTO `member` VALUES ('402881862bf08f18012bf0a591ec001a','2010-10-28 10:23:24','2010-10-28 10:30:56',0,'test9@shopxx.net',b'1',b'0',NULL,'2010-10-28 10:30:56',0,'192.168.1.3','739969b53246b2c727850dbb3490ede6',NULL,0,'192.168.1.3',NULL,NULL,'test9','402881862be164ae012be16ab6fd0004');
UNLOCK TABLES;
CREATE TABLE `member_memberattributemapstore` (
  `Member_id` varchar(32) NOT NULL,
  `element` varchar(255) default NULL,
  `mapkey_id` varchar(32) NOT NULL,
  PRIMARY KEY  (`Member_id`,`mapkey_id`),
  KEY `FK854979A267DDC435` (`mapkey_id`),
  KEY `FK854979A2CA10C3E` (`Member_id`)
) ENGINE=InnoDB DEFAULT CHARSET=utf8;
LOCK TABLES `member_memberattributemapstore` WRITE;

INSERT INTO `member_memberattributemapstore` VALUES ('402881862bee59d2012beeac1e7a0003','[\"010-88888888\"]','402881862bedd9fc012bee0e33890008');
INSERT INTO `member_memberattributemapstore` VALUES ('402881862bee59d2012beeac1e7a0003','[\"13888888888\"]','402881882badb4ed012badb9b16d0003');
INSERT INTO `member_memberattributemapstore` VALUES ('402881862bee59d2012beeac1e7a0003','[\"888888888\"]','402881882badb4ed012badc9b4ab0013');
INSERT INTO `member_memberattributemapstore` VALUES ('402881862bee59d2012beeac1e7a0003','[\"北京经济技术开发区\"]','402881882badb4ed012badca1d480014');
UNLOCK TABLES;
CREATE TABLE `member_product` (
  `favoriteMemberSet_id` varchar(32) NOT NULL,
  `favoriteProductSet_id` varchar(32) NOT NULL,
  PRIMARY KEY  (`favoriteMemberSet_id`,`favoriteProductSet_id`),
  KEY `FK9460284A15D7A056` (`favoriteProductSet_id`),
  KEY `FK9460284A686A142C` (`favoriteMemberSet_id`)
) ENGINE=InnoDB DEFAULT CHARSET=utf8;
LOCK TABLES `member_product` WRITE;

INSERT INTO `member_product` VALUES ('402881862bee59d2012beeac1e7a0003','402881882badb4ed012bae5dae620035');
INSERT INTO `member_product` VALUES ('402881862bee59d2012beeac1e7a0003','402881882badb4ed012bae9ac452003f');
INSERT INTO `member_product` VALUES ('402881862bee59d2012beeac1e7a0003','402881882badb4ed012baeb177c90043');
INSERT INTO `member_product` VALUES ('402881862bee59d2012beeac1e7a0003','402881882badb4ed012baed16d5d0048');
INSERT INTO `member_product` VALUES ('402881862bee59d2012beeac1e7a0003','402881882bb2c00c012bb3a47a950011');
UNLOCK TABLES;
CREATE TABLE `memberattribute` (
  `id` varchar(32) NOT NULL,
  `createDate` datetime default NULL,
  `modifyDate` datetime default NULL,
  `attributeOptionStore` varchar(255) default NULL,
  `attributeType` int(11) NOT NULL,
  `isEnabled` bit(1) NOT NULL,
  `isRequired` bit(1) NOT NULL,
  `name` varchar(255) NOT NULL,
  `orderList` int(11) NOT NULL,
  PRIMARY KEY  (`id`),
  UNIQUE KEY `name` (`name`)
) ENGINE=InnoDB DEFAULT CHARSET=utf8;
LOCK TABLES `memberattribute` WRITE;

INSERT INTO `memberattribute` VALUES ('402881862bedd9fc012bee0e33890008','2010-10-27 22:18:49','2010-10-27 22:19:11',NULL,13,b'1',b'0','电话',1);
INSERT INTO `memberattribute` VALUES ('402881882badb4ed012badb9b16d0003','2010-10-15 10:30:49','2010-10-27 22:18:20',NULL,12,b'1',b'0','手机',0);
INSERT INTO `memberattribute` VALUES ('402881882badb4ed012badc9b4ab0013','2010-10-15 10:48:18','2010-10-27 22:19:22',NULL,14,b'1',b'0','联系QQ',3);
INSERT INTO `memberattribute` VALUES ('402881882badb4ed012badca1d480014','2010-10-15 10:48:45','2010-10-27 22:19:17',NULL,10,b'1',b'0','联系地址',2);
UNLOCK TABLES;
CREATE TABLE `memberrank` (
  `id` varchar(32) NOT NULL,
  `createDate` datetime default NULL,
  `modifyDate` datetime default NULL,
  `isDefault` bit(1) NOT NULL,
  `name` varchar(255) NOT NULL,
  `point` int(11) NOT NULL,
  `preferentialScale` double NOT NULL,
  PRIMARY KEY  (`id`),
  UNIQUE KEY `name` (`name`),
  UNIQUE KEY `point` (`point`)
) ENGINE=InnoDB DEFAULT CHARSET=utf8;
LOCK TABLES `memberrank` WRITE;

INSERT INTO `memberrank` VALUES ('402881862be164ae012be16ab6fd0004','2010-10-25 11:24:48','2010-10-25 11:25:44',b'1','普通会员',0,100);
INSERT INTO `memberrank` VALUES ('402881862be164ae012be16affce0005','2010-10-25 11:25:07','2010-10-27 23:00:12',b'0','高级会员',5000,96);
INSERT INTO `memberrank` VALUES ('402881862bedd9fc012bee0b65170005','2010-10-27 22:15:45','2010-10-27 23:00:35',b'0','白金会员',10000,93);
INSERT INTO `memberrank` VALUES ('402881862bedd9fc012bee0bb9800006','2010-10-27 22:16:07','2010-10-27 23:00:43',b'0','钻石会员',50000,90);
UNLOCK TABLES;
CREATE TABLE `message` (
  `id` varchar(32) NOT NULL,
  `createDate` datetime default NULL,
  `modifyDate` datetime default NULL,
  `content` text NOT NULL,
  `deleteStatus` int(11) NOT NULL,
  `isRead` bit(1) NOT NULL,
  `isSaveDraftbox` bit(1) NOT NULL,
  `title` varchar(255) NOT NULL,
  `fromMember_id` varchar(32) default NULL,
  `toMember_id` varchar(32) default NULL,
  PRIMARY KEY  (`id`),
  KEY `FK9C2397E7145FF3D4` (`fromMember_id`),
  KEY `FK9C2397E7701A1823` (`toMember_id`)
) ENGINE=InnoDB DEFAULT CHARSET=utf8;
LOCK TABLES `message` WRITE;

INSERT INTO `message` VALUES ('402881862bf08f18012bf0b40e9a007d','2010-10-28 10:39:13','2010-10-28 10:40:52','shop++体验合格',2,b'1',b'0','shop++','402881862bf08f18012bf0a591ec001a',NULL);
INSERT INTO `message` VALUES ('402881862bf08f18012bf0b4c6420085','2010-10-28 10:40:00','2010-10-28 10:40:52','shop++体验合格',2,b'1',b'0','shop++','402881862bf08f18012bf0a4d34f0019',NULL);
INSERT INTO `message` VALUES ('402881862bf08f18012bf0b95c060093','2010-10-28 10:45:01','2010-10-28 10:45:33','shop++网店管理系统已正试发布，欢迎广大用户参加体验。',0,b'1',b'0','shop++网站管理系统','402881862bee59d2012beeac1e7a0003',NULL);
INSERT INTO `message` VALUES ('402881862bf08f18012bf0b965e9009d','2010-10-28 10:45:03','2010-10-28 11:02:15','欢迎来到SHOP++体验商城，我们一直在孜孜不倦地改进着自己的服务工作，希望为您提供更加便捷、超值，更加愉悦的服务。期待着您能认同我们的这一份努力！并希望您能一如既往的支持与信任我们。',0,b'1',b'0','欢迎使用SHOP++体验商城',NULL,'402881862bee59d2012beeac1e7a0003');
INSERT INTO `message` VALUES ('402881862bf08f18012bf0b9e913009f','2010-10-28 10:45:37','2010-10-28 10:55:28','shop++网店管理系统已正试发布，欢迎广大用户参加体验。',1,b'1',b'0','shop++','402881862bee59d2012beeac1e7a0003',NULL);
INSERT INTO `message` VALUES ('402881862bf08f18012bf0bb296300a0','2010-10-28 10:46:59','2010-10-28 10:46:59','SHOP++V2010版网店管理系统已正试发布，欢迎广大用户参加体验。',0,b'0',b'0','SHOP++','402881862bee59d2012beeac1e7a0003',NULL);
INSERT INTO `message` VALUES ('402881862bf08f18012bf0bb88f800a2','2010-10-28 10:47:23','2010-10-28 10:47:23','SHOP++V2010版网店管理系统已正试发布，欢迎广大用户参加体验。',0,b'0',b'0','SHOP++','402881862bee59d2012beeac1e7a0003',NULL);
INSERT INTO `message` VALUES ('402881862bf08f18012bf0bd6c2000a6','2010-10-28 10:49:27','2010-10-28 10:49:27','SHOP++V2010网店管理系统已正试发布，热烈\r\n欢迎广大用户参加体验。',0,b'0',b'0','SHOP++体验','402881862bee59d2012beeac1e7a0003',NULL);
INSERT INTO `message` VALUES ('402881862bf08f18012bf0c3509c00af','2010-10-28 10:55:53','2010-10-28 10:55:53','SHOP++V2010网店管理系统已正试发布，热烈\r\n欢迎广大用户参加体验',0,b'0',b'0','SHOP++','402881862bee59d2012beeac1e7a0003',NULL);
UNLOCK TABLES;
CREATE TABLE `navigation` (
  `id` varchar(32) NOT NULL,
  `createDate` datetime default NULL,
  `modifyDate` datetime default NULL,
  `isBlankTarget` bit(1) NOT NULL,
  `isVisible` bit(1) NOT NULL,
  `name` varchar(255) NOT NULL,
  `orderList` int(11) NOT NULL,
  `position` int(11) NOT NULL,
  `url` varchar(255) NOT NULL,
  PRIMARY KEY  (`id`)
) ENGINE=InnoDB DEFAULT CHARSET=utf8;
LOCK TABLES `navigation` WRITE;

INSERT INTO `navigation` VALUES ('402881862bedd9fc012bee0093ed0003','2010-10-27 22:03:56','2010-10-27 22:04:47',b'1',b'1','SHOP++论坛',3,0,'http://bbs.shopxx.net');
INSERT INTO `navigation` VALUES ('402881862bedd9fc012bee0115fe0004','2010-10-27 22:04:30','2010-10-27 22:04:52',b'1',b'1','SHOP++官方网站',4,0,'http://www.shopxx.net');
INSERT INTO `navigation` VALUES ('402881882ba98cce012ba9d5a2460018','2010-10-14 16:22:51','2010-10-27 22:05:45',b'0',b'1','魅力男装',2,1,'${base}/shop/product!list.action?id=402881882ba8753a012ba952154601c0');
INSERT INTO `navigation` VALUES ('402881882ba98cce012ba9d5cd0f0019','2010-10-14 16:23:02','2010-10-27 22:05:35',b'0',b'1','潮流女装',1,1,'${base}/shop/product!list.action?id=402881882ba8753a012ba9545eb901c1');
INSERT INTO `navigation` VALUES ('402881882ba98cce012ba9d5eb07001a','2010-10-14 16:23:10','2010-10-27 22:06:09',b'0',b'1','精美配饰',5,1,'${base}/shop/product!list.action?id=402881882ba8753a012ba954f95301c2');
INSERT INTO `navigation` VALUES ('402881882ba98cce012ba9d60b03001b','2010-10-14 16:23:18','2010-10-27 22:06:02',b'0',b'1','童装母婴',4,1,'${base}/shop/product!list.action?id=402881882ba8753a012ba955ca2001c4');
INSERT INTO `navigation` VALUES ('402881882ba98cce012ba9d62419001c','2010-10-14 16:23:24','2010-10-27 22:05:55',b'0',b'1','时尚鞋包',3,1,'${base}/shop/product!list.action?id=402881882ba8753a012ba95d56ae01cc');
INSERT INTO `navigation` VALUES ('402881882ba98cce012ba9d6ab1b001d','2010-10-14 16:23:59','2010-10-27 22:04:38',b'0',b'1','帮助中心',1,0,'${base}/shop/article!list.action?id=402881882ba8455f012ba86db8560006');
INSERT INTO `navigation` VALUES ('402881882ba98cce012ba9d6e43c001e','2010-10-14 16:24:14','2010-10-27 22:06:32',b'0',b'1','购物流程',0,2,'${base}/html/article_content/201010/9102600e47b7401b843ad3722e1e9b70.html');
INSERT INTO `navigation` VALUES ('402881882ba98cce012ba9db98a4001f','2010-10-14 16:29:22','2010-10-27 22:06:42',b'0',b'1','网站制度',0,2,'${base}/html/article_content/201010/90eb7634990341909027a5e20245b3e1.html');
INSERT INTO `navigation` VALUES ('402881882ba98cce012ba9dbe8c80020','2010-10-14 16:29:42','2010-10-27 22:06:51',b'0',b'1','订单查询',0,2,'${base}/html/article_content/201010/50588403d9dd494c9035fa763e49e112.html');
INSERT INTO `navigation` VALUES ('402881882ba98cce012baa5805da0027','2010-10-14 18:45:16','2010-10-27 22:06:58',b'0',b'1','积分说明',0,2,'${base}/html/article_content/201010/390aed8de096473aa3fd928c25bf9fb9.html');
INSERT INTO `navigation` VALUES ('402881882ba98cce012baa5888780028','2010-10-14 18:45:50','2010-10-27 22:07:06',b'0',b'1','会员注册协议',0,2,'${base}/html/article_content/201010/c55109104bb241c7a51605602b1531df.html');
INSERT INTO `navigation` VALUES ('402881882ba98cce012baa58f1440029','2010-10-14 18:46:17','2010-10-27 22:42:41',b'0',b'1','会员等级',0,2,'${base}/html/article_content/201010/0340b92488ca464aa8d545fb899dcd25.html');
INSERT INTO `navigation` VALUES ('402881882ba98cce012baa5945fb002a','2010-10-14 18:46:38','2010-10-27 23:00:07',b'0',b'1','网上支付',0,2,'${base}/html/article_content/201010/fd97e448663c4f5a8f033743328a8038.html');
INSERT INTO `navigation` VALUES ('402881882ba98cce012baa598d84002b','2010-10-14 18:46:57','2010-10-27 22:59:33',b'0',b'1','邮局汇款',0,2,'${base}/shopxx/html/article_content/201010/fd97e448663c4f5a8f033743328a8038.html');
INSERT INTO `navigation` VALUES ('402881882ba98cce012baa5a7ce5002d','2010-10-14 18:47:58','2010-10-27 22:09:04',b'0',b'1','退货政策',0,2,'${base}/html/article_content/201010/ac6f0b7c351c41058dc800ea0091e26c.html');
INSERT INTO `navigation` VALUES ('402881882ba98cce012baa5ac42f002e','2010-10-14 18:48:16','2010-10-27 22:09:13',b'0',b'1','关于我们',0,2,'${base}/html/article_content/201010/070088f2df794b26b03bdf022565f1f2.html');
INSERT INTO `navigation` VALUES ('402881882ba98cce012baa5b09c4002f','2010-10-14 18:48:34','2010-10-27 22:09:21',b'0',b'1','发票制度说明',0,2,'${base}/html/article_content/201010/82c2ffe3f0234a6ba2aed4727a75a19a.html');
INSERT INTO `navigation` VALUES ('402881882ba98cce012baa5b4ad40030','2010-10-14 18:48:51','2010-10-27 22:09:35',b'0',b'1','常见问题',0,2,'${base}/html/article_content/201010/cb4b35cc2fd14ddbb20b49d7637fab2f.html');
INSERT INTO `navigation` VALUES ('402881882bad57a5012bad8245500003','2010-10-15 09:30:17','2010-10-27 22:01:03',b'0',b'1','收藏本站',0,0,'javascript: addFavorite(\'${systemConfig.shopUrl}\',\'${systemConfig.shopName}\')');
INSERT INTO `navigation` VALUES ('402881882badb4ed012badc294f0000f','2010-10-15 10:40:31','2010-10-27 22:06:17',b'0',b'1','家具用品',6,1,'${base}/shop/product!list.action?id=402881882badb4ed012badbb47bc0004');
INSERT INTO `navigation` VALUES ('402881882badb4ed012badc775b70012','2010-10-15 10:45:51','2010-10-27 22:05:11',b'0',b'1','首页',0,1,'${base}/');
INSERT INTO `navigation` VALUES ('402881882bbdfe19012bbe924ac10014','2010-10-18 17:01:19','2010-10-27 22:04:42',b'0',b'1','联系我们',2,0,'${base}/html/article_content/201010/5010509a555548939840a3103d3cea71.html');
UNLOCK TABLES;
CREATE TABLE `orderitem` (
  `id` varchar(32) NOT NULL,
  `createDate` datetime default NULL,
  `modifyDate` datetime default NULL,
  `deliveryQuantity` int(11) NOT NULL,
  `productHtmlFilePath` varchar(255) NOT NULL,
  `productName` varchar(255) NOT NULL,
  `productPrice` decimal(15,5) NOT NULL,
  `productQuantity` int(11) NOT NULL,
  `productSn` varchar(255) NOT NULL,
  `totalDeliveryQuantity` int(11) NOT NULL,
  `order_id` varchar(32) NOT NULL,
  `product_id` varchar(32) default NULL,
  PRIMARY KEY  (`id`),
  KEY `FK60163F613F4585B6` (`order_id`),
  KEY `FK60163F61F4E7D716` (`product_id`)
) ENGINE=InnoDB DEFAULT CHARSET=utf8;
LOCK TABLES `orderitem` WRITE;

INSERT INTO `orderitem` VALUES ('402881862bf08f18012bf0a872210021','2010-10-28 10:26:32','2010-10-28 10:26:32',0,'/html/product_content/201010/975fcae6a1ab42ef98e4a9c8072d13f2.html','2010秋季新款 kappa靠背 女 运动套装 开衫长袖 运动服',245,1,'SN_1BA426043294',0,'402881862bf08f18012bf0a872020020','402881882bb2c00c012bb3a47a950011');
INSERT INTO `orderitem` VALUES ('402881862bf08f18012bf0a872310022','2010-10-28 10:26:32','2010-10-28 10:26:32',0,'/html/product_content/201010/dd17736a25294d19b721bfe28eafb69f.html','2010新款春夏装 必备韩版流行时尚百搭玫瑰花苞连衣裙',85,1,'SN_A02180DCDA4C',0,'402881862bf08f18012bf0a872020020','402881882badb4ed012bae05c86e0032');
INSERT INTO `orderitem` VALUES ('402881862bf08f18012bf0a9da3c0028','2010-10-28 10:28:04','2010-10-28 10:28:04',0,'/html/product_content/201010/3ba4738e316d4ad3a74fd3183b74fa1f.html','新款小礼服连衣裙公主小礼服晚装礼服',138,1,'SN_5938359D366A',0,'402881862bf08f18012bf0a9da2d0027','402881882badb4ed012baee78acd004c');
INSERT INTO `orderitem` VALUES ('402881862bf08f18012bf0a9da4c0029','2010-10-28 10:28:04','2010-10-28 10:28:04',0,'/html/product_content/201010/ff00c3db01f4417196e75ec198449a52.html','韩国2010秋装新款女装开衫针织衫',78,1,'SN_DE1BD17A1CE8',0,'402881862bf08f18012bf0a9da2d0027','402881882badb4ed012badf956a30030');
INSERT INTO `orderitem` VALUES ('402881862bf08f18012bf0ab28d5002e','2010-10-28 10:29:30','2010-10-28 10:29:30',0,'/html/product_content/201010/d6ca717fa2af4f90a7d0ee4814b1936e.html','美国苹果王/APPEAL 亮皮 真皮男士皮鞋 正装男鞋',248,1,'SN_F598C58F2B01',0,'402881862bf08f18012bf0ab28c5002d','402881882badb4ed012bae6e64660037');
INSERT INTO `orderitem` VALUES ('402881862bf08f18012bf0ab28e4002f','2010-10-28 10:29:30','2010-10-28 10:29:30',0,'/html/product_content/201010/9247a7243b0847aea9d1d4d954f3cb98.html','2010新款韩版 磨砂牛皮 流苏女靴 时尚气质平跟马靴短靴子',188,1,'SN_F7E5CB253583',0,'402881862bf08f18012bf0ab28c5002d','402881882badb4ed012bae53f9940034');
INSERT INTO `orderitem` VALUES ('402881862bf08f18012bf0ad8bea0037','2010-10-28 10:32:06','2010-10-28 10:36:14',0,'/html/product_content/201010/9247a7243b0847aea9d1d4d954f3cb98.html','2010新款韩版 磨砂牛皮 流苏女靴 时尚气质平跟马靴短靴子',188,1,'SN_F7E5CB253583',1,'402881862bf08f18012bf0ad8bdb0036','402881882badb4ed012bae53f9940034');
INSERT INTO `orderitem` VALUES ('402881862bf08f18012bf0ad8c090038','2010-10-28 10:32:06','2010-10-28 10:32:06',0,'/html/product_content/201010/7c179f618edb461d9d8c6eec87e76dcc.html','李宁网络经典复刻 男子跑步鞋',218,1,'SN_CC39F03C2C3E',0,'402881862bf08f18012bf0ad8bdb0036','402881882badb4ed012bae80a9e3003a');
INSERT INTO `orderitem` VALUES ('402881862bf08f18012bf0ad8c190039','2010-10-28 10:32:06','2010-10-28 10:32:06',0,'/html/product_content/201010/b3b268e12da948de86b68e2e56cff971.html','新款凉鞋 高跟鞋',128,1,'SN_D5F2BD620475',0,'402881862bf08f18012bf0ad8bdb0036','402881882badb4ed012bae84b624003b');
INSERT INTO `orderitem` VALUES ('402881862bf08f18012bf0ad8c38003a','2010-10-28 10:32:06','2010-10-28 10:36:06',1,'/html/product_content/201010/487461b654234817a3b61ffb2fab52c6.html','卡芙琳 极简主义-经典简约中跟单鞋',158,1,'SN_62E64F0B08D9',1,'402881862bf08f18012bf0ad8bdb0036','402881882badb4ed012bae173b2a0033');
INSERT INTO `orderitem` VALUES ('402881862bf08f18012bf0ae91250047','2010-10-28 10:33:13','2010-10-28 10:38:30',1,'/html/product_content/201010/7c179f618edb461d9d8c6eec87e76dcc.html','李宁网络经典复刻 男子跑步鞋',218,1,'SN_CC39F03C2C3E',1,'402881862bf08f18012bf0ae91160046','402881882badb4ed012bae80a9e3003a');
INSERT INTO `orderitem` VALUES ('402881862bf08f18012bf0ae91440048','2010-10-28 10:33:13','2010-10-28 10:38:30',1,'/html/product_content/201010/076dc53d2514416dafd189c6a5ac3b61.html','女士钱包可爱/卡通/时尚韩版长款女式钱夹',78,1,'SN_D0EA2489EFB2',1,'402881862bf08f18012bf0ae91160046','402881882badb4ed012baed16d5d0048');
INSERT INTO `orderitem` VALUES ('402881862bf08f18012bf0ae91540049','2010-10-28 10:33:13','2010-10-28 10:38:31',1,'/html/product_content/201010/d6ca717fa2af4f90a7d0ee4814b1936e.html','美国苹果王/APPEAL 亮皮 真皮男士皮鞋 正装男鞋',248,1,'SN_F598C58F2B01',1,'402881862bf08f18012bf0ae91160046','402881882badb4ed012bae6e64660037');
INSERT INTO `orderitem` VALUES ('402881862bf08f18012bf0ae9173004a','2010-10-28 10:33:13','2010-10-28 10:38:31',1,'/html/product_content/201010/b0885f9027dc4a69933ca59cef4232b3.html','淑女车线/女士手提斜跨包/女包',68,1,'SN_87FC2B5625E8',1,'402881862bf08f18012bf0ae91160046','402881882badb4ed012bae9ac452003f');
INSERT INTO `orderitem` VALUES ('402881862bf08f18012bf0ae9183004b','2010-10-28 10:33:13','2010-10-28 10:38:32',1,'/html/product_content/201010/487461b654234817a3b61ffb2fab52c6.html','卡芙琳 极简主义-经典简约中跟单鞋',158,1,'SN_62E64F0B08D9',1,'402881862bf08f18012bf0ae91160046','402881882badb4ed012bae173b2a0033');
INSERT INTO `orderitem` VALUES ('402881862bf08f18012bf0ae91a2004c','2010-10-28 10:33:13','2010-10-28 10:38:32',1,'/html/product_content/201010/b3b268e12da948de86b68e2e56cff971.html','新款凉鞋 高跟鞋',128,1,'SN_D5F2BD620475',1,'402881862bf08f18012bf0ae91160046','402881882badb4ed012bae84b624003b');
INSERT INTO `orderitem` VALUES ('402881862bf08f18012bf0b1a9fe0061','2010-10-28 10:36:36','2010-10-28 10:36:36',0,'/html/product_content/201010/e21cd4464c854db3bd2355b9c31d565b.html','2010秋装款play川久保玲潮牌直筒 时尚休闲牛仔裤',95,1,'SN_5B85C0BFCF97',0,'402881862bf08f18012bf0b1a9ee0060','402881882bbcd2f4012bbd7840ba000a');
INSERT INTO `orderitem` VALUES ('402881862bf08f18012bf0b1aa1d0062','2010-10-28 10:36:36','2010-10-28 10:36:36',0,'/html/product_content/201010/0d3aa93c99a8468e8d67d25d9d314032.html','阿迪达斯 adidas 男士 运动套装',188,1,'SN_80125D632FEB',0,'402881862bf08f18012bf0b1a9ee0060','402881882badb4ed012bae74783e0038');
INSERT INTO `orderitem` VALUES ('402881862bf08f18012bf0b1aa2d0063','2010-10-28 10:36:36','2010-10-28 10:36:36',0,'/html/product_content/201010/c71b9d0e0e1643f089dda97fa6442ac6.html','欧蒂爱 竹炭纤维运动男袜 防臭 保护脚踝 防扭伤 秋冬厚款',8,1,'SN_92C8BF4146A3',0,'402881862bf08f18012bf0b1a9ee0060','402881882bbcd2f4012bbd826374000e');
INSERT INTO `orderitem` VALUES ('402881862bf08f18012bf0b1aa4c0064','2010-10-28 10:36:36','2010-10-28 10:36:36',0,'/html/product_content/201010/975fcae6a1ab42ef98e4a9c8072d13f2.html','2010秋季新款 kappa靠背 女 运动套装 开衫长袖 运动服',245,1,'SN_1BA426043294',0,'402881862bf08f18012bf0b1a9ee0060','402881882bb2c00c012bb3a47a950011');
INSERT INTO `orderitem` VALUES ('402881862bf08f18012bf0b373250076','2010-10-28 10:38:33','2010-10-28 10:38:33',0,'/html/product_content/201010/37a29387674e471d93a434d3309ee9ed.html','新款 韩版西裤 休闲西裤 修身西裤 男装西裤',158,1,'SN_0A79E9F1E619',0,'402881862bf08f18012bf0b373060075','402881882bbcd2f4012bbd7d0e48000c');
INSERT INTO `orderitem` VALUES ('402881862bf08f18012bf0b373350077','2010-10-28 10:38:33','2010-10-28 10:38:33',0,'/html/product_content/201010/e21cd4464c854db3bd2355b9c31d565b.html','2010秋装款play川久保玲潮牌直筒 时尚休闲牛仔裤',95,1,'SN_5B85C0BFCF97',0,'402881862bf08f18012bf0b373060075','402881882bbcd2f4012bbd7840ba000a');
INSERT INTO `orderitem` VALUES ('402881862bf08f18012bf0b373440078','2010-10-28 10:38:33','2010-10-28 10:38:33',0,'/html/product_content/201010/4de5bce34cdf42f18badc87c99ef2b9d.html','10新款秋装英伦休闲纯棉V领撞色针织衫毛衫毛衣',149,1,'SN_03134E2262F4',0,'402881862bf08f18012bf0b373060075','402881882badb4ed012bae65af360036');
INSERT INTO `orderitem` VALUES ('402881862bf08f18012bf0b373640079','2010-10-28 10:38:33','2010-10-28 10:38:33',0,'/html/product_content/201010/55b028625122438f8b9d23e9503eb9ae.html','商务男装修身休闲西服 单扣收腰小西装套装',299,1,'SN_DCAAF65D2208',0,'402881862bf08f18012bf0b373060075','402881882badb4ed012bae5dae620035');
INSERT INTO `orderitem` VALUES ('402881862bf08f18012bf0b5b5160088','2010-10-28 10:41:01','2010-10-28 10:41:01',0,'/html/product_content/201010/b0885f9027dc4a69933ca59cef4232b3.html','淑女车线/女士手提斜跨包/女包',68,1,'SN_87FC2B5625E8',0,'402881862bf08f18012bf0b5b5070087','402881882badb4ed012bae9ac452003f');
INSERT INTO `orderitem` VALUES ('402881862bf08f18012bf0b5b5360089','2010-10-28 10:41:01','2010-10-28 10:41:01',0,'/html/product_content/201010/076dc53d2514416dafd189c6a5ac3b61.html','女士钱包可爱/卡通/时尚韩版长款女式钱夹',78,1,'SN_D0EA2489EFB2',0,'402881862bf08f18012bf0b5b5070087','402881882badb4ed012baed16d5d0048');
INSERT INTO `orderitem` VALUES ('402881862bf08f18012bf0b95fa00096','2010-10-28 10:45:01','2010-10-28 10:45:01',0,'/html/product_content/201010/d1692a20d3e0414dbfca30e4088941f2.html','竹纤维男式内裤 平角内裤 透气抗菌',36,1,'SN_11A3ABE3C1F8',0,'402881862bf08f18012bf0b95f810095','402881882bbdfe19012bbe0f12880002');
INSERT INTO `orderitem` VALUES ('402881862bf08f18012bf0b95fbf0097','2010-10-28 10:45:02','2010-10-28 10:45:02',0,'/html/product_content/201010/37a29387674e471d93a434d3309ee9ed.html','新款 韩版西裤 休闲西裤 修身西裤 男装西裤',158,1,'SN_0A79E9F1E619',0,'402881862bf08f18012bf0b95f810095','402881882bbcd2f4012bbd7d0e48000c');
INSERT INTO `orderitem` VALUES ('402881862bf08f18012bf0b95fcf0098','2010-10-28 10:45:02','2010-10-28 10:45:02',0,'/html/product_content/201010/62f2fadcefdd40bd88e73620a48d8b77.html','正品南极人 羊毛暖护贴护膝 男士保暖内衣套装！NX9021',188,1,'SN_DA3754B17808',0,'402881862bf08f18012bf0b95f810095','402881882bbdfe19012bbe080cdd0001');
INSERT INTO `orderitem` VALUES ('402881862bf08f18012bf0b95fee0099','2010-10-28 10:45:02','2010-10-28 10:45:02',0,'/html/product_content/201010/e21cd4464c854db3bd2355b9c31d565b.html','2010秋装款play川久保玲潮牌直筒 时尚休闲牛仔裤',95,1,'SN_5B85C0BFCF97',0,'402881862bf08f18012bf0b95f810095','402881882bbcd2f4012bbd7840ba000a');
INSERT INTO `orderitem` VALUES ('402881862bf08f18012bf0b95ffe009a','2010-10-28 10:45:02','2010-10-28 10:45:02',0,'/html/product_content/201010/4de5bce34cdf42f18badc87c99ef2b9d.html','10新款秋装英伦休闲纯棉V领撞色针织衫毛衫毛衣',149,1,'SN_03134E2262F4',0,'402881862bf08f18012bf0b95f810095','402881882badb4ed012bae65af360036');
INSERT INTO `orderitem` VALUES ('402881862bf08f18012bf0b9601d009b','2010-10-28 10:45:02','2010-10-28 10:45:02',0,'/html/product_content/201010/55b028625122438f8b9d23e9503eb9ae.html','商务男装修身休闲西服 单扣收腰小西装套装',299,1,'SN_DCAAF65D2208',0,'402881862bf08f18012bf0b95f810095','402881882badb4ed012bae5dae620035');
INSERT INTO `orderitem` VALUES ('402881862bf08f18012bf0b9602d009c','2010-10-28 10:45:02','2010-10-28 10:45:02',0,'/html/product_content/201010/0d3aa93c99a8468e8d67d25d9d314032.html','阿迪达斯 adidas 男士 运动套装',188,1,'SN_80125D632FEB',0,'402881862bf08f18012bf0b95f810095','402881882badb4ed012bae74783e0038');
INSERT INTO `orderitem` VALUES ('402881862bf08f18012bf0bbc36100a4','2010-10-28 10:47:38','2010-10-28 10:47:38',0,'/html/product_content/201010/dd17736a25294d19b721bfe28eafb69f.html','2010新款春夏装 必备韩版流行时尚百搭玫瑰花苞连衣裙',85,9,'SN_A02180DCDA4C',0,'402881862bf08f18012bf0bbc34200a3','402881882badb4ed012bae05c86e0032');
INSERT INTO `orderitem` VALUES ('402881862bf08f18012bf0c2024200ab','2010-10-28 10:54:27','2010-10-28 10:54:27',0,'/html/product_content/201010/fdf9304db1684e59af51aa46ffbf9af5.html','保暖内拉绒 男士家居服套装 长袖长裤 睡衣套装 晨练装',68,1,'SN_9858E06A64DC',0,'402881862bf08f18012bf0c2021300aa','402881882bbdfe19012bbe1472430003');
INSERT INTO `orderitem` VALUES ('402881862bf08f18012bf0c2026100ac','2010-10-28 10:54:27','2010-10-28 10:54:27',0,'/html/product_content/201010/d1692a20d3e0414dbfca30e4088941f2.html','竹纤维男式内裤 平角内裤 透气抗菌',36,1,'SN_11A3ABE3C1F8',0,'402881862bf08f18012bf0c2021300aa','402881882bbdfe19012bbe0f12880002');
INSERT INTO `orderitem` VALUES ('402881862bf08f18012bf0c2028000ad','2010-10-28 10:54:27','2010-10-28 10:54:27',0,'/html/product_content/201010/62f2fadcefdd40bd88e73620a48d8b77.html','正品南极人 羊毛暖护贴护膝 男士保暖内衣套装！NX9021',188,1,'SN_DA3754B17808',0,'402881862bf08f18012bf0c2021300aa','402881882bbdfe19012bbe080cdd0001');
UNLOCK TABLES;
CREATE TABLE `orderlog` (
  `id` varchar(32) NOT NULL,
  `createDate` datetime default NULL,
  `modifyDate` datetime default NULL,
  `info` text,
  `operator` varchar(255) default NULL,
  `orderLogType` int(11) NOT NULL,
  `orderSn` varchar(255) NOT NULL,
  `order_id` varchar(32) NOT NULL,
  PRIMARY KEY  (`id`),
  KEY `FK4D6C1D363F4585B6` (`order_id`)
) ENGINE=InnoDB DEFAULT CHARSET=utf8;
LOCK TABLES `orderlog` WRITE;

INSERT INTO `orderlog` VALUES ('402881862bf08f18012bf0a8757c0023','2010-10-28 10:26:33','2010-10-28 10:26:33',NULL,NULL,0,'100005','402881862bf08f18012bf0a872020020');
INSERT INTO `orderlog` VALUES ('402881862bf08f18012bf0a9dd59002a','2010-10-28 10:28:05','2010-10-28 10:28:05',NULL,NULL,0,'100006','402881862bf08f18012bf0a9da2d0027');
INSERT INTO `orderlog` VALUES ('402881862bf08f18012bf0ab2be20030','2010-10-28 10:29:31','2010-10-28 10:29:31',NULL,NULL,0,'100007','402881862bf08f18012bf0ab28c5002d');
INSERT INTO `orderlog` VALUES ('402881862bf08f18012bf0ad931e003b','2010-10-28 10:32:08','2010-10-28 10:32:08',NULL,NULL,0,'100008','402881862bf08f18012bf0ad8bdb0036');
INSERT INTO `orderlog` VALUES ('402881862bf08f18012bf0add816003d','2010-10-28 10:32:26','2010-10-28 10:32:26','支付金额：100.00','admin',2,'100005','402881862bf08f18012bf0a872020020');
INSERT INTO `orderlog` VALUES ('402881862bf08f18012bf0ae472c0045','2010-10-28 10:32:54','2010-10-28 10:32:54','支付金额：216.00','admin',2,'100006','402881862bf08f18012bf0a9da2d0027');
INSERT INTO `orderlog` VALUES ('402881862bf08f18012bf0ae99ef004d','2010-10-28 10:33:16','2010-10-28 10:33:16',NULL,NULL,0,'100009','402881862bf08f18012bf0ae91160046');
INSERT INTO `orderlog` VALUES ('402881862bf08f18012bf0b1352c0058','2010-10-28 10:36:06','2010-10-28 10:36:06',NULL,'admin',4,'100008','402881862bf08f18012bf0ad8bdb0036');
INSERT INTO `orderlog` VALUES ('402881862bf08f18012bf0b15268005e','2010-10-28 10:36:14','2010-10-28 10:36:14',NULL,'admin',5,'100008','402881862bf08f18012bf0ad8bdb0036');
INSERT INTO `orderlog` VALUES ('402881862bf08f18012bf0b1af1e0065','2010-10-28 10:36:38','2010-10-28 10:36:38',NULL,NULL,0,'100010','402881862bf08f18012bf0b1a9ee0060');
INSERT INTO `orderlog` VALUES ('402881862bf08f18012bf0b3407c006b','2010-10-28 10:38:20','2010-10-28 10:38:20','支付金额：898.00','admin',2,'100009','402881862bf08f18012bf0ae91160046');
INSERT INTO `orderlog` VALUES ('402881862bf08f18012bf0b36fe90073','2010-10-28 10:38:32','2010-10-28 10:38:32',NULL,'admin',4,'100009','402881862bf08f18012bf0ae91160046');
INSERT INTO `orderlog` VALUES ('402881862bf08f18012bf0b378e2007a','2010-10-28 10:38:35','2010-10-28 10:38:35',NULL,NULL,0,'100011','402881862bf08f18012bf0b373060075');
INSERT INTO `orderlog` VALUES ('402881862bf08f18012bf0b37bd0007b','2010-10-28 10:38:35','2010-10-28 10:38:35',NULL,'admin',6,'100009','402881862bf08f18012bf0ae91160046');
INSERT INTO `orderlog` VALUES ('402881862bf08f18012bf0b4131e007f','2010-10-28 10:39:14','2010-10-28 10:39:14','支付金额：556.00','admin',2,'100010','402881862bf08f18012bf0b1a9ee0060');
INSERT INTO `orderlog` VALUES ('402881862bf08f18012bf0b465070083','2010-10-28 10:39:35','2010-10-28 10:39:35','退款金额：100.00','admin',3,'100010','402881862bf08f18012bf0b1a9ee0060');
INSERT INTO `orderlog` VALUES ('402881862bf08f18012bf0b4b5980084','2010-10-28 10:39:56','2010-10-28 10:39:56',NULL,'admin',7,'100011','402881862bf08f18012bf0b373060075');
INSERT INTO `orderlog` VALUES ('402881862bf08f18012bf0b5b7a7008a','2010-10-28 10:41:02','2010-10-28 10:41:02',NULL,NULL,0,'100012','402881862bf08f18012bf0b5b5070087');
INSERT INTO `orderlog` VALUES ('402881862bf08f18012bf0b96bb6009e','2010-10-28 10:45:05','2010-10-28 10:45:05',NULL,NULL,0,'100013','402881862bf08f18012bf0b95f810095');
INSERT INTO `orderlog` VALUES ('402881862bf08f18012bf0bbc55500a5','2010-10-28 10:47:39','2010-10-28 10:47:39',NULL,NULL,0,'100014','402881862bf08f18012bf0bbc34200a3');
INSERT INTO `orderlog` VALUES ('402881862bf08f18012bf0c2074300ae','2010-10-28 10:54:29','2010-10-28 10:54:29',NULL,NULL,0,'100015','402881862bf08f18012bf0c2021300aa');
UNLOCK TABLES;
CREATE TABLE `orders` (
  `id` varchar(32) NOT NULL,
  `createDate` datetime default NULL,
  `modifyDate` datetime default NULL,
  `deliveryFee` decimal(15,5) NOT NULL,
  `deliveryTypeName` varchar(255) NOT NULL,
  `memo` text,
  `orderSn` varchar(255) NOT NULL,
  `orderStatus` int(11) NOT NULL,
  `paidAmount` decimal(15,5) NOT NULL,
  `paymentConfigName` varchar(255) NOT NULL,
  `paymentFee` decimal(15,5) NOT NULL,
  `paymentStatus` int(11) NOT NULL,
  `productTotalPrice` decimal(15,5) NOT NULL,
  `productTotalQuantity` int(11) NOT NULL,
  `productWeight` double NOT NULL,
  `productWeightUnit` int(11) NOT NULL,
  `shipAddress` varchar(255) NOT NULL,
  `shipArea` varchar(255) NOT NULL,
  `shipAreaPath` varchar(255) default NULL,
  `shipMobile` varchar(255) default NULL,
  `shipName` varchar(255) NOT NULL,
  `shipPhone` varchar(255) default NULL,
  `shipZipCode` varchar(255) NOT NULL,
  `shippingStatus` int(11) NOT NULL,
  `totalAmount` decimal(15,5) NOT NULL,
  `member_id` varchar(32) default NULL,
  `deliveryType_id` varchar(32) default NULL,
  `paymentConfig_id` varchar(32) default NULL,
  PRIMARY KEY  (`id`),
  UNIQUE KEY `orderSn` (`orderSn`),
  KEY `FKC3DF62E5CA10C3E` (`member_id`),
  KEY `FKC3DF62E590BFCB96` (`paymentConfig_id`),
  KEY `FKC3DF62E5FAD364DE` (`deliveryType_id`)
) ENGINE=InnoDB DEFAULT CHARSET=utf8;
LOCK TABLES `orders` WRITE;

INSERT INTO `orders` VALUES ('402881862bf08f18012bf0a872020020','2010-10-28 10:26:32','2010-10-28 10:32:26',15,'快递公司','欢迎大家使用SHOP++','100005',1,100,'预存款',0,1,330,2,656,0,'长沙','湖南省长沙市','402881882ba8753a012ba930d6690115,402881882ba8753a012ba93101120116','','长沙鼎诚软件','400-6655480','410129',0,345,'402881862bee59d2012beeac1e7a0003','402881862b9f9e78012b9f9fe5a30001','402881862b9f9e78012b9fa092db0003');
INSERT INTO `orders` VALUES ('402881862bf08f18012bf0a9da2d0027','2010-10-28 10:28:04','2010-10-28 10:32:54',0,'普通快速（免费）','欢迎使用SHOP++','100006',1,216,'线下支付',0,2,216,2,600,0,'长沙','湖南省长沙市','402881882ba8753a012ba930d6690115,402881882ba8753a012ba93101120116','','长沙鼎诚软件','400-6655480','410129',0,216,'402881862bee59d2012beeac1e7a0003','402881882ba8753a012ba8bc6582001a','402881862b9f9e78012b9fa02aca0002');
INSERT INTO `orders` VALUES ('402881862bf08f18012bf0ab28c5002d','2010-10-28 10:29:30','2010-10-28 10:29:30',10,'EMS','欢迎使用SHOP++','100007',0,0,'财付通',0,0,436,2,1,1,'长沙','湖南省长沙市','402881882ba8753a012ba930d6690115,402881882ba8753a012ba93101120116','','长沙鼎诚软件','400-6655480','410129',0,446,'402881862bee59d2012beeac1e7a0003','402881862b9e7507012b9e7e24540008','402881862b9f2bff012b9f2d616a0001');
INSERT INTO `orders` VALUES ('402881862bf08f18012bf0ad8bdb0036','2010-10-28 10:32:06','2010-10-28 10:36:14',20,'快递公司','欢迎使用SHOP++','100008',0,0,'预存款',0,0,692,4,1.8,1,'长沙','湖南省长沙市','402881882ba8753a012ba930d6690115,402881882ba8753a012ba93101120116','','长沙鼎诚软件','400-6655480','410129',3,712,'402881862bf08f18012bf0a0eae2000e','402881862b9f9e78012b9f9fe5a30001','402881862b9f9e78012b9fa092db0003');
INSERT INTO `orders` VALUES ('402881862bf08f18012bf0ae91160046','2010-10-28 10:33:13','2010-10-28 10:38:35',0,'普通快速（免费）','欢迎使用SHOP++','100009',2,898,'财付通',0,2,898,6,2.37,1,'长沙','湖南省长沙市','402881882ba8753a012ba930d6690115,402881882ba8753a012ba93101120116','','长沙鼎诚软件','400-6655480','410129',2,898,'402881862bf08f18012bf0a0eae2000e','402881882ba8753a012ba8bc6582001a','402881862b9f2bff012b9f2d616a0001');
INSERT INTO `orders` VALUES ('402881862bf08f18012bf0b1a9ee0060','2010-10-28 10:36:36','2010-10-28 10:39:35',20,'快递公司','欢迎体验SHOP++','100010',1,456,'预存款',0,3,536,4,1.15,1,'长沙','湖南省长沙市','402881882ba8753a012ba930d6690115,402881882ba8753a012ba93101120116','','长沙鼎诚软件','400-6655480','410129',0,556,'402881862bf08f18012bf0a16b7c0010','402881862b9f9e78012b9f9fe5a30001','402881862b9f9e78012b9fa092db0003');
INSERT INTO `orders` VALUES ('402881862bf08f18012bf0b373060075','2010-10-28 10:38:33','2010-10-28 10:39:54',15,'EMS','欢迎体验SHOP++','100011',3,0,'财付通',0,0,701,4,1.8,1,'长沙','湖南省长沙市','402881882ba8753a012ba930d6690115,402881882ba8753a012ba93101120116','','长沙鼎诚软件','400-6655480','410129',0,716,'402881862bf08f18012bf0a1d6b90011','402881862b9e7507012b9e7e24540008','402881862b9f2bff012b9f2d616a0001');
INSERT INTO `orders` VALUES ('402881862bf08f18012bf0b5b5070087','2010-10-28 10:41:01','2010-10-28 10:41:01',10,'EMS','欢迎体验shop++','100012',0,0,'财付通',0,0,146,2,570,0,'长沙','湖南省长沙市','402881882ba8753a012ba930d6690115,402881882ba8753a012ba93101120116','15851665188','体验用户一','','410129',0,156,'402881862bf08f18012bf0a21fc80012','402881862b9e7507012b9e7e24540008','402881862b9f2bff012b9f2d616a0001');
INSERT INTO `orders` VALUES ('402881862bf08f18012bf0b95f810095','2010-10-28 10:45:01','2010-10-28 10:45:01',25,'快递公司','欢迎使用SHOP++产品','100013',0,0,'预存款',0,0,1113,7,2.45,1,'长沙','湖南省长沙市','402881882ba8753a012ba930d6690115,402881882ba8753a012ba93101120116','15851665188','体验用户test5','','410129',0,1138,'402881862bf08f18012bf0a3300f0015','402881862b9f9e78012b9f9fe5a30001','402881862b9f9e78012b9fa092db0003');
INSERT INTO `orders` VALUES ('402881862bf08f18012bf0bbc34200a3','2010-10-28 10:47:38','2010-10-28 10:47:38',15,'EMS','欢迎体验SHOP++','100014',0,0,'线下支付',0,0,765,9,1.404,1,'长沙','湖南省长沙市','402881882ba8753a012ba930d6690115,402881882ba8753a012ba93101120116','15851665188','体验用户test5','','410129',0,780,'402881862bf08f18012bf0a3300f0015','402881862b9e7507012b9e7e24540008','402881862b9f9e78012b9fa02aca0002');
INSERT INTO `orders` VALUES ('402881862bf08f18012bf0c2021300aa','2010-10-28 10:54:27','2010-10-28 10:54:27',15,'快递公司','欢迎使用SHOP++管理系统体验版','100015',0,0,'预存款',0,0,292,3,850,0,'长沙','湖南省长沙市','402881882ba8753a012ba930d6690115,402881882ba8753a012ba93101120116','15851665188','体验用户test5','','410129',0,307,'402881862bf08f18012bf0a3300f0015','402881862b9f9e78012b9f9fe5a30001','402881862b9f9e78012b9fa092db0003');
UNLOCK TABLES;
CREATE TABLE `payment` (
  `id` varchar(32) NOT NULL,
  `createDate` datetime default NULL,
  `modifyDate` datetime default NULL,
  `bankAccount` varchar(255) default NULL,
  `bankName` varchar(255) default NULL,
  `memo` text,
  `operator` varchar(255) default NULL,
  `payer` varchar(255) NOT NULL,
  `paymentConfigName` varchar(255) NOT NULL,
  `paymentFee` decimal(15,5) NOT NULL,
  `paymentSn` varchar(255) NOT NULL,
  `paymentStatus` int(11) NOT NULL,
  `paymentType` int(11) NOT NULL,
  `totalAmount` decimal(15,5) NOT NULL,
  `deposit_id` varchar(32) default NULL,
  `order_id` varchar(32) default NULL,
  `paymentConfig_id` varchar(32) default NULL,
  PRIMARY KEY  (`id`),
  UNIQUE KEY `paymentSn` (`paymentSn`),
  KEY `FK3454C9E613C6C4B6` (`deposit_id`),
  KEY `FK3454C9E690BFCB96` (`paymentConfig_id`),
  KEY `FK3454C9E63F4585B6` (`order_id`)
) ENGINE=InnoDB DEFAULT CHARSET=utf8;
LOCK TABLES `payment` WRITE;

INSERT INTO `payment` VALUES ('402881862bf08f18012bf0add7e7003c','2010-10-28 10:32:26','2010-10-28 10:32:26','990010293472998889','农行银行','','admin','test','预存款',0,'100001',3,2,100,NULL,'402881862bf08f18012bf0a872020020','402881862b9f9e78012b9fa092db0003');
INSERT INTO `payment` VALUES ('402881862bf08f18012bf0ae46ed0044','2010-10-28 10:32:54','2010-10-28 10:32:54','9903283289923','工商银行','','admin','test','线下支付',0,'100002',3,2,216,NULL,'402881862bf08f18012bf0a9da2d0027','402881862b9f9e78012b9fa02aca0002');
INSERT INTO `payment` VALUES ('402881862bf08f18012bf0aeac8d004e','2010-10-28 10:33:20','2010-10-28 10:33:20','10000000','财付通',NULL,NULL,'test1','财付通',0,'100003',0,2,898,NULL,'402881862bf08f18012bf0ae91160046','402881862b9f2bff012b9f2d616a0001');
INSERT INTO `payment` VALUES ('402881862bf08f18012bf0b3404e006a','2010-10-28 10:38:20','2010-10-28 10:38:20','98878838293423','中国银行','','admin','test','财付通',0,'100004',3,2,898,NULL,'402881862bf08f18012bf0ae91160046','402881862b9f2bff012b9f2d616a0001');
INSERT INTO `payment` VALUES ('402881862bf08f18012bf0b389da007c','2010-10-28 10:38:39','2010-10-28 10:38:39','10000000','财付通',NULL,NULL,'test3','财付通',0,'100005',0,2,716,NULL,'402881862bf08f18012bf0b373060075','402881862b9f2bff012b9f2d616a0001');
INSERT INTO `payment` VALUES ('402881862bf08f18012bf0b412ef007e','2010-10-28 10:39:14','2010-10-28 10:39:14','9873897523742','工商银行','','admin','test','预存款',0,'100006',3,2,556,NULL,'402881862bf08f18012bf0b1a9ee0060','402881862b9f9e78012b9fa092db0003');
INSERT INTO `payment` VALUES ('402881862bf08f18012bf0b5e01e008b','2010-10-28 10:41:12','2010-10-28 10:41:12','10000000','财付通',NULL,NULL,'test4','财付通',0,'100007',0,2,156,NULL,'402881862bf08f18012bf0b5b5070087','402881862b9f2bff012b9f2d616a0001');
UNLOCK TABLES;
CREATE TABLE `paymentconfig` (
  `id` varchar(32) NOT NULL,
  `createDate` datetime default NULL,
  `modifyDate` datetime default NULL,
  `configObjectStore` varchar(255) default NULL,
  `description` text,
  `name` varchar(255) NOT NULL,
  `orderList` int(11) NOT NULL,
  `paymentConfigType` int(11) NOT NULL,
  `paymentFee` decimal(15,5) default NULL,
  `paymentFeeType` int(11) NOT NULL,
  PRIMARY KEY  (`id`),
  UNIQUE KEY `name` (`name`)
) ENGINE=InnoDB DEFAULT CHARSET=utf8;
LOCK TABLES `paymentconfig` WRITE;

INSERT INTO `paymentconfig` VALUES ('402881862b9f2bff012b9f2d616a0001','2010-10-12 14:42:52','2010-10-27 22:47:35','{\"bargainorId\":\"10000000\",\"key\":\"10000000\",\"tenpayType\":\"direct\"}','<p>财付通致力于为互联网用户和企业提供安全、便捷、专业的在线支付服务。<br />财付通构建全新的综合支付平台，业务覆盖B2B、B2C和C2C各领域，提供卓越的网上支付及清算服务。</p>','财付通',0,2,0.1,0);
INSERT INTO `paymentconfig` VALUES ('402881862b9f9e78012b9fa02aca0002','2010-10-12 16:48:15','2010-10-27 22:47:19',NULL,'<div class=\"note\">您可以通过现金付款或银行转帐的方式进行收款。</div>','线下支付',2,1,0.1,0);
INSERT INTO `paymentconfig` VALUES ('402881862b9f9e78012b9fa092db0003','2010-10-12 16:48:42','2010-10-27 22:43:23',NULL,'<div class=\"note\">预存款是客户在网站上的虚拟资金帐户。</div>','预存款',1,0,0.1,0);
UNLOCK TABLES;
CREATE TABLE `product` (
  `id` varchar(32) NOT NULL,
  `createDate` datetime default NULL,
  `modifyDate` datetime default NULL,
  `description` text,
  `freezeStore` int(11) NOT NULL,
  `htmlFilePath` varchar(255) NOT NULL,
  `isBest` bit(1) NOT NULL,
  `isHot` bit(1) NOT NULL,
  `isMarketable` bit(1) NOT NULL,
  `isNew` bit(1) NOT NULL,
  `marketPrice` decimal(15,5) NOT NULL,
  `metaDescription` text,
  `metaKeywords` text,
  `name` varchar(255) NOT NULL,
  `point` int(11) NOT NULL,
  `price` decimal(15,5) NOT NULL,
  `productImageListStore` text,
  `productSn` varchar(255) NOT NULL,
  `store` int(11) default NULL,
  `weight` double NOT NULL,
  `weightUnit` int(11) NOT NULL,
  `brand_id` varchar(32) default NULL,
  `productCategory_id` varchar(32) NOT NULL,
  `productType_id` varchar(32) default NULL,
  PRIMARY KEY  (`id`),
  UNIQUE KEY `productSn` (`productSn`),
  KEY `FK50C664CF738B3AF6` (`productType_id`),
  KEY `FK50C664CF59CF1676` (`productCategory_id`),
  KEY `FK50C664CFF378EF16` (`brand_id`)
) ENGINE=InnoDB DEFAULT CHARSET=utf8;
LOCK TABLES `product` WRITE;

INSERT INTO `product` VALUES ('402881862bee2228012bee40a24d0008','2010-10-27 23:13:54','2010-10-28 00:21:18','<p><span style=\"font-size: large;\">韩版新秋装 男童装 热卖 牛仔裤</span><br /><span style=\"font-size: large;\">面料洗水牛仔很柔软</span><br /><span style=\"font-size: large;\">超百搭的裤裤，上身无论配什么都显的时尚，酷酷的感觉</span><br /><span style=\"font-size: large;\">上身配的T恤本店也有售，无以伦比的酷</span><br /><span style=\"font-size: large;\">质量都很好，以下也有实拍，妈妈可放心购买</span></p>\r\n<p><span style=\"font-size: large;\">&nbsp;</span></p>\r\n<p><span style=\"font-size: large;\"><img src=\"http://image.shopxx.cn/upload/image/201010/32071a3beefb4fe99ccecf4fffaca78e.png\" alt=\"\" /></span></p>\r\n<p><span style=\"font-size: large;\">&nbsp;</span></p>\r\n<p><span style=\"font-size: large;\"><img src=\"http://image.shopxx.cn/upload/image/201010/bd6649e796a148079856a59a01763c29.png\" alt=\"\" /></span></p>\r\n<p><span style=\"font-size: large;\">&nbsp;</span></p>\r\n<p><span style=\"font-size: large;\"><img src=\"http://image.shopxx.cn/upload/image/201010/fdc0ec289c084339a176f9d2463c5d83.png\" alt=\"\" /></span></p>\r\n<p><span style=\"font-size: large;\">&nbsp;</span></p>\r\n<p><span style=\"font-size: large;\"><img src=\"http://image.shopxx.cn/upload/image/201010/53f6cacc493540f48701e503e3378293.png\" alt=\"\" />&nbsp;&nbsp; <img src=\"http://image.shopxx.cn/upload/image/201010/fcdf0898ee6b4f24bc700a8a1184cbfa.png\" alt=\"\" /></span></p>\r\n<p><span style=\"font-size: large;\">&nbsp;</span></p>\r\n<p><span style=\"font-size: large;\"><img src=\"http://image.shopxx.cn/upload/image/201010/f3345f37ab814baab1c5a9ac8b9b76a2.png\" alt=\"\" /></span></p>\r\n<p><span style=\"font-size: large;\">&nbsp;</span></p>\r\n<p><span style=\"font-size: large;\"><img src=\"http://image.shopxx.cn/upload/image/201010/1c049aa9f6e84d7587a3e6fe831c9892.png\" alt=\"\" /></span></p>\r\n<p><span style=\"font-size: large;\">&nbsp;</span></p>\r\n<p><span style=\"font-size: large;\"><img src=\"http://image.shopxx.cn/upload/image/201010/93c692feb4b649289ff6036068c3c00f.png\" alt=\"\" /></span></p>\r\n<p><span style=\"font-size: large;\">&nbsp;</span></p>\r\n<p><span style=\"font-size: medium;\">尺码90-130码（以下尺寸手工测量1-3CM属正常）单位：CM</span></p>\r\n<p><span style=\"font-size: medium;\">&nbsp;</span></p>\r\n<p><span style=\"font-size: medium;\">100&nbsp;&nbsp;&nbsp; 裤长54&nbsp; 腰围44&nbsp; 档深22&nbsp; 臀围68&nbsp;&nbsp;&nbsp;&nbsp;&nbsp;&nbsp;&nbsp;&nbsp;&nbsp;&nbsp;&nbsp;&nbsp;&nbsp; </span><br /><span style=\"font-size: medium;\">110&nbsp;&nbsp;&nbsp; 裤长58&nbsp; 腰围45&nbsp; 档深23&nbsp; 臀围70&nbsp;&nbsp;&nbsp;&nbsp;&nbsp;&nbsp;&nbsp;&nbsp;&nbsp;&nbsp;&nbsp;&nbsp;&nbsp;&nbsp;&nbsp;&nbsp;&nbsp;&nbsp; </span><br /><span style=\"font-size: medium;\">120&nbsp;&nbsp;&nbsp; 裤长61&nbsp; 腰围48&nbsp; 档深24&nbsp; 臀围72&nbsp;&nbsp;&nbsp; </span><br /><span style=\"font-size: medium;\">130&nbsp;&nbsp;&nbsp; 裤长68&nbsp; 腰围50&nbsp; 档深25&nbsp; 臀围74&nbsp;&nbsp; </span><br /><span style=\"font-size: medium;\">140&nbsp;&nbsp;&nbsp; 裤长71&nbsp; 腰围50&nbsp; 档深25&nbsp; 臀围76&nbsp;</span></p>',0,'/html/product_content/201010/6c838d1223ce426d992b264ffebb5010.html',b'0',b'0',b'1',b'1',89,'韩版新秋装 男童装 热卖 牛仔裤','','韩版新秋装 男童装 热卖 牛仔裤',0,65,'[{\"bigProductImagePath\":\"/upload/image/201010/b774718867d54c40a7d9c338ce818f0b_big.jpg\",\"id\":\"b774718867d54c40a7d9c338ce818f0b\",\"smallProductImagePath\":\"/upload/image/201010/b774718867d54c40a7d9c338ce818f0b_small.jpg\",\"sourceProductImagePath\":\"/upload/image/201010/b774718867d54c40a7d9c338ce818f0b.png\",\"thumbnailProductImagePath\":\"/upload/image/201010/b774718867d54c40a7d9c338ce818f0b_thumbnail.jpg\"},{\"bigProductImagePath\":\"/upload/image/201010/807fb9f5ed864e41920c29bc52f98d52_big.jpg\",\"id\":\"807fb9f5ed864e41920c29bc52f98d52\",\"smallProductImagePath\":\"/upload/image/201010/807fb9f5ed864e41920c29bc52f98d52_small.jpg\",\"sourceProductImagePath\":\"/upload/image/201010/807fb9f5ed864e41920c29bc52f98d52.png\",\"thumbnailProductImagePath\":\"/upload/image/201010/807fb9f5ed864e41920c29bc52f98d52_thumbnail.jpg\"},{\"bigProductImagePath\":\"/upload/image/201010/4ccc0d526b2e4860a4f2c175226bb30e_big.jpg\",\"id\":\"4ccc0d526b2e4860a4f2c175226bb30e\",\"smallProductImagePath\":\"/upload/image/201010/4ccc0d526b2e4860a4f2c175226bb30e_small.jpg\",\"sourceProductImagePath\":\"/upload/image/201010/4ccc0d526b2e4860a4f2c175226bb30e.png\",\"thumbnailProductImagePath\":\"/upload/image/201010/4ccc0d526b2e4860a4f2c175226bb30e_thumbnail.jpg\"},{\"bigProductImagePath\":\"/upload/image/201010/6512240fc1f64eaead5656cb500ad08a_big.jpg\",\"id\":\"6512240fc1f64eaead5656cb500ad08a\",\"smallProductImagePath\":\"/upload/image/201010/6512240fc1f64eaead5656cb500ad08a_small.jpg\",\"sourceProductImagePath\":\"/upload/image/201010/6512240fc1f64eaead5656cb500ad08a.png\",\"thumbnailProductImagePath\":\"/upload/image/201010/6512240fc1f64eaead5656cb500ad08a_thumbnail.jpg\"}]','SN_45890F82AEBC',100,500,0,'402881882ba8753a012ba98250a001ec','402881882ba8753a012ba95eabbf01cd','402881882ba8753a012ba984305c01ee');
INSERT INTO `product` VALUES ('402881882badb4ed012badd9c816002d','2010-10-15 11:05:52','2010-10-28 00:04:32','<p><img src=\"http://image.shopxx.cn/upload/image/201010/2c235bcf121946bba9d9e614aed9eacc.png\" alt=\"\" /></p>\r\n<p><img src=\"http://image.shopxx.cn/upload/image/201010/fd5e98b9491f40f7accbceb3f91f5f99.png\" alt=\"\" /></p>\r\n<p><img src=\"http://image.shopxx.cn/upload/image/201010/4c20c9299a6147568ed39edcdb109847.png\" alt=\"\" /></p>\r\n<p><img src=\"http://image.shopxx.cn/upload/image/201010/b4bcd669509c411996a72f0e98bc7465.png\" alt=\"\" /></p>\r\n<p>款式细节: 纽扣装饰 <br />里料分类: 真丝 <br />里料图案: 花案 <br />衣门襟: 单排扣 <br /><img src=\"http://image.shopxx.cn/upload/image/201010/1fa298e524574581887819764ad27806.png\" alt=\"\" /></p>\r\n<p><img src=\"http://image.shopxx.cn/upload/image/201010/0f23b616bcbf4436af11f490ceba0a89.png\" alt=\"\" /></p>',0,'/html/product_content/201010/149eb36f16934dbfaef4513b9302ded8.html',b'0',b'0',b'1',b'1',260,'韩版秋装 假2件套 新款女装长款修身风衣 外套','风衣','韩版秋装 假2件套 新款女装长款修身风衣 外套',0,200,'[{\"bigProductImagePath\":\"/upload/image/201010/24bb00d774194eb6927e4575f698d4bf_big.jpg\",\"id\":\"24bb00d774194eb6927e4575f698d4bf\",\"smallProductImagePath\":\"/upload/image/201010/24bb00d774194eb6927e4575f698d4bf_small.jpg\",\"sourceProductImagePath\":\"/upload/image/201010/24bb00d774194eb6927e4575f698d4bf.png\",\"thumbnailProductImagePath\":\"/upload/image/201010/24bb00d774194eb6927e4575f698d4bf_thumbnail.jpg\"},{\"bigProductImagePath\":\"/upload/image/201010/3dfc91ea29e24f69b1be06e9c5fa9cd3_big.jpg\",\"id\":\"3dfc91ea29e24f69b1be06e9c5fa9cd3\",\"smallProductImagePath\":\"/upload/image/201010/3dfc91ea29e24f69b1be06e9c5fa9cd3_small.jpg\",\"sourceProductImagePath\":\"/upload/image/201010/3dfc91ea29e24f69b1be06e9c5fa9cd3.png\",\"thumbnailProductImagePath\":\"/upload/image/201010/3dfc91ea29e24f69b1be06e9c5fa9cd3_thumbnail.jpg\"},{\"bigProductImagePath\":\"/upload/image/201010/3341dc85a16b4c8fb7ef81b1b748e983_big.jpg\",\"id\":\"3341dc85a16b4c8fb7ef81b1b748e983\",\"smallProductImagePath\":\"/upload/image/201010/3341dc85a16b4c8fb7ef81b1b748e983_small.jpg\",\"sourceProductImagePath\":\"/upload/image/201010/3341dc85a16b4c8fb7ef81b1b748e983.png\",\"thumbnailProductImagePath\":\"/upload/image/201010/3341dc85a16b4c8fb7ef81b1b748e983_thumbnail.jpg\"},{\"bigProductImagePath\":\"/upload/image/201010/155eb0eed2bd48c494f92abdbbb91d86_big.jpg\",\"id\":\"155eb0eed2bd48c494f92abdbbb91d86\",\"smallProductImagePath\":\"/upload/image/201010/155eb0eed2bd48c494f92abdbbb91d86_small.jpg\",\"sourceProductImagePath\":\"/upload/image/201010/155eb0eed2bd48c494f92abdbbb91d86.png\",\"thumbnailProductImagePath\":\"/upload/image/201010/155eb0eed2bd48c494f92abdbbb91d86_thumbnail.jpg\"},{\"bigProductImagePath\":\"/upload/image/201010/16594c10bdc54303a4ad0cca6d7a8bbe_big.jpg\",\"id\":\"16594c10bdc54303a4ad0cca6d7a8bbe\",\"smallProductImagePath\":\"/upload/image/201010/16594c10bdc54303a4ad0cca6d7a8bbe_small.jpg\",\"sourceProductImagePath\":\"/upload/image/201010/16594c10bdc54303a4ad0cca6d7a8bbe.png\",\"thumbnailProductImagePath\":\"/upload/image/201010/16594c10bdc54303a4ad0cca6d7a8bbe_thumbnail.jpg\"}]','SN_DAE8AD79EE3C',100,600,0,'402881882ba8753a012ba975f31901d2','402881882badb4ed012badc339000010','402881882ba8753a012ba983fe7f01ed');
INSERT INTO `product` VALUES ('402881882badb4ed012bade2263c002e','2010-10-10 21:00:00','2010-10-28 00:00:22','<p style=\"text-align: center;\"><span style=\"font-size: medium;\">*私宠时装*之别样风情</span></p>\r\n<p style=\"text-align: center;\"><br /><span style=\"font-size: medium;\">&nbsp;&nbsp;&nbsp;&nbsp;&nbsp;&nbsp;&nbsp;&nbsp;&nbsp;&nbsp;&nbsp;&nbsp;&nbsp;&nbsp;&nbsp;&nbsp;&nbsp;&nbsp;&nbsp;&nbsp;&nbsp;&nbsp;&nbsp;&nbsp; 专柜09款式&nbsp; 修身效果一如既往的好 中高腰设计 具有很好的修身提臀效果&nbsp;&nbsp;&nbsp;&nbsp;&nbsp;&nbsp;&nbsp;&nbsp;&nbsp; 款式的设计突出在后兜位置和前兜装饰裁剪 前侧缝立体修身效果不容忽视 简单直筒裤型在裤子把您窈窕身材衬托的更加修长 秋季不可多的的款式之一</span></p>\r\n<p style=\"text-align: center;\"><span style=\"font-size: medium; color: #008000;\"><img src=\"http://image.shopxx.cn/upload/image/201010/aa4a48f7352c454c925a2d936f8c26b8.png\" alt=\"\" /></span></p>\r\n<p style=\"text-align: center;\"><span style=\"font-size: medium; color: #008000;\">&nbsp;</span></p>\r\n<p style=\"text-align: center;\"><span style=\"font-size: medium; color: #008000;\"><img src=\"http://image.shopxx.cn/upload/image/201010/7d5ffce46bd24998b091796a8bd94e01.png\" alt=\"\" /></span></p>\r\n<p style=\"text-align: center;\"><span style=\"font-size: medium; color: #008000;\">&nbsp;</span></p>\r\n<p style=\"text-align: left;\"><span style=\"font-size: medium; color: #008000;\"><img src=\"http://image.shopxx.cn/upload/image/201010/e4ae3fddc1ba4b77a7f947e675b05d7f.png\" alt=\"\" /></span></p>\r\n<p style=\"text-align: left;\"><span style=\"font-size: medium; color: #008000;\"><img src=\"http://image.shopxx.cn/upload/image/201010/e173f7e5abe34404be007ca41d280435.png\" alt=\"\" /></span></p>\r\n<p style=\"text-align: left;\"><span style=\"font-size: medium; color: #008000;\"><img src=\"http://image.shopxx.cn/upload/image/201010/572f598839ba4988a8b0a20285eb0d9e.png\" alt=\"\" /></span></p>\r\n<p style=\"text-align: left;\"><span style=\"font-size: medium; color: #008000;\"><img src=\"http://image.shopxx.cn/upload/image/201010/c9cbf82beec14dcbaa7a0d3f7d843379.png\" alt=\"\" /></span></p>',0,'/html/product_content/201010/853e4d3f61104f478a0cfbd47e3d764e.html',b'0',b'1',b'1',b'0',235,'正品私宠时装裤','','正品私宠时装裤',0,160,'[{\"bigProductImagePath\":\"/upload/image/201010/06065e15324443f286a41f3940d30175_big.jpg\",\"id\":\"06065e15324443f286a41f3940d30175\",\"smallProductImagePath\":\"/upload/image/201010/06065e15324443f286a41f3940d30175_small.jpg\",\"sourceProductImagePath\":\"/upload/image/201010/06065e15324443f286a41f3940d30175.png\",\"thumbnailProductImagePath\":\"/upload/image/201010/06065e15324443f286a41f3940d30175_thumbnail.jpg\"},{\"bigProductImagePath\":\"/upload/image/201010/e82bc5c75f2d4aba92b9d80ad900df41_big.jpg\",\"id\":\"e82bc5c75f2d4aba92b9d80ad900df41\",\"smallProductImagePath\":\"/upload/image/201010/e82bc5c75f2d4aba92b9d80ad900df41_small.jpg\",\"sourceProductImagePath\":\"/upload/image/201010/e82bc5c75f2d4aba92b9d80ad900df41.png\",\"thumbnailProductImagePath\":\"/upload/image/201010/e82bc5c75f2d4aba92b9d80ad900df41_thumbnail.jpg\"},{\"bigProductImagePath\":\"/upload/image/201010/f1fabbc8149a408ea632e61b211fc96b_big.jpg\",\"id\":\"f1fabbc8149a408ea632e61b211fc96b\",\"smallProductImagePath\":\"/upload/image/201010/f1fabbc8149a408ea632e61b211fc96b_small.jpg\",\"sourceProductImagePath\":\"/upload/image/201010/f1fabbc8149a408ea632e61b211fc96b.png\",\"thumbnailProductImagePath\":\"/upload/image/201010/f1fabbc8149a408ea632e61b211fc96b_thumbnail.jpg\"},{\"bigProductImagePath\":\"/upload/image/201010/bb207579ec27485e9842fb8d52552505_big.jpg\",\"id\":\"bb207579ec27485e9842fb8d52552505\",\"smallProductImagePath\":\"/upload/image/201010/bb207579ec27485e9842fb8d52552505_small.jpg\",\"sourceProductImagePath\":\"/upload/image/201010/bb207579ec27485e9842fb8d52552505.png\",\"thumbnailProductImagePath\":\"/upload/image/201010/bb207579ec27485e9842fb8d52552505_thumbnail.jpg\"}]','SN_2F7E30BDC6EE',100,500,0,NULL,'402881882badb4ed012badbe55f6000b','402881882ba8753a012ba984305c01ee');
INSERT INTO `product` VALUES ('402881882badb4ed012badef1f29002f','2010-10-10 20:00:00','2010-10-27 23:58:55','<p style=\"text-align: center;\"><span style=\"font-size: medium;\">1001款经典铅笔牛仔裤，2009年风靡整个秋冬春三季节，受到广大客户欢迎。</span></p>\r\n<p style=\"text-align: center;\"><span style=\"font-size: medium;\">今年1001款，继续生产上市，总结去年的客户反映的问题与不好，特意将裤子升级改善，</span></p>\r\n<p style=\"text-align: center;\"><span style=\"font-size: medium;\">所有正品YY均有精美包装，吊牌，主唛，洗水唛，并拥有优良品质和售后保证！</span></p>\r\n<p style=\"text-align: center;\"><span style=\"font-size: medium;\">09年原版：部分客户反映，裤子拿上手易掉色，掉纽扣，尺码偏小，线条等问题</span></p>\r\n<p style=\"text-align: center;\"><span style=\"font-size: medium;\">10年新版：采用高成本轻酵加软固色，尺码标准，钮扣加劳，特加内侧包边，无线头。</span></p>\r\n<p style=\"text-align: center;\"><br />&nbsp;</p>\r\n<p>&nbsp;&nbsp;&nbsp;&nbsp;&nbsp;&nbsp;&nbsp;&nbsp;&nbsp;&nbsp;&nbsp;&nbsp;&nbsp;&nbsp;&nbsp;&nbsp;&nbsp;&nbsp;&nbsp;&nbsp;&nbsp;&nbsp;&nbsp;&nbsp;&nbsp;&nbsp;&nbsp;&nbsp;&nbsp;&nbsp;&nbsp;&nbsp;&nbsp;&nbsp;&nbsp;&nbsp; &nbsp;<img src=\"http://image.shopxx.cn/upload/image/201010/f0c3c8559b144fb599a817409f89a809.jpg\" alt=\"\" /></p>\r\n<p>&nbsp;</p>\r\n<p style=\"text-align: center;\"><span style=\"font-size: medium;\">关于裤子</span></p>\r\n<p style=\"text-align: center;\"><span style=\"font-size: medium;\">一款超显瘦的小脚牛仔裤、铅笔裤。裤型除了显瘦之外，还采用压烫的工艺，做工精细</span></p>\r\n<p style=\"text-align: center;\"><span style=\"font-size: medium;\">&nbsp;材质优良 ，与其它同等价位的裤子有本质的区别，网络上次品，不同版一大堆。</span></p>\r\n<p style=\"text-align: center;\"><span style=\"font-size: medium;\">今年不可多得的超人气爆款最时尚的裤型搭配，超靓丽的深宝蓝色牛仔弹力面料。</span></p>\r\n<p style=\"text-align: center;\"><span style=\"font-size: medium;\">修腿的流线设计让您的美腿更加纤细高挑深宝蓝色的牛仔裤，加上今年最流行的铅笔裤设计，</span></p>\r\n<p style=\"text-align: center;\"><span style=\"font-size: medium;\">简直就是百搭中的百搭了，上身搭配长点的衣服，可以遮住大腿上面的肉肉，</span></p>\r\n<p style=\"text-align: center;\"><span style=\"font-size: medium;\">修身的流线设计也不会让你的腿部缺点显得太突兀。一条简洁、大方的时尚百搭牛仔铅笔裤，</span></p>\r\n<p style=\"text-align: center;\"><span style=\"font-size: medium;\">冬天可以配靴子，春天、秋天可以配圆头鞋，高跟鞋，</span></p>\r\n<p style=\"text-align: center;\"><span style=\"font-size: medium;\">夏天可以配高跟鞋、凉鞋、板鞋、平底鞋、潮流拖鞋都可以，</span></p>\r\n<p style=\"text-align: center;\"><span style=\"font-size: medium;\">想怎么穿就怎么穿，牛仔的面料不会太张扬，而且也不失时尚气息，</span></p>\r\n<p style=\"text-align: center;\"><span style=\"font-size: medium;\">还会显得人瘦瘦的哦。</span></p>\r\n<p style=\"text-align: center;\">&nbsp;</p>\r\n<p>&nbsp;</p>\r\n<p style=\"text-align: center;\"><span style=\"font-size: medium; color: #33cccc;\"><img src=\"http://image.shopxx.cn/upload/image/201010/6bf03b79350d4963b6aa2561d051d803.jpg\" alt=\"\" /></span></p>\r\n<p style=\"text-align: center;\"><span style=\"font-size: medium; color: #33cccc;\">&nbsp;</span></p>\r\n<p style=\"text-align: left;\"><span style=\"font-size: medium; color: #33cccc;\">&nbsp;&nbsp;&nbsp;&nbsp;&nbsp;&nbsp;&nbsp;&nbsp;&nbsp;&nbsp;&nbsp;&nbsp;&nbsp;&nbsp;&nbsp;&nbsp;&nbsp;&nbsp;&nbsp;&nbsp;&nbsp;&nbsp;&nbsp;&nbsp;&nbsp; <img src=\"http://image.shopxx.cn/upload/image/201010/a3d5e2ea43ce462b8087e2b54840733f.jpg\" alt=\"\" /></span></p>\r\n<p style=\"text-align: left;\"><span style=\"font-size: medium; color: #33cccc;\">&nbsp;</span></p>\r\n<p style=\"text-align: left;\"><span style=\"font-size: medium; color: #33cccc;\">&nbsp;&nbsp;&nbsp;&nbsp;&nbsp;&nbsp;&nbsp;&nbsp;&nbsp;&nbsp;&nbsp;&nbsp;&nbsp;&nbsp;&nbsp;&nbsp;&nbsp;&nbsp;&nbsp;&nbsp;&nbsp;&nbsp;&nbsp;&nbsp;&nbsp;&nbsp;<img src=\"http://image.shopxx.cn/upload/image/201010/1a9dd93fa6ae45509e4a226d7811d3cb.jpg\" alt=\"\" /></span></p>\r\n<p style=\"text-align: left;\"><span style=\"font-size: medium; color: #33cccc;\">&nbsp;</span></p>\r\n<p style=\"text-align: left;\"><span style=\"font-size: medium; color: #33cccc;\">&nbsp;&nbsp;&nbsp;&nbsp;&nbsp;&nbsp;&nbsp;&nbsp;&nbsp;&nbsp;&nbsp;&nbsp;&nbsp;&nbsp;&nbsp;&nbsp;&nbsp;&nbsp;&nbsp;&nbsp;&nbsp;&nbsp;&nbsp;&nbsp;&nbsp;&nbsp; <img src=\"http://image.shopxx.cn/upload/image/201010/dd89b3f034da460bb27a5653b23ed253.jpg\" alt=\"\" /></span></p>\r\n<div>\r\n<table border=\"0\" cellspacing=\"0\" cellpadding=\"0\" width=\"673\">\r\n<tbody>\r\n<tr>\r\n<td width=\"82\">\r\n<p><span style=\"background-color: #ffffff; color: #000000; font-size: medium;\">款 号</span></p>\r\n</td>\r\n<td width=\"591\">\r\n<p><span style=\"background-color: #ffffff; color: #000000; font-size: medium;\">　1001</span></p>\r\n</td>\r\n</tr>\r\n<tr>\r\n<td>\r\n<p><span style=\"background-color: #ffffff; color: #000000; font-size: medium;\">产品名称</span></p>\r\n</td>\r\n<td width=\"591\">\r\n<p><span style=\"background-color: #ffffff; color: #000000; font-size: medium;\">　韩版修身显瘦铅笔牛仔裤（裤子是中腰的，并不是低腰的哦。亲的要弄清楚呢）</span></p>\r\n</td>\r\n</tr>\r\n<tr>\r\n<td>\r\n<p><span style=\"background-color: #ffffff; color: #000000; font-size: medium;\">产品原价</span></p>\r\n</td>\r\n<td width=\"591\">\r\n<p><span style=\"background-color: #ffffff; color: #000000; font-size: medium;\">　229RMB</span></p>\r\n</td>\r\n</tr>\r\n<tr>\r\n<td>\r\n<p><span style=\"background-color: #ffffff; color: #000000; font-size: medium;\">产品颜色</span></p>\r\n</td>\r\n<td width=\"591\">\r\n<p><span style=\"background-color: #ffffff; color: #000000; font-size: medium;\">　深蓝色</span></p>\r\n</td>\r\n</tr>\r\n<tr>\r\n<td>\r\n<p><span style=\"background-color: #ffffff; color: #000000; font-size: medium;\">产品面料</span></p>\r\n</td>\r\n<td width=\"591\">\r\n<p><span style=\"background-color: #ffffff; color: #000000; font-size: medium;\">　弹力牛仔布（中性弹力）</span></p>\r\n</td>\r\n</tr>\r\n<tr>\r\n<td>\r\n<p><span style=\"background-color: #ffffff; color: #000000; font-size: medium;\">洗涤标准</span></p>\r\n</td>\r\n<td width=\"591\">\r\n<p><span style=\"background-color: #ffffff; color: #000000; font-size: medium;\">　手洗，最高温度40℃;不可漂白;平铺晾干;熨斗底板最高温度110℃;不可干洗</span></p>\r\n</td>\r\n</tr>\r\n<tr>\r\n<td>\r\n<p><span style=\"background-color: #ffffff; color: #000000; font-size: medium;\">产品特点</span></p>\r\n</td>\r\n<td width=\"591\">\r\n<p><span style=\"background-color: #ffffff; color: #000000; font-size: medium;\">　板型：修身显瘦；颜色：修身正点蓝，颜色超正。后袋：高密刺绣工序。</span></p>\r\n</td>\r\n</tr>\r\n<tr>\r\n<td>\r\n<p><span style=\"background-color: #ffffff; color: #000000; font-size: medium;\">流行特点</span></p>\r\n</td>\r\n<td width=\"591\">\r\n<p><span style=\"background-color: #ffffff; color: #000000; font-size: medium;\">　在裤子的裤型上，设计师们花下了大工夫，看似简单，但是上身效果非常的棒，特别的修腿型~</span></p>\r\n</td>\r\n</tr>\r\n<tr>\r\n<td>\r\n<p><span style=\"background-color: #ffffff; color: #000000; font-size: medium;\">温馨提示</span></p>\r\n</td>\r\n<td width=\"591\">\r\n<p><span style=\"background-color: #ffffff; color: #000000; font-size: medium;\">　无论多贵的裤子都会掉色的，第一次洗的时候，麻烦按照我们的洗水说明来洗。</span></p>\r\n</td>\r\n</tr>\r\n</tbody>\r\n</table>\r\n</div>\r\n<div><span style=\"color: #000000; font-size: medium;\">&nbsp;</span></div>\r\n<div><span style=\"color: #000000; font-size: medium;\">&nbsp;</span></div>\r\n<div>\r\n<div>\r\n<table border=\"0\" cellspacing=\"0\" cellpadding=\"0\" width=\"732\">\r\n<tbody>\r\n<tr>\r\n<td>\r\n<p><span style=\"background-color: #ffffff; color: #000000; font-size: medium;\">型号（建议平时大概码数/身高/体重）</span></p>\r\n</td>\r\n<td>\r\n<p><span style=\"background-color: #ffffff; color: #000000; font-size: medium;\">腰围</span></p>\r\n</td>\r\n<td>\r\n<p><span style=\"background-color: #ffffff; color: #000000; font-size: medium;\">臀围</span></p>\r\n</td>\r\n<td>\r\n<p><span style=\"background-color: #ffffff; color: #000000; font-size: medium;\">前档</span></p>\r\n</td>\r\n<td>\r\n<p><span style=\"background-color: #ffffff; color: #000000; font-size: medium;\">后档</span></p>\r\n</td>\r\n<td>\r\n<p><span style=\"background-color: #ffffff; color: #000000; font-size: medium;\">裤长</span></p>\r\n</td>\r\n<td>\r\n<p><span style=\"background-color: #ffffff; color: #000000; font-size: medium;\">脾围</span></p>\r\n</td>\r\n<td>\r\n<p><span style=\"background-color: #ffffff; color: #000000; font-size: medium;\">膝围</span></p>\r\n</td>\r\n</tr>\r\n<tr>\r\n<td>\r\n<p><span style=\"background-color: #ffffff; color: #000000; font-size: medium;\">26码/150CM&mdash;160CM/70斤&mdash;95斤</span></p>\r\n</td>\r\n<td>\r\n<p><span style=\"background-color: #ffffff; color: #000000; font-size: medium;\">66CM</span></p>\r\n</td>\r\n<td>\r\n<p><span style=\"background-color: #ffffff; color: #000000; font-size: medium;\">83CM</span></p>\r\n</td>\r\n<td>\r\n<p><span style=\"background-color: #ffffff; color: #000000; font-size: medium;\">21CM</span></p>\r\n</td>\r\n<td>\r\n<p><span style=\"background-color: #ffffff; color: #000000; font-size: medium;\">29CM</span></p>\r\n</td>\r\n<td>\r\n<p><span style=\"background-color: #ffffff; color: #000000; font-size: medium;\">97CM</span></p>\r\n</td>\r\n<td>\r\n<p><span style=\"background-color: #ffffff; color: #000000; font-size: medium;\">50CM</span></p>\r\n</td>\r\n<td>\r\n<p><span style=\"background-color: #ffffff; color: #000000; font-size: medium;\">35CM</span></p>\r\n</td>\r\n</tr>\r\n<tr>\r\n<td>\r\n<p><span style=\"background-color: #ffffff; color: #000000; font-size: medium;\">27码/160CM&mdash;165CM/90斤&mdash;98斤</span></p>\r\n</td>\r\n<td>\r\n<p><span style=\"background-color: #ffffff; color: #000000; font-size: medium;\">69CM</span></p>\r\n</td>\r\n<td>\r\n<p><span style=\"background-color: #ffffff; color: #000000; font-size: medium;\">86CM</span></p>\r\n</td>\r\n<td>\r\n<p><span style=\"background-color: #ffffff; color: #000000; font-size: medium;\">22CM</span></p>\r\n</td>\r\n<td>\r\n<p><span style=\"background-color: #ffffff; color: #000000; font-size: medium;\">31CM</span></p>\r\n</td>\r\n<td>\r\n<p><span style=\"background-color: #ffffff; color: #000000; font-size: medium;\">98CM</span></p>\r\n</td>\r\n<td>\r\n<p><span style=\"background-color: #ffffff; color: #000000; font-size: medium;\">51.5CM</span></p>\r\n</td>\r\n<td>\r\n<p><span style=\"background-color: #ffffff; color: #000000; font-size: medium;\">36CM</span></p>\r\n</td>\r\n</tr>\r\n<tr>\r\n<td>\r\n<p><span style=\"background-color: #ffffff; color: #000000; font-size: medium;\">28码/162CM&mdash;168CM/95斤&mdash;105斤</span></p>\r\n</td>\r\n<td>\r\n<p><span style=\"background-color: #ffffff; color: #000000; font-size: medium;\">72CM</span></p>\r\n</td>\r\n<td>\r\n<p><span style=\"background-color: #ffffff; color: #000000; font-size: medium;\">88CM</span></p>\r\n</td>\r\n<td>\r\n<p><span style=\"background-color: #ffffff; color: #000000; font-size: medium;\">23CM</span></p>\r\n</td>\r\n<td>\r\n<p><span style=\"background-color: #ffffff; color: #000000; font-size: medium;\">31.5CM</span></p>\r\n</td>\r\n<td>\r\n<p><span style=\"background-color: #ffffff; color: #000000; font-size: medium;\">99CM</span></p>\r\n</td>\r\n<td>\r\n<p><span style=\"background-color: #ffffff; color: #000000; font-size: medium;\">53CM</span></p>\r\n</td>\r\n<td>\r\n<p><span style=\"background-color: #ffffff; color: #000000; font-size: medium;\">37CM</span></p>\r\n</td>\r\n</tr>\r\n<tr>\r\n<td>\r\n<p><span style=\"background-color: #ffffff; color: #000000; font-size: medium;\">29码/163CM&mdash;170CM/98斤&mdash;110斤</span></p>\r\n</td>\r\n<td>\r\n<p><span style=\"background-color: #ffffff; color: #000000; font-size: medium;\">74CM</span></p>\r\n</td>\r\n<td>\r\n<p><span style=\"background-color: #ffffff; color: #000000; font-size: medium;\">91CM</span></p>\r\n</td>\r\n<td>\r\n<p><span style=\"background-color: #ffffff; color: #000000; font-size: medium;\">24CM</span></p>\r\n</td>\r\n<td>\r\n<p><span style=\"background-color: #ffffff; color: #000000; font-size: medium;\">&nbsp;32CM</span></p>\r\n</td>\r\n<td>\r\n<p><span style=\"background-color: #ffffff; color: #000000; font-size: medium;\">100CM</span></p>\r\n</td>\r\n<td>\r\n<p><span style=\"background-color: #ffffff; color: #000000; font-size: medium;\">&nbsp;54.5CM</span></p>\r\n</td>\r\n<td>\r\n<p><span style=\"background-color: #ffffff; color: #000000; font-size: medium;\">38CM</span></p>\r\n</td>\r\n</tr>\r\n<tr>\r\n<td>\r\n<p><span style=\"background-color: #ffffff; color: #000000; font-size: medium;\">30码/164CM&mdash;172CM/100斤&mdash;120斤</span></p>\r\n</td>\r\n<td>\r\n<p><span style=\"background-color: #ffffff; color: #000000; font-size: medium;\">76CM</span></p>\r\n</td>\r\n<td>\r\n<p><span style=\"background-color: #ffffff; color: #000000; font-size: medium;\">94CM</span></p>\r\n</td>\r\n<td>\r\n<p><span style=\"background-color: #ffffff; color: #000000; font-size: medium;\">25CM</span></p>\r\n</td>\r\n<td>\r\n<p><span style=\"background-color: #ffffff; color: #000000; font-size: medium;\">&nbsp;32.5CM</span></p>\r\n</td>\r\n<td>\r\n<p><span style=\"background-color: #ffffff; color: #000000; font-size: medium;\">101CM</span></p>\r\n</td>\r\n<td>\r\n<p><span style=\"background-color: #ffffff; color: #000000; font-size: medium;\">56CM</span></p>\r\n</td>\r\n<td>\r\n<p><span style=\"background-color: #ffffff; color: #000000; font-size: medium;\">39CM</span></p>\r\n</td>\r\n</tr>\r\n<tr>\r\n<td>\r\n<p><span style=\"background-color: #ffffff; color: #000000; font-size: medium;\">31码/165CM&mdash;173CM/110斤&mdash;128斤</span></p>\r\n</td>\r\n<td>\r\n<p><span style=\"background-color: #ffffff; color: #000000; font-size: medium;\">79CM</span></p>\r\n</td>\r\n<td>\r\n<p><span style=\"background-color: #ffffff; color: #000000; font-size: medium;\">96CM</span></p>\r\n</td>\r\n<td>\r\n<p><span style=\"background-color: #ffffff; color: #000000; font-size: medium;\">26CM</span></p>\r\n</td>\r\n<td>\r\n<p><span style=\"background-color: #ffffff; color: #000000; font-size: medium;\">&nbsp;33CM</span></p>\r\n</td>\r\n<td>\r\n<p><span style=\"background-color: #ffffff; color: #000000; font-size: medium;\">102CM</span></p>\r\n</td>\r\n<td>\r\n<p><span style=\"background-color: #ffffff; color: #000000; font-size: medium;\">57.5CM</span></p>\r\n</td>\r\n<td>\r\n<p><span style=\"background-color: #ffffff; color: #000000; font-size: medium;\">40CM</span></p>\r\n</td>\r\n</tr>\r\n<tr>\r\n<td>\r\n<p><span style=\"background-color: #ffffff; color: #000000; font-size: medium;\">32码/165CM&mdash;180CM/120斤&mdash;145斤</span></p>\r\n</td>\r\n<td>\r\n<p><span style=\"background-color: #ffffff; color: #000000; font-size: medium;\">82CM</span></p>\r\n</td>\r\n<td>\r\n<p><span style=\"background-color: #ffffff; color: #000000; font-size: medium;\">99CM</span></p>\r\n</td>\r\n<td>\r\n<p><span style=\"background-color: #ffffff; color: #000000; font-size: medium;\">27CM</span></p>\r\n</td>\r\n<td>\r\n<p><span style=\"background-color: #ffffff; color: #000000; font-size: medium;\">33.5CM</span></p>\r\n</td>\r\n<td>\r\n<p><span style=\"background-color: #ffffff; color: #000000; font-size: medium;\">103CM</span></p>\r\n</td>\r\n<td>\r\n<p><span style=\"background-color: #ffffff; color: #000000; font-size: medium;\">59CM</span></p>\r\n</td>\r\n<td>\r\n<p><span style=\"background-color: #ffffff; color: #000000; font-size: medium;\">41CM</span></p>\r\n</td>\r\n</tr>\r\n<tr>\r\n<td colspan=\"8\">\r\n<p><span style=\"background-color: #ffffff; color: #000000; font-size: medium;\">以上尺寸系平铺测量，误差在1-3厘米之间</span></p>\r\n</td>\r\n</tr>\r\n</tbody>\r\n</table>\r\n</div>\r\n<p>&nbsp;</p>\r\n</div>',0,'/html/product_content/201010/4345b17a65ca4b6aabf1f8a701f2aba0.html',b'0',b'1',b'1',b'0',138,'2010秋冬装新款 韩版中腰铅笔修身牛仔裤 女靴裤 小脚裤','','2010秋冬装新款 韩版中腰铅笔修身牛仔裤 女靴裤 小脚裤',0,108,'[{\"bigProductImagePath\":\"/upload/image/201010/959d92afb5104803810b807603801529_big.jpg\",\"id\":\"959d92afb5104803810b807603801529\",\"smallProductImagePath\":\"/upload/image/201010/959d92afb5104803810b807603801529_small.jpg\",\"sourceProductImagePath\":\"/upload/image/201010/959d92afb5104803810b807603801529.png\",\"thumbnailProductImagePath\":\"/upload/image/201010/959d92afb5104803810b807603801529_thumbnail.jpg\"},{\"bigProductImagePath\":\"/upload/image/201010/d8ddf81767f5484a9709d1559f021d11_big.jpg\",\"id\":\"d8ddf81767f5484a9709d1559f021d11\",\"smallProductImagePath\":\"/upload/image/201010/d8ddf81767f5484a9709d1559f021d11_small.jpg\",\"sourceProductImagePath\":\"/upload/image/201010/d8ddf81767f5484a9709d1559f021d11.png\",\"thumbnailProductImagePath\":\"/upload/image/201010/d8ddf81767f5484a9709d1559f021d11_thumbnail.jpg\"},{\"bigProductImagePath\":\"/upload/image/201010/7fba04d744164bdeb72145700b3d71a9_big.jpg\",\"id\":\"7fba04d744164bdeb72145700b3d71a9\",\"smallProductImagePath\":\"/upload/image/201010/7fba04d744164bdeb72145700b3d71a9_small.jpg\",\"sourceProductImagePath\":\"/upload/image/201010/7fba04d744164bdeb72145700b3d71a9.png\",\"thumbnailProductImagePath\":\"/upload/image/201010/7fba04d744164bdeb72145700b3d71a9_thumbnail.jpg\"}]','SN_798BCB91DE2A',100,500,0,'402881882ba8753a012ba9771d6001d4','402881882badb4ed012badbe55f6000b','402881882ba8753a012ba984305c01ee');
INSERT INTO `product` VALUES ('402881882badb4ed012badf956a30030','2010-10-15 11:40:20','2010-10-28 10:28:05','<p style=\"text-align: center;\">简洁优雅的门襟弧线设计让这款针织衫别具特色</p>\r\n<p style=\"text-align: center;\">淡雅的纯色衬托出亲们高雅迷人的气质</p>\r\n<p style=\"text-align: center;\">口袋也打破常规，后侧收褶稍显俏皮可爱</p>\r\n<p style=\"text-align: center;\">YY绝对不会让你失望！</p>\r\n<p style=\"text-align: center;\">让您穿起来舒适 、优雅</p>\r\n<p style=\"text-align: center;\">素素地总让您搭配任何的打底衣服都穿出时尚流行感！</p>\r\n<p style=\"text-align: center;\">敞开的门襟设计，让丰满或是仟瘦的MM都可以搭配得美美的。</p>\r\n<p style=\"text-align: center;\"><span style=\"font-size: large; color: #01fd70; font-family: comic sans ms,sans-serif;\">&nbsp;</span></p>\r\n<p style=\"text-align: left;\"><span style=\"font-size: large; color: #01fd70; font-family: comic sans ms,sans-serif;\"><img src=\"http://image.shopxx.cn/upload/image/201010/e72e6c2d2b5a4a0f84612174fc2f346f.png\" alt=\"\" /></span></p>\r\n<p style=\"text-align: left;\"><span style=\"font-size: large; color: #01fd70; font-family: comic sans ms,sans-serif;\">&nbsp;</span></p>\r\n<p style=\"text-align: center;\">采用了纯天然92%棉+5%粘胶纤维+3%毛织物混合纺织的一种纺织品</p>\r\n<p style=\"text-align: center;\">也称棉混纺物主要是以棉为主要成份，和其他材料混合纺织而成</p>\r\n<p style=\"text-align: center;\">特点：棉+粘胶纤维手感柔软，弹性大，穿着舒适，毛具有保暖性。</p>\r\n<p style=\"text-align: center;\">&nbsp;</p>\r\n<p style=\"text-align: center;\"><span style=\"font-size: large;\">&nbsp;</span></p>\r\n<p style=\"text-align: left;\"><span style=\"font-size: large;\">&nbsp;<img src=\"http://image.shopxx.cn/upload/image/201010/08a3b23520f54c9e8cfcb7c468fcbaaf.png\" alt=\"\" /></span></p>\r\n<p style=\"text-align: left;\"><span style=\"font-size: large;\"><img src=\"http://image.shopxx.cn/upload/image/201010/02c9d80d37254fbaaa20535e8dfd6f1c.png\" alt=\"\" /></span></p>\r\n<p style=\"text-align: left;\"><span style=\"font-size: large;\"><img src=\"http://image.shopxx.cn/upload/image/201010/c676b079277b41dbb88dacbfd0944e12.png\" alt=\"\" /></span></p>\r\n<p style=\"text-align: left;\"><span style=\"font-size: large;\"><img src=\"http://image.shopxx.cnupload/image/201010/2aff5810a46b4283a0f71c434db66f97.png\" alt=\"\" /></span></p>\r\n<p style=\"text-align: left;\"><span style=\"font-size: large;\"><img src=\"http://image.shopxx.cn/upload/image/201010/3f4bbf4bba6b488080d54ea6256d755c.png\" alt=\"\" /></span></p>',4,'/html/product_content/201010/ff00c3db01f4417196e75ec198449a52.html',b'1',b'0',b'1',b'0',89,'韩国2010秋装新款女装开衫针织衫','','韩国2010秋装新款女装开衫针织衫',0,78,'[{\"bigProductImagePath\":\"/upload/image/201010/cbebbaa084514f6cabbee0fa85d0ae63_big.jpg\",\"id\":\"cbebbaa084514f6cabbee0fa85d0ae63\",\"smallProductImagePath\":\"/upload/image/201010/cbebbaa084514f6cabbee0fa85d0ae63_small.jpg\",\"sourceProductImagePath\":\"/upload/image/201010/cbebbaa084514f6cabbee0fa85d0ae63.png\",\"thumbnailProductImagePath\":\"/upload/image/201010/cbebbaa084514f6cabbee0fa85d0ae63_thumbnail.jpg\"},{\"bigProductImagePath\":\"/upload/image/201010/09a86ceb202f42efafd32cba79bfab63_big.jpg\",\"id\":\"09a86ceb202f42efafd32cba79bfab63\",\"smallProductImagePath\":\"/upload/image/201010/09a86ceb202f42efafd32cba79bfab63_small.jpg\",\"sourceProductImagePath\":\"/upload/image/201010/09a86ceb202f42efafd32cba79bfab63.png\",\"thumbnailProductImagePath\":\"/upload/image/201010/09a86ceb202f42efafd32cba79bfab63_thumbnail.jpg\"},{\"bigProductImagePath\":\"/upload/image/201010/9a01d9937cab4ea4a5b9c64129919cb6_big.jpg\",\"id\":\"9a01d9937cab4ea4a5b9c64129919cb6\",\"smallProductImagePath\":\"/upload/image/201010/9a01d9937cab4ea4a5b9c64129919cb6_small.jpg\",\"sourceProductImagePath\":\"/upload/image/201010/9a01d9937cab4ea4a5b9c64129919cb6.png\",\"thumbnailProductImagePath\":\"/upload/image/201010/9a01d9937cab4ea4a5b9c64129919cb6_thumbnail.jpg\"},{\"bigProductImagePath\":\"/upload/image/201010/66c17e5cebf245af965e5703d99c52bb_big.jpg\",\"id\":\"66c17e5cebf245af965e5703d99c52bb\",\"smallProductImagePath\":\"/upload/image/201010/66c17e5cebf245af965e5703d99c52bb_small.jpg\",\"sourceProductImagePath\":\"/upload/image/201010/66c17e5cebf245af965e5703d99c52bb.png\",\"thumbnailProductImagePath\":\"/upload/image/201010/66c17e5cebf245af965e5703d99c52bb_thumbnail.jpg\"}]','SN_DE1BD17A1CE8',100,300,0,'402881882ba8753a012ba9779f7101d5','402881882badb4ed012badbc8b970007','402881882ba8753a012ba983fe7f01ed');
INSERT INTO `product` VALUES ('402881882badb4ed012badfcdd970031','2010-10-15 11:44:11','2010-10-28 00:06:33','<p><span style=\"font-size: small;\">袖长: 中袖/七分袖&nbsp;&nbsp;&nbsp;&nbsp;&nbsp;&nbsp;&nbsp;&nbsp;&nbsp;&nbsp;&nbsp;&nbsp;&nbsp;&nbsp;&nbsp;&nbsp;&nbsp;&nbsp;&nbsp;&nbsp;&nbsp;&nbsp;&nbsp;&nbsp;&nbsp;&nbsp;&nbsp;&nbsp;&nbsp;&nbsp;&nbsp;&nbsp;&nbsp;&nbsp;&nbsp; 领子: 圆领 </span><br /><span style=\"font-size: small;\">风格: 韩版&nbsp;&nbsp;&nbsp;&nbsp;&nbsp;&nbsp;&nbsp;&nbsp;&nbsp;&nbsp;&nbsp;&nbsp;&nbsp;&nbsp;&nbsp;&nbsp;&nbsp;&nbsp;&nbsp;&nbsp;&nbsp;&nbsp;&nbsp;&nbsp;&nbsp;&nbsp;&nbsp;&nbsp;&nbsp;&nbsp;&nbsp;&nbsp;&nbsp;&nbsp;&nbsp;&nbsp;&nbsp;&nbsp;&nbsp;&nbsp;&nbsp;&nbsp;&nbsp; &nbsp;款式细节: 木耳边</span><br /><span style=\"font-size: small;\">图案: 纯色&nbsp;&nbsp;&nbsp;&nbsp;&nbsp;&nbsp;&nbsp;&nbsp;&nbsp;&nbsp;&nbsp;&nbsp;&nbsp;&nbsp;&nbsp;&nbsp;&nbsp;&nbsp;&nbsp;&nbsp;&nbsp;&nbsp;&nbsp;&nbsp;&nbsp;&nbsp;&nbsp;&nbsp;&nbsp;&nbsp;&nbsp;&nbsp;&nbsp;&nbsp;&nbsp;&nbsp;&nbsp;&nbsp;&nbsp;&nbsp;&nbsp;&nbsp;&nbsp;&nbsp; 材质: 纯棉 </span><br /><span style=\"font-size: small;\">颜色分类: 军绿&nbsp; 枣红&nbsp; 灰色&nbsp;&nbsp;&nbsp;&nbsp;&nbsp;&nbsp;&nbsp;&nbsp;&nbsp;&nbsp;&nbsp;&nbsp;&nbsp;&nbsp;&nbsp;&nbsp;&nbsp;&nbsp;&nbsp;&nbsp;&nbsp; &nbsp;&nbsp; 尺码: &nbsp;均码 </span><br /><span style=\"font-size: small;\">季节: 秋季 </span></p>\r\n<p><img src=\"http://image.shopxx.cn/upload/image/201010/d288feebcf1249268d51b2395746fd5c.png\" alt=\"\" /></p>\r\n<p>&nbsp;</p>\r\n<p><img src=\"http://image.shopxx.cn/upload/image/201010/0ad1ae1b330c4119809c9b3aae0d1293.png\" alt=\"\" />&nbsp;<img src=\"http://image.shopxx.cn/upload/image/201010/bc5a07f628aa48e999683580a9beef5f.png\" alt=\"\" /></p>\r\n<p>&nbsp;</p>\r\n<p><img src=\"http://image.shopxx.cn/upload/image/201010/ed1e9c5466d6407b9ba3a97d900f1870.png\" alt=\"\" />&nbsp;<img src=\"http://image.shopxx.cn/upload/image/201010/8c156c6c184e49fa9585e5743d5f4b26.png\" alt=\"\" /></p>\r\n<p>&nbsp;</p>\r\n<p>&nbsp;</p>\r\n<div>\r\n<table border=\"1\" cellspacing=\"0\" cellpadding=\"0\" width=\"700\">\r\n<tbody>\r\n<tr>\r\n<td width=\"126\">\r\n<p><span style=\"background-color: #ffffff; color: #000000; font-size: medium;\">品 牌</span></p>\r\n</td>\r\n<td colspan=\"2\">\r\n<p><span style=\"background-color: #ffffff; color: #000000; font-size: medium;\">JOICE</span></p>\r\n</td>\r\n<td colspan=\"2\">\r\n<p><span style=\"background-color: #ffffff; color: #000000; font-size: medium;\">编 号</span></p>\r\n</td>\r\n<td width=\"127\">\r\n<p><span style=\"background-color: #ffffff; color: #000000; font-size: medium;\">6154</span></p>\r\n</td>\r\n</tr>\r\n<tr>\r\n<td>\r\n<p><span style=\"background-color: #ffffff; color: #000000; font-size: medium;\">颜 色</span></p>\r\n</td>\r\n<td colspan=\"2\">\r\n<p><span style=\"background-color: #ffffff; color: #000000; font-size: medium;\">军绿色　灰色　黑色　枣红色</span></p>\r\n</td>\r\n<td colspan=\"2\">\r\n<p><span style=\"background-color: #ffffff; color: #000000; font-size: medium;\">面 料</span></p>\r\n</td>\r\n<td>\r\n<p><span style=\"background-color: #ffffff; color: #000000; font-size: medium;\">棉</span></p>\r\n</td>\r\n</tr>\r\n<tr>\r\n<td>\r\n<p><span style=\"background-color: #ffffff; color: #000000; font-size: medium;\">尺 寸</span></p>\r\n</td>\r\n<td width=\"88\">\r\n<p><span style=\"background-color: #ffffff; color: #000000; font-size: medium;\">胸围</span></p>\r\n</td>\r\n<td width=\"139\">\r\n<p><span style=\"background-color: #ffffff; color: #000000; font-size: medium;\">肩宽</span></p>\r\n</td>\r\n<td width=\"113\">\r\n<p><span style=\"background-color: #ffffff; color: #000000; font-size: medium;\">腰围</span></p>\r\n</td>\r\n<td width=\"105\">\r\n<p><span style=\"background-color: #ffffff; color: #000000; font-size: medium;\">袖长</span></p>\r\n</td>\r\n<td>\r\n<p><span style=\"background-color: #ffffff; color: #000000; font-size: medium;\">衣长</span></p>\r\n</td>\r\n</tr>\r\n<tr>\r\n<td>\r\n<p><span style=\"background-color: #ffffff; color: #000000; font-size: medium;\">均码</span></p>\r\n</td>\r\n<td width=\"88\">\r\n<p><span style=\"background-color: #ffffff; color: #000000; font-size: medium;\">116CM</span></p>\r\n</td>\r\n<td width=\"139\">\r\n<p><span style=\"background-color: #ffffff; color: #000000; font-size: medium;\">43CM</span></p>\r\n</td>\r\n<td width=\"113\">\r\n<p><span style=\"background-color: #ffffff; color: #000000; font-size: medium;\">-</span></p>\r\n</td>\r\n<td width=\"105\">\r\n<p><span style=\"background-color: #ffffff; color: #000000; font-size: medium;\">34CM</span></p>\r\n</td>\r\n<td>\r\n<p><span style=\"background-color: #ffffff; color: #000000; font-size: medium;\">82CM</span></p>\r\n</td>\r\n</tr>\r\n<tr>\r\n<td colspan=\"6\">\r\n<p><span style=\"background-color: #ffffff; color: #000000; font-size: medium;\">测量方法不同 尺寸误差在2CM左右!!!</span></p>\r\n</td>\r\n</tr>\r\n</tbody>\r\n</table>\r\n</div>',0,'/html/product_content/201010/a0561935276b4e5a81243e11399bd590.html',b'0',b'0',b'1',b'1',98,'2010 秋装新款女装连衣裙韩版 收腰大圆领连衣裙','','2010 秋装新款女装连衣裙韩版 收腰大圆领连衣裙',0,70,'[{\"bigProductImagePath\":\"/upload/image/201010/fc63d57bd1984a6d90c9c1df4b65f95a_big.jpg\",\"id\":\"fc63d57bd1984a6d90c9c1df4b65f95a\",\"smallProductImagePath\":\"/upload/image/201010/fc63d57bd1984a6d90c9c1df4b65f95a_small.jpg\",\"sourceProductImagePath\":\"/upload/image/201010/fc63d57bd1984a6d90c9c1df4b65f95a.png\",\"thumbnailProductImagePath\":\"/upload/image/201010/fc63d57bd1984a6d90c9c1df4b65f95a_thumbnail.jpg\"},{\"bigProductImagePath\":\"/upload/image/201010/4531d8354172457d9686f11ef7102a9b_big.jpg\",\"id\":\"4531d8354172457d9686f11ef7102a9b\",\"smallProductImagePath\":\"/upload/image/201010/4531d8354172457d9686f11ef7102a9b_small.jpg\",\"sourceProductImagePath\":\"/upload/image/201010/4531d8354172457d9686f11ef7102a9b.png\",\"thumbnailProductImagePath\":\"/upload/image/201010/4531d8354172457d9686f11ef7102a9b_thumbnail.jpg\"},{\"bigProductImagePath\":\"/upload/image/201010/49b67b13a5d84da8b4553540ca755aef_big.jpg\",\"id\":\"49b67b13a5d84da8b4553540ca755aef\",\"smallProductImagePath\":\"/upload/image/201010/49b67b13a5d84da8b4553540ca755aef_small.jpg\",\"sourceProductImagePath\":\"/upload/image/201010/49b67b13a5d84da8b4553540ca755aef.png\",\"thumbnailProductImagePath\":\"/upload/image/201010/49b67b13a5d84da8b4553540ca755aef_thumbnail.jpg\"},{\"bigProductImagePath\":\"/upload/image/201010/d75f0539a4c848e782fb3ee87ee0afe5_big.jpg\",\"id\":\"d75f0539a4c848e782fb3ee87ee0afe5\",\"smallProductImagePath\":\"/upload/image/201010/d75f0539a4c848e782fb3ee87ee0afe5_small.jpg\",\"sourceProductImagePath\":\"/upload/image/201010/d75f0539a4c848e782fb3ee87ee0afe5.png\",\"thumbnailProductImagePath\":\"/upload/image/201010/d75f0539a4c848e782fb3ee87ee0afe5_thumbnail.jpg\"}]','SN_7A59D0CA852C',100,200,0,'402881882ba8753a012ba977f5de01d6','402881882bb2c00c012bb2d143990009','402881882ba8753a012ba984305c01ee');
INSERT INTO `product` VALUES ('402881882badb4ed012bae05c86e0032','2010-10-10 22:00:00','2010-10-28 10:47:38','<p>袖长: 中袖/七分袖&nbsp;&nbsp;&nbsp;&nbsp;&nbsp;&nbsp;&nbsp;&nbsp;&nbsp;&nbsp;&nbsp;&nbsp;&nbsp;&nbsp;&nbsp;&nbsp;&nbsp;&nbsp;&nbsp;&nbsp;&nbsp;&nbsp;&nbsp;&nbsp;&nbsp;&nbsp;&nbsp;&nbsp;&nbsp; 领子: V领 <br />款式细节: 蝴蝶结&nbsp;&nbsp;&nbsp;&nbsp;&nbsp;&nbsp;&nbsp;&nbsp;&nbsp;&nbsp;&nbsp;&nbsp;&nbsp;&nbsp;&nbsp;&nbsp;&nbsp;&nbsp;&nbsp;&nbsp;&nbsp;&nbsp;&nbsp;&nbsp;&nbsp;&nbsp;&nbsp;&nbsp;&nbsp;&nbsp; 风格: 韩版 <br />图案: 纯色&nbsp;&nbsp;&nbsp;&nbsp;&nbsp;&nbsp;&nbsp;&nbsp;&nbsp;&nbsp;&nbsp;&nbsp;&nbsp;&nbsp;&nbsp;&nbsp;&nbsp;&nbsp;&nbsp;&nbsp;&nbsp;&nbsp;&nbsp;&nbsp;&nbsp;&nbsp;&nbsp;&nbsp;&nbsp;&nbsp;&nbsp;&nbsp;&nbsp;&nbsp;&nbsp;&nbsp;&nbsp;&nbsp;&nbsp; 颜色分类: 黑色、粉红色、白色、灰色<br />尺码: S&nbsp; M&nbsp; L&nbsp; XL</p>\r\n<p>&nbsp;</p>\r\n<p><br />&nbsp;</p>\r\n<p><span style=\"font-size: medium;\"><img src=\"http://image.shopxx.cn/upload/image/201010/a30a260fad3c401b9310830f39c1dfa9.png\" alt=\"\" /></span></p>\r\n<p><span style=\"font-size: medium;\"><img src=\"http://image.shopxx.cn/upload/image/201010/6eadb9f0e56b468eaba834a25f650258.png\" alt=\"\" /><img src=\"http://image.shopxx.cn/upload/image/201010/7476e2965bdb428f85513c23b49cc74a.png\" alt=\"\" /></span></p>\r\n<p><span style=\"font-size: medium;\">&nbsp;</span></p>\r\n<p><span style=\"font-size: medium;\"><img src=\"http://image.shopxx.cn/upload/image/201010/690bb6e245294dd68c807d7cae0af45b.png\" alt=\"\" /><img src=\"http://image.shopxx.cn/upload/image/201010/cd6c964ea4624f4db678473adf0451fe.png\" alt=\"\" /></span></p>\r\n<p><span style=\"font-size: medium;\">&nbsp;</span></p>\r\n<p><span style=\"font-size: medium;\"><img src=\"http://image.shopxx.cn/upload/image/201010/c2bea30c9a1c4fdabdc9e728bc97a2ef.png\" alt=\"\" /></span></p>\r\n<p><span style=\"font-size: medium;\">&nbsp;</span></p>\r\n<p><span style=\"font-size: medium;\">&nbsp;&nbsp;&nbsp;&nbsp; 肩宽&nbsp;&nbsp;&nbsp;&nbsp; 胸围&nbsp;&nbsp;&nbsp;&nbsp;&nbsp; 腰围&nbsp;&nbsp;&nbsp;&nbsp; 臀围&nbsp;&nbsp;&nbsp; 衣长&nbsp;&nbsp;&nbsp;&nbsp; 袖长&nbsp;&nbsp;&nbsp;&nbsp;&nbsp; 身高(米)/体重(斤)</span></p>\r\n<p><span style=\"font-size: medium;\">S:&nbsp; 肩宽36 胸围82&nbsp; 腰围68 臀围82 衣长81 袖长42&nbsp;&nbsp; 153-156/80-95<br />M: 肩宽38&nbsp; 胸围88 腰围74 臀围86 衣长83&nbsp; 袖长42&nbsp;&nbsp; 156-160/90-104<br />L:&nbsp; 肩宽40&nbsp; 胸围90 腰围78 臀围90 衣长85&nbsp; 袖长43&nbsp;&nbsp; 165-170/108-120<br />XL:肩宽42&nbsp; 胸围94 腰围82 臀围94 衣长87&nbsp; 袖长43&nbsp;&nbsp; 170-176/115-130<br /></span></p>',10,'/html/product_content/201010/dd17736a25294d19b721bfe28eafb69f.html',b'1',b'1',b'1',b'0',105,'2010新款春夏装 必备韩版流行时尚百搭玫瑰花苞连衣裙','','2010新款春夏装 必备韩版流行时尚百搭玫瑰花苞连衣裙',0,85,'[{\"bigProductImagePath\":\"/upload/image/201010/5c76e81eff5c44bcbcbd4c3df96a8e84_big.jpg\",\"id\":\"5c76e81eff5c44bcbcbd4c3df96a8e84\",\"smallProductImagePath\":\"/upload/image/201010/5c76e81eff5c44bcbcbd4c3df96a8e84_small.jpg\",\"sourceProductImagePath\":\"/upload/image/201010/5c76e81eff5c44bcbcbd4c3df96a8e84.png\",\"thumbnailProductImagePath\":\"/upload/image/201010/5c76e81eff5c44bcbcbd4c3df96a8e84_thumbnail.jpg\"},{\"bigProductImagePath\":\"/upload/image/201010/ccd8e59b6e96401ca718b5211d3585f7_big.jpg\",\"id\":\"ccd8e59b6e96401ca718b5211d3585f7\",\"smallProductImagePath\":\"/upload/image/201010/ccd8e59b6e96401ca718b5211d3585f7_small.jpg\",\"sourceProductImagePath\":\"/upload/image/201010/ccd8e59b6e96401ca718b5211d3585f7.png\",\"thumbnailProductImagePath\":\"/upload/image/201010/ccd8e59b6e96401ca718b5211d3585f7_thumbnail.jpg\"},{\"bigProductImagePath\":\"/upload/image/201010/1d1f8c6fffd44ea9b586c7aa2f58e3d2_big.jpg\",\"id\":\"1d1f8c6fffd44ea9b586c7aa2f58e3d2\",\"smallProductImagePath\":\"/upload/image/201010/1d1f8c6fffd44ea9b586c7aa2f58e3d2_small.jpg\",\"sourceProductImagePath\":\"/upload/image/201010/1d1f8c6fffd44ea9b586c7aa2f58e3d2.png\",\"thumbnailProductImagePath\":\"/upload/image/201010/1d1f8c6fffd44ea9b586c7aa2f58e3d2_thumbnail.jpg\"}]','SN_A02180DCDA4C',100,156,0,'402881882ba8753a012ba98250a001ec','402881882bb2c00c012bb2d143990009','402881882ba8753a012ba984305c01ee');
INSERT INTO `product` VALUES ('402881882badb4ed012bae173b2a0033','2010-10-15 12:12:59','2010-10-28 10:38:32','<p>开口深度: 浅口(7cm以下)&nbsp;&nbsp;&nbsp;&nbsp;&nbsp;&nbsp;&nbsp;&nbsp;&nbsp;&nbsp;&nbsp;&nbsp;&nbsp;&nbsp;&nbsp;&nbsp;&nbsp; 鞋头: 尖头<br />跟高: 中跟(3-5cm)&nbsp;&nbsp;&nbsp;&nbsp;&nbsp;&nbsp;&nbsp;&nbsp;&nbsp;&nbsp;&nbsp;&nbsp;&nbsp;&nbsp;&nbsp;&nbsp;&nbsp;&nbsp;&nbsp;&nbsp;&nbsp;&nbsp;&nbsp;&nbsp;&nbsp;&nbsp; 鞋跟形状: 马蹄跟<br />闭合方式: 套脚&nbsp;&nbsp;&nbsp;&nbsp;&nbsp;&nbsp;&nbsp;&nbsp;&nbsp;&nbsp;&nbsp;&nbsp;&nbsp;&nbsp;&nbsp;&nbsp;&nbsp;&nbsp;&nbsp;&nbsp;&nbsp;&nbsp;&nbsp;&nbsp;&nbsp;&nbsp;&nbsp;&nbsp;&nbsp;&nbsp;&nbsp;&nbsp; 颜色分类: 米色&nbsp; 浅蓝色&nbsp; 黑色<br />尺码: 38&nbsp; 36&nbsp; 35 ...&nbsp;&nbsp;&nbsp;&nbsp;&nbsp;&nbsp;&nbsp;&nbsp;&nbsp;&nbsp;&nbsp;&nbsp;&nbsp;&nbsp;&nbsp;&nbsp;&nbsp;&nbsp;&nbsp;&nbsp;&nbsp;&nbsp;&nbsp;&nbsp;&nbsp;鞋底材质: 橡胶底<br />制作工艺: 胶粘鞋&nbsp;&nbsp;&nbsp;&nbsp;&nbsp;&nbsp;&nbsp;&nbsp;&nbsp;&nbsp;&nbsp;&nbsp;&nbsp;&nbsp;&nbsp;&nbsp;&nbsp;&nbsp;&nbsp;&nbsp;&nbsp;&nbsp;&nbsp;&nbsp;&nbsp;&nbsp;&nbsp;&nbsp;&nbsp;&nbsp;鞋面材质: 人造革/PU<br />流行元素: 浅口&nbsp;&nbsp;&nbsp;&nbsp;&nbsp;&nbsp;&nbsp;&nbsp;&nbsp;&nbsp;&nbsp;&nbsp;&nbsp;&nbsp;&nbsp;&nbsp;&nbsp;&nbsp;&nbsp;&nbsp;&nbsp;&nbsp;&nbsp;&nbsp;&nbsp;&nbsp;&nbsp;&nbsp;&nbsp;&nbsp;&nbsp;&nbsp;&nbsp;图案: 花朵<br />风格: 甜美淑女</p>\r\n<p>&nbsp;</p>\r\n<p>&nbsp;</p>\r\n<p><span style=\"font-size: medium;\"><img src=\"http://image.shopxx.cn/upload/image/201010/06f7251872644292b8c2d8b4b8f2988a.png\" alt=\"\" /><img src=\"http://image.shopxx.cn/upload/image/201010/feb9f7fd72b24595b35683a828b9a7bf.png\" alt=\"\" /><img src=\"http://image.shopxx.cn/upload/image/201010/ff34222a5c3b4951b043a82dcfc72eaf.png\" alt=\"\" /><img src=\"http://image.shopxx.cn/upload/image/201010/cb4f60c7390641e3b7b3581ff08ecf95.png\" alt=\"\" /><img src=\"http://image.shopxx.cn/upload/image/201010/c3f0b7c629a64337b57fb7a8f3216eab.png\" alt=\"\" /></span></p>\r\n<p><span style=\"font-size: medium;\">&nbsp;</span></p>\r\n<p><span style=\"font-size: medium;\"><img src=\"http://image.shopxx.cn/upload/image/201010/3a7f084949df4c07930511032dec8d5f.png\" alt=\"\" /><img src=\"http://image.shopxx.cn/upload/image/201010/dfc1d39421a54e3b9d3a1270398b5a1e.png\" alt=\"\" /></span></p>\r\n<p><span style=\"font-size: medium;\">&nbsp;</span></p>\r\n<p><span style=\"font-size: medium;\"><img src=\"http://image.shopxx.cn/upload/image/201010/5a979bf97b704fa2aaf659faf78d4512.png\" alt=\"\" /></span></p>\r\n<p><span style=\"font-size: medium;\"><img src=\"http://image.shopxx.cn/upload/image/201010/f1dff613c57b476aa86b5817c5fc27eb.png\" alt=\"\" /></span></p>',0,'/html/product_content/201010/487461b654234817a3b61ffb2fab52c6.html',b'1',b'0',b'1',b'0',208,'卡芙琳 极简主义-经典简约中跟单鞋','','卡芙琳 极简主义-经典简约中跟单鞋',0,158,'[{\"bigProductImagePath\":\"/upload/image/201010/31bbb523c7554915b0f5ad526547f6de_big.jpg\",\"id\":\"31bbb523c7554915b0f5ad526547f6de\",\"smallProductImagePath\":\"/upload/image/201010/31bbb523c7554915b0f5ad526547f6de_small.jpg\",\"sourceProductImagePath\":\"/upload/image/201010/31bbb523c7554915b0f5ad526547f6de.png\",\"thumbnailProductImagePath\":\"/upload/image/201010/31bbb523c7554915b0f5ad526547f6de_thumbnail.jpg\"},{\"bigProductImagePath\":\"/upload/image/201010/116fd10549df4c2dab4b64711d4e5514_big.jpg\",\"id\":\"116fd10549df4c2dab4b64711d4e5514\",\"smallProductImagePath\":\"/upload/image/201010/116fd10549df4c2dab4b64711d4e5514_small.jpg\",\"sourceProductImagePath\":\"/upload/image/201010/116fd10549df4c2dab4b64711d4e5514.png\",\"thumbnailProductImagePath\":\"/upload/image/201010/116fd10549df4c2dab4b64711d4e5514_thumbnail.jpg\"},{\"bigProductImagePath\":\"/upload/image/201010/b1861dd2efbb493188817a63cb8747f5_big.jpg\",\"id\":\"b1861dd2efbb493188817a63cb8747f5\",\"smallProductImagePath\":\"/upload/image/201010/b1861dd2efbb493188817a63cb8747f5_small.jpg\",\"sourceProductImagePath\":\"/upload/image/201010/b1861dd2efbb493188817a63cb8747f5.png\",\"thumbnailProductImagePath\":\"/upload/image/201010/b1861dd2efbb493188817a63cb8747f5_thumbnail.jpg\"},{\"bigProductImagePath\":\"/upload/image/201010/9bacf880d32b4d79a33dcf14d3c57b29_big.jpg\",\"id\":\"9bacf880d32b4d79a33dcf14d3c57b29\",\"smallProductImagePath\":\"/upload/image/201010/9bacf880d32b4d79a33dcf14d3c57b29_small.jpg\",\"sourceProductImagePath\":\"/upload/image/201010/9bacf880d32b4d79a33dcf14d3c57b29.png\",\"thumbnailProductImagePath\":\"/upload/image/201010/9bacf880d32b4d79a33dcf14d3c57b29_thumbnail.jpg\"}]','SN_62E64F0B08D9',98,500,0,'402881882ba8753a012ba978c8ed01d7','402881882badb4ed012badbf611d000c','402881882ba8753a012ba985432401f2');
INSERT INTO `product` VALUES ('402881882badb4ed012bae53f9940034','2010-10-15 13:19:20','2010-10-28 10:36:05','<p>女鞋流行靴款: 流苏靴&nbsp;&nbsp;&nbsp;&nbsp;&nbsp;&nbsp;&nbsp;&nbsp;&nbsp;&nbsp;&nbsp;&nbsp;&nbsp;&nbsp;&nbsp;&nbsp;&nbsp;&nbsp;&nbsp;&nbsp;&nbsp;&nbsp;&nbsp;&nbsp;&nbsp;&nbsp;&nbsp;&nbsp;&nbsp;&nbsp;&nbsp; 筒高: 短靴 <br />鞋头: 圆头&nbsp;&nbsp;&nbsp;&nbsp;&nbsp;&nbsp;&nbsp;&nbsp;&nbsp;&nbsp;&nbsp;&nbsp;&nbsp;&nbsp;&nbsp;&nbsp;&nbsp;&nbsp;&nbsp;&nbsp;&nbsp;&nbsp;&nbsp;&nbsp;&nbsp;&nbsp;&nbsp;&nbsp;&nbsp;&nbsp;&nbsp;&nbsp;&nbsp;&nbsp;&nbsp;&nbsp;&nbsp;&nbsp;&nbsp;&nbsp;&nbsp;&nbsp;&nbsp;&nbsp;&nbsp;&nbsp; 跟高: 平跟 <br />鞋面材质: 牛皮&nbsp;&nbsp;&nbsp;&nbsp;&nbsp;&nbsp;&nbsp;&nbsp;&nbsp;&nbsp;&nbsp;&nbsp;&nbsp;&nbsp;&nbsp;&nbsp;&nbsp;&nbsp;&nbsp;&nbsp;&nbsp;&nbsp;&nbsp;&nbsp;&nbsp;&nbsp;&nbsp;&nbsp;&nbsp;&nbsp;&nbsp;&nbsp;&nbsp;&nbsp;&nbsp;&nbsp;&nbsp;&nbsp;&nbsp;&nbsp; 内里材质: 棉质 <br />鞋底材质: 橡胶底&nbsp;&nbsp;&nbsp;&nbsp;&nbsp;&nbsp;&nbsp;&nbsp;&nbsp;&nbsp;&nbsp;&nbsp;&nbsp;&nbsp;&nbsp;&nbsp;&nbsp;&nbsp;&nbsp;&nbsp;&nbsp;&nbsp;&nbsp;&nbsp;&nbsp;&nbsp;&nbsp;&nbsp;&nbsp;&nbsp;&nbsp;&nbsp;&nbsp;&nbsp;&nbsp;&nbsp;&nbsp; 制作工艺: 缝制鞋 <br />闭合方式: 套筒&nbsp;&nbsp;&nbsp;&nbsp;&nbsp;&nbsp;&nbsp;&nbsp;&nbsp;&nbsp;&nbsp;&nbsp;&nbsp;&nbsp;&nbsp;&nbsp;&nbsp;&nbsp;&nbsp;&nbsp;&nbsp;&nbsp;&nbsp;&nbsp;&nbsp;&nbsp;&nbsp;&nbsp;&nbsp;&nbsp;&nbsp;&nbsp;&nbsp;&nbsp;&nbsp;&nbsp;&nbsp;&nbsp;&nbsp;&nbsp; 皮质特征: 磨砂皮 <br />鞋跟形状: 平跟&nbsp;&nbsp;&nbsp;&nbsp;&nbsp;&nbsp;&nbsp;&nbsp;&nbsp;&nbsp;&nbsp;&nbsp;&nbsp;&nbsp;&nbsp;&nbsp;&nbsp;&nbsp;&nbsp;&nbsp;&nbsp;&nbsp;&nbsp;&nbsp;&nbsp;&nbsp;&nbsp;&nbsp;&nbsp;&nbsp;&nbsp;&nbsp;&nbsp;&nbsp;&nbsp;&nbsp;&nbsp;&nbsp;&nbsp;&nbsp; 颜色分类: 黄色&nbsp; 灰色&nbsp; 黑色 <br />尺码: 38&nbsp; 36&nbsp; 35&nbsp;&nbsp;&nbsp;&nbsp;&nbsp;&nbsp;&nbsp;&nbsp;&nbsp;&nbsp;&nbsp;&nbsp;&nbsp;&nbsp;&nbsp;&nbsp;&nbsp;&nbsp;&nbsp;&nbsp;&nbsp;&nbsp;&nbsp;&nbsp;&nbsp;&nbsp;&nbsp;&nbsp;&nbsp;&nbsp;&nbsp;&nbsp;&nbsp;&nbsp;&nbsp;&nbsp;&nbsp; 图案: 纯色 <br />流行元素: 流苏&nbsp;&nbsp;&nbsp;&nbsp;&nbsp;&nbsp;&nbsp;&nbsp;&nbsp;&nbsp;&nbsp;&nbsp;&nbsp;&nbsp;&nbsp;&nbsp;&nbsp;&nbsp;&nbsp;&nbsp;&nbsp;&nbsp;&nbsp;&nbsp;&nbsp;&nbsp;&nbsp;&nbsp;&nbsp;&nbsp;&nbsp;&nbsp;&nbsp;&nbsp;&nbsp;&nbsp;&nbsp;&nbsp;&nbsp;&nbsp; 适合季节: 春秋</p>\r\n<p>&nbsp;</p>\r\n<p>&nbsp;</p>\r\n<p><img src=\"http://image.shopxx.cn/upload/image/201010/fe5356d44f594143ac1d2e2e6cb544ac.png\" alt=\"\" /></p>\r\n<p><img src=\"http://image.shopxx.cn/upload/image/201010/fc039819b25e4cbcbf3dbd045a49c48d.png\" alt=\"\" /></p>\r\n<p><img src=\"http://image.shopxx.cn/upload/image/201010/4a36214f1bb04c869a96f13d63bfab3a.png\" alt=\"\" /></p>\r\n<p><img src=\"http://image.shopxx.cn/upload/image/201010/13584451b4bd4b81889d029e69d8a844.png\" alt=\"\" /></p>\r\n<p><img src=\"http://image.shopxx.cn/upload/image/201010/c245e840523b461eac7bec0b0e595920.png\" alt=\"\" /></p>\r\n<p><img src=\"http://image.shopxx.cn/upload/image/201010/a3e05c7ce8d34141ad7afd7145e416e4.png\" alt=\"\" /></p>\r\n<p>&nbsp;</p>',1,'/html/product_content/201010/9247a7243b0847aea9d1d4d954f3cb98.html',b'0',b'0',b'1',b'1',256,'2010新款韩版 磨砂牛皮 流苏女靴 时尚气质平跟马靴短靴子','','2010新款韩版 磨砂牛皮 流苏女靴 时尚气质平跟马靴短靴子',0,188,'[{\"bigProductImagePath\":\"/upload/image/201010/6dea4a6f5b14460c80e3671cfe6bf803_big.jpg\",\"id\":\"6dea4a6f5b14460c80e3671cfe6bf803\",\"smallProductImagePath\":\"/upload/image/201010/6dea4a6f5b14460c80e3671cfe6bf803_small.jpg\",\"sourceProductImagePath\":\"/upload/image/201010/6dea4a6f5b14460c80e3671cfe6bf803.png\",\"thumbnailProductImagePath\":\"/upload/image/201010/6dea4a6f5b14460c80e3671cfe6bf803_thumbnail.jpg\"},{\"bigProductImagePath\":\"/upload/image/201010/a9bd5aa5c2044d63bc5b36baa3a6606f_big.jpg\",\"id\":\"a9bd5aa5c2044d63bc5b36baa3a6606f\",\"smallProductImagePath\":\"/upload/image/201010/a9bd5aa5c2044d63bc5b36baa3a6606f_small.jpg\",\"sourceProductImagePath\":\"/upload/image/201010/a9bd5aa5c2044d63bc5b36baa3a6606f.png\",\"thumbnailProductImagePath\":\"/upload/image/201010/a9bd5aa5c2044d63bc5b36baa3a6606f_thumbnail.jpg\"},{\"bigProductImagePath\":\"/upload/image/201010/cc7ae2b528e64be18875ad253ebc8403_big.jpg\",\"id\":\"cc7ae2b528e64be18875ad253ebc8403\",\"smallProductImagePath\":\"/upload/image/201010/cc7ae2b528e64be18875ad253ebc8403_small.jpg\",\"sourceProductImagePath\":\"/upload/image/201010/cc7ae2b528e64be18875ad253ebc8403.png\",\"thumbnailProductImagePath\":\"/upload/image/201010/cc7ae2b528e64be18875ad253ebc8403_thumbnail.jpg\"},{\"bigProductImagePath\":\"/upload/image/201010/73f18fe29e42438fbe45aa9847edf6e1_big.jpg\",\"id\":\"73f18fe29e42438fbe45aa9847edf6e1\",\"smallProductImagePath\":\"/upload/image/201010/73f18fe29e42438fbe45aa9847edf6e1_small.jpg\",\"sourceProductImagePath\":\"/upload/image/201010/73f18fe29e42438fbe45aa9847edf6e1.png\",\"thumbnailProductImagePath\":\"/upload/image/201010/73f18fe29e42438fbe45aa9847edf6e1_thumbnail.jpg\"}]','SN_F7E5CB253583',99,500,0,'402881882ba8753a012ba9792cd701d8','402881882ba8753a012ba96010dd01cf','402881882ba8753a012ba985432401f2');
INSERT INTO `product` VALUES ('402881882badb4ed012bae5dae620035','2010-10-15 13:29:56','2010-10-28 10:45:04','<p>领型: 规则领型（领宽7-9cm)&nbsp;&nbsp;&nbsp;&nbsp;&nbsp;&nbsp;&nbsp;&nbsp;&nbsp;&nbsp;&nbsp;&nbsp;&nbsp;&nbsp;&nbsp;&nbsp; 衣门襟: 一粒单排扣 <br />风格: 商务休闲&nbsp;&nbsp;&nbsp;&nbsp;&nbsp;&nbsp;&nbsp;&nbsp;&nbsp;&nbsp;&nbsp;&nbsp;&nbsp;&nbsp;&nbsp;&nbsp;&nbsp;&nbsp;&nbsp;&nbsp;&nbsp;&nbsp;&nbsp;&nbsp;&nbsp;&nbsp;&nbsp;&nbsp;&nbsp;&nbsp;&nbsp;&nbsp;&nbsp;&nbsp;&nbsp;&nbsp; 颜色: 银灰色两粒扣 ... <br />尺码: 170/M ...&nbsp;&nbsp;&nbsp;&nbsp;&nbsp;&nbsp;&nbsp;&nbsp;&nbsp;&nbsp;&nbsp;&nbsp;&nbsp;&nbsp;&nbsp;&nbsp;&nbsp;&nbsp;&nbsp;&nbsp;&nbsp;&nbsp;&nbsp;&nbsp;&nbsp;&nbsp;&nbsp;&nbsp;&nbsp;&nbsp;&nbsp;&nbsp;&nbsp;&nbsp; 面料分类: 毛混纺布 <br />面料材质: 三七毛&nbsp;&nbsp;&nbsp;&nbsp;&nbsp;&nbsp;&nbsp;&nbsp;&nbsp;&nbsp;&nbsp;&nbsp;&nbsp;&nbsp;&nbsp;&nbsp;&nbsp;&nbsp;&nbsp;&nbsp;&nbsp;&nbsp;&nbsp;&nbsp;&nbsp;&nbsp;&nbsp;&nbsp;&nbsp;&nbsp;&nbsp;&nbsp;&nbsp; 里料材质: 涤纶 <br />款式细节: 后中开衩&nbsp;&nbsp;&nbsp;&nbsp;&nbsp;&nbsp;&nbsp;&nbsp;&nbsp;&nbsp;&nbsp;&nbsp;&nbsp;&nbsp;&nbsp;&nbsp;&nbsp;&nbsp;&nbsp;&nbsp;&nbsp;&nbsp;&nbsp;&nbsp;&nbsp;&nbsp;&nbsp;&nbsp;&nbsp;&nbsp; 工艺处理: 免烫处理</p>\r\n<p>&nbsp;</p>\r\n<p>&nbsp;</p>\r\n<p><span style=\"font-size: medium;\"><img src=\"http://image.shopxx.cn/upload/image/201010/d080af674dc7480b851f46d434684813.png\" alt=\"\" /></span></p>\r\n<p><span style=\"font-size: medium;\">&nbsp;</span></p>\r\n<p><span style=\"font-size: medium;\"><img src=\"http://image.shopxx.cn/upload/image/201010/b6ad552cabef4b0cbf5489b6d9b99cc1.png\" alt=\"\" /></span></p>\r\n<p><span style=\"font-size: medium;\">&nbsp;</span></p>\r\n<p><span style=\"font-size: medium;\"><img src=\"http://image.shopxx.cn/upload/image/201010/d6625377046645fc821d990f73a561ea.png\" alt=\"\" /></span></p>\r\n<p><span style=\"font-size: medium;\">&nbsp;</span></p>\r\n<p><span style=\"font-size: medium;\"><img src=\"http://image.shopxx.cn/upload/image/201010/63b8bec37a6645308629d00715e47528.png\" alt=\"\" /></span></p>\r\n<p><span style=\"font-size: medium;\">&nbsp;</span></p>\r\n<p><span style=\"font-size: medium;\"><img src=\"http://image.shopxx.cn/upload/image/201010/296a3999681e4ba2bca5a430951ddfeb.png\" alt=\"\" /></span></p>\r\n<p><span style=\"font-size: medium;\"><img src=\"http://image.shopxx.cn/upload/image/201010/bdfde8ceab9b40d6802b0872a79582a1.png\" alt=\"\" /></span></p>\r\n<p><span style=\"font-size: medium;\">&nbsp;</span></p>\r\n<p><span style=\"font-size: medium;\"><img src=\"http://image.shopxx.cn/upload/image/201010/7aff5f9e73f4448d8436a1057d6d2f76.png\" alt=\"\" /></span></p>\r\n<p><span style=\"font-size: medium;\">&nbsp;</span></p>\r\n<p><span style=\"font-size: medium;\"><img src=\"http://image.shopxx.cn/upload/image/201010/47f60c25ee624dddb9de77aa5280b1a9.png\" alt=\"\" /></span></p>',1,'/html/product_content/201010/55b028625122438f8b9d23e9503eb9ae.html',b'1',b'0',b'1',b'0',388,'商务男装修身休闲西服 单扣收腰小西装套装','','商务男装修身休闲西服 单扣收腰小西装套装',0,299,'[{\"bigProductImagePath\":\"/upload/image/201010/3bfbc76fd1f946fba9d456ee80b46a57_big.jpg\",\"id\":\"3bfbc76fd1f946fba9d456ee80b46a57\",\"smallProductImagePath\":\"/upload/image/201010/3bfbc76fd1f946fba9d456ee80b46a57_small.jpg\",\"sourceProductImagePath\":\"/upload/image/201010/3bfbc76fd1f946fba9d456ee80b46a57.png\",\"thumbnailProductImagePath\":\"/upload/image/201010/3bfbc76fd1f946fba9d456ee80b46a57_thumbnail.jpg\"},{\"bigProductImagePath\":\"/upload/image/201010/889a79e033284d07a4c066fb448c1655_big.jpg\",\"id\":\"889a79e033284d07a4c066fb448c1655\",\"smallProductImagePath\":\"/upload/image/201010/889a79e033284d07a4c066fb448c1655_small.jpg\",\"sourceProductImagePath\":\"/upload/image/201010/889a79e033284d07a4c066fb448c1655.png\",\"thumbnailProductImagePath\":\"/upload/image/201010/889a79e033284d07a4c066fb448c1655_thumbnail.jpg\"},{\"bigProductImagePath\":\"/upload/image/201010/fa2534c483114642b6c5a6902361331e_big.jpg\",\"id\":\"fa2534c483114642b6c5a6902361331e\",\"smallProductImagePath\":\"/upload/image/201010/fa2534c483114642b6c5a6902361331e_small.jpg\",\"sourceProductImagePath\":\"/upload/image/201010/fa2534c483114642b6c5a6902361331e.png\",\"thumbnailProductImagePath\":\"/upload/image/201010/fa2534c483114642b6c5a6902361331e_thumbnail.jpg\"},{\"bigProductImagePath\":\"/upload/image/201010/8c2b4ad7ab6c472d9349e6974a3fff93_big.jpg\",\"id\":\"8c2b4ad7ab6c472d9349e6974a3fff93\",\"smallProductImagePath\":\"/upload/image/201010/8c2b4ad7ab6c472d9349e6974a3fff93_small.jpg\",\"sourceProductImagePath\":\"/upload/image/201010/8c2b4ad7ab6c472d9349e6974a3fff93.png\",\"thumbnailProductImagePath\":\"/upload/image/201010/8c2b4ad7ab6c472d9349e6974a3fff93_thumbnail.jpg\"}]','SN_DCAAF65D2208',100,800,0,'402881882ba8753a012ba98250a001ec','402881882badb4ed012badbc062a0005','402881882ba8753a012ba983fe7f01ed');
INSERT INTO `product` VALUES ('402881882badb4ed012bae65af360036','2010-10-10 23:00:00','2010-10-28 10:45:03','<p><img src=\"http://image.shopxx.cn/upload/image/201010/d3b6f0e2258d4e71a48702331370cc42.png\" alt=\"\" /></p>\r\n<p>&nbsp;</p>\r\n<p><img src=\"http://image.shopxx.cn/upload/image/201010/2bd0408be6c7432ebe19e34c97e1e1f5.png\" alt=\"\" /></p>\r\n<p>&nbsp;</p>\r\n<p><img src=\"http://image.shopxx.cn/upload/image/201010/bd9ac3c3be5148618f26e8baf2a45518.png\" alt=\"\" /></p>\r\n<p>&nbsp;</p>\r\n<p><img src=\"http://image.shopxx.cn/upload/image/201010/40649077179c4aa7b8c59e3d1ca6fe50.png\" alt=\"\" /></p>\r\n<p><img src=\"http://image.shopxx.cn/upload/image/201010/68f502ab01c240e4b1887290413bc26c.png\" alt=\"\" /></p>\r\n<p><img src=\"http://image.shopxx.cn/upload/image/201010/da4a83a8cb354ba192ce8c736905b57e.png\" alt=\"\" /></p>\r\n<p>&nbsp;</p>',1,'/html/product_content/201010/4de5bce34cdf42f18badc87c99ef2b9d.html',b'0',b'1',b'1',b'1',238,'10新款秋装英伦休闲纯棉V领撞色针织衫毛衫毛衣','','10新款秋装英伦休闲纯棉V领撞色针织衫毛衫毛衣',0,149,'[{\"bigProductImagePath\":\"/upload/image/201010/5ecee757b11341faa60b110406f7103e_big.jpg\",\"id\":\"5ecee757b11341faa60b110406f7103e\",\"smallProductImagePath\":\"/upload/image/201010/5ecee757b11341faa60b110406f7103e_small.jpg\",\"sourceProductImagePath\":\"/upload/image/201010/5ecee757b11341faa60b110406f7103e.png\",\"thumbnailProductImagePath\":\"/upload/image/201010/5ecee757b11341faa60b110406f7103e_thumbnail.jpg\"},{\"bigProductImagePath\":\"/upload/image/201010/f9d9a00a95d2402280f0c4be0d201dde_big.jpg\",\"id\":\"f9d9a00a95d2402280f0c4be0d201dde\",\"smallProductImagePath\":\"/upload/image/201010/f9d9a00a95d2402280f0c4be0d201dde_small.jpg\",\"sourceProductImagePath\":\"/upload/image/201010/f9d9a00a95d2402280f0c4be0d201dde.png\",\"thumbnailProductImagePath\":\"/upload/image/201010/f9d9a00a95d2402280f0c4be0d201dde_thumbnail.jpg\"},{\"bigProductImagePath\":\"/upload/image/201010/00b8c97186c6478892b108ff21c02dcd_big.jpg\",\"id\":\"00b8c97186c6478892b108ff21c02dcd\",\"smallProductImagePath\":\"/upload/image/201010/00b8c97186c6478892b108ff21c02dcd_small.jpg\",\"sourceProductImagePath\":\"/upload/image/201010/00b8c97186c6478892b108ff21c02dcd.png\",\"thumbnailProductImagePath\":\"/upload/image/201010/00b8c97186c6478892b108ff21c02dcd_thumbnail.jpg\"}]','SN_03134E2262F4',100,400,0,'402881882ba8753a012ba979c48301d9','402881882badb4ed012badbc379b0006','402881882ba8753a012ba983fe7f01ed');
INSERT INTO `product` VALUES ('402881882badb4ed012bae6e64660037','2010-10-15 13:48:11','2010-10-28 10:38:31','<p>商品信息：<br />品牌：APPEAL（黄晓明代言）&nbsp;&nbsp;&nbsp;&nbsp;&nbsp;&nbsp;&nbsp;&nbsp;&nbsp;&nbsp;&nbsp;&nbsp;&nbsp;&nbsp;&nbsp;&nbsp;&nbsp;&nbsp;&nbsp; 商品等级：正品<br />产地：中国&nbsp;&nbsp;&nbsp;&nbsp;&nbsp;&nbsp;&nbsp;&nbsp;&nbsp;&nbsp;&nbsp;&nbsp;&nbsp;&nbsp;&nbsp;&nbsp;&nbsp;&nbsp;&nbsp;&nbsp;&nbsp;&nbsp;&nbsp;&nbsp;&nbsp;&nbsp;&nbsp;&nbsp;&nbsp;&nbsp;&nbsp;&nbsp;&nbsp;&nbsp;&nbsp;&nbsp;&nbsp;&nbsp;&nbsp;&nbsp;&nbsp;&nbsp;&nbsp;&nbsp;&nbsp; 材质：头层牛皮/超纤皮<br />季节: 春秋&nbsp;&nbsp;&nbsp;&nbsp;&nbsp;&nbsp;&nbsp;&nbsp;&nbsp;&nbsp;&nbsp;&nbsp;&nbsp;&nbsp;&nbsp;&nbsp;&nbsp;&nbsp;&nbsp;&nbsp;&nbsp;&nbsp;&nbsp;&nbsp;&nbsp;&nbsp;&nbsp;&nbsp;&nbsp;&nbsp;&nbsp;&nbsp;&nbsp;&nbsp;&nbsp;&nbsp;&nbsp;&nbsp;&nbsp;&nbsp;&nbsp;&nbsp;&nbsp;&nbsp;&nbsp;&nbsp; 鞋底：RB/仿木底<br />质保：国家三包规定&nbsp;&nbsp;&nbsp;&nbsp;&nbsp;&nbsp;&nbsp;&nbsp;&nbsp;&nbsp;&nbsp;&nbsp;&nbsp;&nbsp;&nbsp;&nbsp;&nbsp;&nbsp;&nbsp;&nbsp;&nbsp;&nbsp;&nbsp;&nbsp;&nbsp;&nbsp;&nbsp;&nbsp;&nbsp;&nbsp;&nbsp;&nbsp;&nbsp;&nbsp; 鞋头款式: 圆头&nbsp;&nbsp;&nbsp;&nbsp;&nbsp;&nbsp;&nbsp;&nbsp;&nbsp;&nbsp;&nbsp;&nbsp;&nbsp;&nbsp;&nbsp;&nbsp;&nbsp;&nbsp;&nbsp;&nbsp;&nbsp;&nbsp;&nbsp;&nbsp;&nbsp;&nbsp;&nbsp;&nbsp;&nbsp;&nbsp;</p>\r\n<p>闭合方式: 套脚 <br />鞋底材质: 复合底&nbsp;&nbsp;&nbsp;&nbsp;&nbsp;&nbsp;&nbsp;&nbsp;&nbsp;&nbsp;&nbsp;&nbsp;&nbsp;&nbsp;&nbsp;&nbsp;&nbsp;&nbsp;&nbsp;&nbsp;&nbsp;&nbsp;&nbsp;&nbsp;&nbsp;&nbsp;&nbsp;&nbsp;&nbsp;&nbsp;&nbsp;&nbsp;&nbsp;&nbsp;&nbsp;&nbsp;&nbsp; 鞋面材质: 真皮头层皮 <br />帮面材料: 超纤皮&nbsp;&nbsp;&nbsp;&nbsp;&nbsp;&nbsp;&nbsp;&nbsp;&nbsp;&nbsp;&nbsp;&nbsp;&nbsp;&nbsp;&nbsp;&nbsp;&nbsp;&nbsp;&nbsp;&nbsp;&nbsp;&nbsp;&nbsp;&nbsp;&nbsp;&nbsp;&nbsp;&nbsp;&nbsp;&nbsp;&nbsp;&nbsp;&nbsp;&nbsp;&nbsp;&nbsp;&nbsp; 皮革风格: 漆光皮 <br />内里材质: 皮质&nbsp;&nbsp;&nbsp;&nbsp;&nbsp;&nbsp;&nbsp;&nbsp;&nbsp;&nbsp;&nbsp;&nbsp;&nbsp;&nbsp;&nbsp;&nbsp;&nbsp;&nbsp;&nbsp;&nbsp;&nbsp;&nbsp;&nbsp;&nbsp;&nbsp;&nbsp;&nbsp;&nbsp;&nbsp;&nbsp;&nbsp;&nbsp;&nbsp;&nbsp;&nbsp;&nbsp;&nbsp;&nbsp;&nbsp;&nbsp; 制作工艺: 注压鞋 <br />鞋跟: 坡跟&nbsp;&nbsp;&nbsp;&nbsp;&nbsp;&nbsp;&nbsp;&nbsp;&nbsp;&nbsp;&nbsp;&nbsp;&nbsp;&nbsp;&nbsp;&nbsp;&nbsp;&nbsp;&nbsp;&nbsp;&nbsp;&nbsp;&nbsp;&nbsp;&nbsp;&nbsp;&nbsp;&nbsp;&nbsp;&nbsp;&nbsp;&nbsp;&nbsp;&nbsp;&nbsp;&nbsp;&nbsp;&nbsp;&nbsp;&nbsp;&nbsp;&nbsp;&nbsp;&nbsp;&nbsp;&nbsp; 图案: 纯色 <br />流行元素: 金属&nbsp;&nbsp;&nbsp;&nbsp;&nbsp;&nbsp;&nbsp;&nbsp;&nbsp;&nbsp;&nbsp;&nbsp;&nbsp;&nbsp;&nbsp;&nbsp;&nbsp;&nbsp;&nbsp;&nbsp;&nbsp;&nbsp;&nbsp;&nbsp;&nbsp;&nbsp;&nbsp;&nbsp;&nbsp;&nbsp;&nbsp;&nbsp;&nbsp;&nbsp;&nbsp;&nbsp;&nbsp;&nbsp;&nbsp;&nbsp; 风格: 正装</p>\r\n<p>&nbsp;</p>\r\n<p><span style=\"font-size: medium;\"><img src=\"http://image.shopxx.cn/upload/image/201010/5eb7e5c85f9a4988bbd46bfe16649562.png\" alt=\"\" /></span></p>\r\n<p><span style=\"font-size: medium;\"><img src=\"http://image.shopxx.cn/upload/image/201010/b44e5abb60c641789741c09b4553557e.png\" alt=\"\" /></span></p>\r\n<p><span style=\"font-size: medium;\"><img src=\"http://image.shopxx.cn/upload/image/201010/a5d0c01d7e444e69ba1336e6a395baa4.png\" alt=\"\" /></span></p>\r\n<p><span style=\"font-size: medium;\"><img src=\"http://image.shopxx.cn/upload/image/201010/cdf3d7c46c474c15afb3bf518c7b17a3.png\" alt=\"\" /></span></p>\r\n<p><span style=\"font-size: medium;\"><img src=\"http://image.shopxx.cn/upload/image/201010/879bd4db75db4cc282f2518127d8b6a9.png\" alt=\"\" /></span></p>\r\n<p><span style=\"font-size: medium;\"><img src=\"http://image.shopxx.cn/upload/image/201010/d7bff42c5f5e45c9b2e758f98a293e95.png\" alt=\"\" /></span></p>\r\n<p><span style=\"font-size: medium;\">&nbsp;</span></p>\r\n<p><span style=\"font-size: medium;\"><img src=\"http://image.shopxx.cn/upload/image/201010/ca8181a9a35f4ed2a3b589b5f0e662d7.png\" alt=\"\" /></span></p>\r\n<p><span style=\"font-size: medium;\">此款鞋码我们试下来为偏大一码。<br />比如：<br />您平时穿皮鞋是41码的话，那这款拿40码。<br />如果您平时运动鞋是41码的话，那这款就选39码。（因为一般 运动鞋要比皮鞋偏小1~2码）<br /></span></p>',1,'/html/product_content/201010/d6ca717fa2af4f90a7d0ee4814b1936e.html',b'0',b'0',b'1',b'1',366,'美国苹果王/APPEAL 亮皮 真皮男士皮鞋 正装男鞋','','美国苹果王/APPEAL 亮皮 真皮男士皮鞋 正装男鞋',0,248,'[{\"bigProductImagePath\":\"/upload/image/201010/9fa177fb7c934af9a8c75aca004a7b9e_big.jpg\",\"id\":\"9fa177fb7c934af9a8c75aca004a7b9e\",\"smallProductImagePath\":\"/upload/image/201010/9fa177fb7c934af9a8c75aca004a7b9e_small.jpg\",\"sourceProductImagePath\":\"/upload/image/201010/9fa177fb7c934af9a8c75aca004a7b9e.png\",\"thumbnailProductImagePath\":\"/upload/image/201010/9fa177fb7c934af9a8c75aca004a7b9e_thumbnail.jpg\"},{\"bigProductImagePath\":\"/upload/image/201010/589bc974aa2047539fc9d060efed1823_big.jpg\",\"id\":\"589bc974aa2047539fc9d060efed1823\",\"smallProductImagePath\":\"/upload/image/201010/589bc974aa2047539fc9d060efed1823_small.jpg\",\"sourceProductImagePath\":\"/upload/image/201010/589bc974aa2047539fc9d060efed1823.png\",\"thumbnailProductImagePath\":\"/upload/image/201010/589bc974aa2047539fc9d060efed1823_thumbnail.jpg\"},{\"bigProductImagePath\":\"/upload/image/201010/9a673686190041f59a85a6be1fa1e392_big.jpg\",\"id\":\"9a673686190041f59a85a6be1fa1e392\",\"smallProductImagePath\":\"/upload/image/201010/9a673686190041f59a85a6be1fa1e392_small.jpg\",\"sourceProductImagePath\":\"/upload/image/201010/9a673686190041f59a85a6be1fa1e392.png\",\"thumbnailProductImagePath\":\"/upload/image/201010/9a673686190041f59a85a6be1fa1e392_thumbnail.jpg\"},{\"bigProductImagePath\":\"/upload/image/201010/4597262394b246e9a05433a3ace0ae6b_big.jpg\",\"id\":\"4597262394b246e9a05433a3ace0ae6b\",\"smallProductImagePath\":\"/upload/image/201010/4597262394b246e9a05433a3ace0ae6b_small.jpg\",\"sourceProductImagePath\":\"/upload/image/201010/4597262394b246e9a05433a3ace0ae6b.png\",\"thumbnailProductImagePath\":\"/upload/image/201010/4597262394b246e9a05433a3ace0ae6b_thumbnail.jpg\"}]','SN_F598C58F2B01',99,500,0,'402881882ba8753a012ba97a262b01da','402881882badb4ed012badbfaf2d000e','402881882ba8753a012ba985432401f2');
INSERT INTO `product` VALUES ('402881882badb4ed012bae74783e0038','2010-10-15 13:54:50','2010-10-28 10:45:04','<p>&nbsp;&nbsp;&nbsp;&nbsp;&nbsp;&nbsp; 阿迪达斯（adidas）是德国运动用品制造商，阿迪达斯AG的成员公司。以其创办人阿道夫&middot;达斯勒（Adolf Adi Dassler）命名，在1920年于接近纽伦堡的黑措根奥拉赫开始生产鞋类产品。1949年8月18日以adidas AG名字登记。<br /><img src=\"http://image.shopxx.cn/upload/image/201010/9b8b52b828ef4a8caa65c774f29c90d4.png\" alt=\"\" /></p>\r\n<p><img src=\"http://image.shopxx.cn/upload/image/201010/3af9cececa5f4ac29692a622b42d91d1.png\" alt=\"\" /></p>\r\n<p>&nbsp;</p>\r\n<p><img src=\"http://image.shopxx.cn/upload/image/201010/6d1e337aefe147ffac05266b72620eb5.png\" alt=\"\" /></p>\r\n<p>&nbsp;</p>\r\n<p><img src=\"http://image.shopxx.cn/upload/image/201010/94148909852546c992e888b618e845c3.png\" alt=\"\" /></p>\r\n<p>L上衣：胸围112 衣长68 连肩袖长73/裤子：臀围108 裤长102（CM)适合身高：(165-172)<br />&nbsp;</p>\r\n<p>XL上衣：胸围114 衣长69 连肩袖长74/裤子：臀围112 裤长104（CM)适合身高：（168-178)<br />&nbsp;</p>\r\n<p>2XL上衣：胸围120 衣长72 连肩袖长77/裤子：臀围118 裤长106（CM)适合身高：(172-180)<br />&nbsp;</p>\r\n<p>3XL上衣：胸围122 衣长75 连肩袖长78/裤子：臀围122 裤长108（CM）适合身高：（175-185）<br />&nbsp;</p>\r\n<p>4XL上衣：胸围125 衣长77 连肩袖长79/裤子：臀围127 裤长110（CM)适合身高：（180-190）</p>',2,'/html/product_content/201010/0d3aa93c99a8468e8d67d25d9d314032.html',b'0',b'0',b'1',b'1',285,'阿迪达斯 adidas 男士 运动 套装 运动服','','阿迪达斯 adidas 男士 运动套装',0,188,'[{\"bigProductImagePath\":\"/upload/image/201010/dc98c6bbb5444bc4a5d623f7a142bc7a_big.jpg\",\"id\":\"dc98c6bbb5444bc4a5d623f7a142bc7a\",\"smallProductImagePath\":\"/upload/image/201010/dc98c6bbb5444bc4a5d623f7a142bc7a_small.jpg\",\"sourceProductImagePath\":\"/upload/image/201010/dc98c6bbb5444bc4a5d623f7a142bc7a.png\",\"thumbnailProductImagePath\":\"/upload/image/201010/dc98c6bbb5444bc4a5d623f7a142bc7a_thumbnail.jpg\"},{\"bigProductImagePath\":\"/upload/image/201010/544102ccc0e341d7b0889fa243a8114c_big.jpg\",\"id\":\"544102ccc0e341d7b0889fa243a8114c\",\"smallProductImagePath\":\"/upload/image/201010/544102ccc0e341d7b0889fa243a8114c_small.jpg\",\"sourceProductImagePath\":\"/upload/image/201010/544102ccc0e341d7b0889fa243a8114c.png\",\"thumbnailProductImagePath\":\"/upload/image/201010/544102ccc0e341d7b0889fa243a8114c_thumbnail.jpg\"}]','SN_80125D632FEB',100,300,0,'402881882ba8753a012ba97a85b101db','402881882ba8753a012ba9599d2101c7','402881882ba8753a012ba983fe7f01ed');
INSERT INTO `product` VALUES ('402881882badb4ed012bae7afddc0039','2010-10-15 14:01:57','2010-10-28 00:14:15','<p>此款珊瑚绒引用日本的做工和设计风格，款式独特</p>\r\n<p>在传统的大翻领连帽子，搭配出不同的领型风格</p>\r\n<p>开扣的都是珊瑚绒包扣，口袋也是别具韵味，还绣上可爱的卡通图案</p>\r\n<p>适合年龄层广，18-40岁都可以穿</p>\r\n<p>非常具有品位的一款日式宫廷珊瑚绒睡衣</p>\r\n<p>&nbsp;</p>\r\n<p>&nbsp;</p>\r\n<p>&nbsp;</p>\r\n<p style=\"text-align: center;\"><span style=\"font-size: large; color: #ff0000;\">&nbsp;</span></p>\r\n<p style=\"text-align: left;\"><span style=\"font-size: large; color: #ff0000;\"><img src=\"http://image.shopxx.cn/upload/image/201010/9b9f4e766f0b4209bae21d58d0024500.png\" alt=\"\" /></span></p>\r\n<p style=\"text-align: left;\"><span style=\"font-size: large; color: #ff0000;\">&nbsp;</span></p>\r\n<p style=\"text-align: left;\"><span style=\"font-size: large; color: #ff0000;\"><img src=\"http://image.shopxx.cn/upload/image/201010/23044d01b61349a2abed6dc1acdea68d.png\" alt=\"\" /></span></p>\r\n<p style=\"text-align: left;\"><span style=\"font-size: large; color: #ff0000;\">&nbsp;</span></p>\r\n<p style=\"text-align: left;\"><span style=\"font-size: large; color: #ff0000;\"><img src=\"http://image.shopxx.cn/upload/image/201010/e98bd96b57754e9785de8992e3187d91.png\" alt=\"\" /></span></p>\r\n<p style=\"text-align: left;\"><span style=\"font-size: large; color: #ff0000;\">&nbsp;</span></p>\r\n<p style=\"text-align: left;\"><span style=\"font-size: large; color: #ff0000;\"><img src=\"http://image.shopxx.cn/upload/image/201010/f1ca753c55dc4e7fb6de3ea45ee98088.png\" alt=\"\" /></span></p>\r\n<p style=\"text-align: left;\"><span style=\"font-size: large; color: #ff0000;\">&nbsp;</span></p>\r\n<p style=\"text-align: left;\"><span style=\"font-size: large; color: #ff0000;\"><img src=\"http://image.shopxx.cn/upload/image/201010/0c7450599e59432eab9b5c5b6e7a22cb.png\" alt=\"\" /></span></p>\r\n<p>女款<br />M : 胸围 88&nbsp; 腰围 90&nbsp; 衣长 62 袖长 51 臀围 104 裤长 90&nbsp; <br />L : 胸围 95&nbsp; 腰围 96&nbsp; 衣长 64 袖长 53 臀围 108 裤长 93<br />XL: 胸围 102 腰围 103 衣长 67 袖长 55 臀围 115 裤长 97</p>\r\n<p>&nbsp;</p>\r\n<p>M(适合身高在155-162之间,体重在80-105斤之间,胸围在80-90CM之间)<br />&nbsp;<br />L(适合身高在160-168CM之间,体重在105-115斤之间,胸围在90-98CM之间)<br />&nbsp;<br />XL(适合高在165-172CM之间,体重在115-130斤之间,胸围在96-108CM之间)</p>\r\n<p>&nbsp;</p>\r\n<p>&nbsp;</p>\r\n<p>&nbsp;</p>\r\n<p>&nbsp;</p>',0,'/html/product_content/201010/9fc522addeb64361b256e042e1f96aec.html',b'1',b'0',b'1',b'0',128,'2010秋冬 新款 时尚高贵加厚 珊瑚绒 睡衣套装 极致高贵奢华','','2010秋冬 新款 时尚高贵加厚 珊瑚绒 睡衣套装',0,98,'[{\"bigProductImagePath\":\"/upload/image/201010/106556070e0e4525a34a6d43b4e58f1b_big.jpg\",\"id\":\"106556070e0e4525a34a6d43b4e58f1b\",\"smallProductImagePath\":\"/upload/image/201010/106556070e0e4525a34a6d43b4e58f1b_small.jpg\",\"sourceProductImagePath\":\"/upload/image/201010/106556070e0e4525a34a6d43b4e58f1b.png\",\"thumbnailProductImagePath\":\"/upload/image/201010/106556070e0e4525a34a6d43b4e58f1b_thumbnail.jpg\"},{\"bigProductImagePath\":\"/upload/image/201010/8431b9d6dfd64f0cb173d9a1bf8f952c_big.jpg\",\"id\":\"8431b9d6dfd64f0cb173d9a1bf8f952c\",\"smallProductImagePath\":\"/upload/image/201010/8431b9d6dfd64f0cb173d9a1bf8f952c_small.jpg\",\"sourceProductImagePath\":\"/upload/image/201010/8431b9d6dfd64f0cb173d9a1bf8f952c.png\",\"thumbnailProductImagePath\":\"/upload/image/201010/8431b9d6dfd64f0cb173d9a1bf8f952c_thumbnail.jpg\"},{\"bigProductImagePath\":\"/upload/image/201010/67e2c1e3826f40dd93b88cfec4c0a7df_big.jpg\",\"id\":\"67e2c1e3826f40dd93b88cfec4c0a7df\",\"smallProductImagePath\":\"/upload/image/201010/67e2c1e3826f40dd93b88cfec4c0a7df_small.jpg\",\"sourceProductImagePath\":\"/upload/image/201010/67e2c1e3826f40dd93b88cfec4c0a7df.png\",\"thumbnailProductImagePath\":\"/upload/image/201010/67e2c1e3826f40dd93b88cfec4c0a7df_thumbnail.jpg\"}]','SN_76EC7958D794',100,600,0,'402881882ba8753a012ba97b03e901dc','402881882badb4ed012badbd1e030009','402881882ba8753a012ba983fe7f01ed');
INSERT INTO `product` VALUES ('402881882badb4ed012bae80a9e3003a','2010-10-15 14:08:09','2010-10-28 10:38:30','<p><img src=\"http://image.shopxx.cn/upload/image/201010/dc30de419abf41eca216d16f09a598e6.png\" alt=\"\" /></p>\r\n<p><img src=\"http://image.shopxx.cn/upload/image/201010/dcb85216aac2498cbf94e09d486e5f96.png\" alt=\"\" /></p>\r\n<p><img src=\"http://image.shopxx.cn/upload/image/201010/404733d242674c4a9bb0f62027c8143a.png\" alt=\"\" /></p>\r\n<table border=\"1\" cellspacing=\"0\" cellpadding=\"0\" width=\"485\">\r\n<tbody>\r\n<tr>\r\n<td width=\"27%\">\r\n<p><span style=\"font-size: medium;\"><strong>产地</strong><strong>&nbsp;&nbsp;&nbsp;</strong></span></p>\r\n</td>\r\n<td width=\"72%\">\r\n<p><span style=\"font-size: medium;\">&nbsp;&nbsp;中国</span></p>\r\n</td>\r\n</tr>\r\n<tr>\r\n<td width=\"27%\">\r\n<p><span style=\"font-size: medium;\"><strong>材质描述及特点介绍</strong><strong>&nbsp;&nbsp;&nbsp;</strong></span></p>\r\n</td>\r\n<td width=\"72%\">\r\n<p><span style=\"font-size: medium;\">&nbsp; 鞋面材质：超纤合成革+网布</span><br /><span style=\"font-size: medium;\">&nbsp; 鞋底材质：PHYLON中底+橡胶大底</span></p>\r\n</td>\r\n</tr>\r\n<tr>\r\n<td width=\"27%\">\r\n<p><span style=\"font-size: medium;\"><strong>试穿建议</strong><strong>&nbsp;&nbsp;&nbsp;</strong></span></p>\r\n</td>\r\n<td width=\"72%\">\r\n<p><span style=\"font-size: medium;\">&nbsp; 建议春秋季节穿</span></p>\r\n</td>\r\n</tr>\r\n</tbody>\r\n</table>\r\n<p>&nbsp;</p>\r\n<p><img src=\"http://image.shopxx.cn/upload/image/201010/38d3d117e8804a328ec5f6d5bc7c968c.png\" alt=\"\" /></p>',1,'/html/product_content/201010/7c179f618edb461d9d8c6eec87e76dcc.html',b'0',b'0',b'1',b'1',305,'李宁网络经典复刻 男子跑步鞋','','李宁网络经典复刻 男子跑步鞋',0,218,'[{\"bigProductImagePath\":\"/upload/image/201010/840731ab343944da925c11ab69e7e59d_big.jpg\",\"id\":\"840731ab343944da925c11ab69e7e59d\",\"smallProductImagePath\":\"/upload/image/201010/840731ab343944da925c11ab69e7e59d_small.jpg\",\"sourceProductImagePath\":\"/upload/image/201010/840731ab343944da925c11ab69e7e59d.png\",\"thumbnailProductImagePath\":\"/upload/image/201010/840731ab343944da925c11ab69e7e59d_thumbnail.jpg\"},{\"bigProductImagePath\":\"/upload/image/201010/14737b9b2b9e4b8d92888ebda30237a5_big.jpg\",\"id\":\"14737b9b2b9e4b8d92888ebda30237a5\",\"smallProductImagePath\":\"/upload/image/201010/14737b9b2b9e4b8d92888ebda30237a5_small.jpg\",\"sourceProductImagePath\":\"/upload/image/201010/14737b9b2b9e4b8d92888ebda30237a5.png\",\"thumbnailProductImagePath\":\"/upload/image/201010/14737b9b2b9e4b8d92888ebda30237a5_thumbnail.jpg\"},{\"bigProductImagePath\":\"/upload/image/201010/cae6c483654043988ffc38b0a9d4026d_big.jpg\",\"id\":\"cae6c483654043988ffc38b0a9d4026d\",\"smallProductImagePath\":\"/upload/image/201010/cae6c483654043988ffc38b0a9d4026d_small.jpg\",\"sourceProductImagePath\":\"/upload/image/201010/cae6c483654043988ffc38b0a9d4026d.png\",\"thumbnailProductImagePath\":\"/upload/image/201010/cae6c483654043988ffc38b0a9d4026d_thumbnail.jpg\"}]','SN_CC39F03C2C3E',99,400,0,'402881882ba8753a012ba97b9cbe01dd','402881882badb4ed012badbf89a4000d','402881882ba8753a012ba985432401f2');
INSERT INTO `product` VALUES ('402881882badb4ed012bae84b624003b','2010-10-15 14:12:34','2010-10-28 10:38:32','<p><img src=\"http://image.shopxx.cn/upload/image/201010/9b43a5b21d6549e0a25c4994ddef004b.png\" alt=\"\" /></p>\r\n<p><img src=\"http://image.shopxx.cn/upload/image/201010/541670c3143a4d4da8fffbb2f0fff5a7.png\" alt=\"\" /></p>\r\n<p>&nbsp;</p>\r\n<p><img src=\"http://image.shopxx.cn/upload/image/201010/e33dd538c7434b119123f3375d50a796.png\" alt=\"\" /></p>\r\n<p><img src=\"http://image.shopxx.cn/upload/image/201010/19969fc0b43949f6bfb1010953a98eb1.png\" alt=\"\" /><img src=\"http://image.shopxx.cn/upload/image/201010/60a82f6efcde4db0aa7d7007be8d6a4c.png\" alt=\"\" /></p>\r\n<p>&nbsp;</p>\r\n<p><img src=\"http://image.shopxx.cn/upload/image/201010/d1cd52e95d884120ac9099ca6f3806c8.png\" alt=\"\" /></p>',1,'/html/product_content/201010/b3b268e12da948de86b68e2e56cff971.html',b'0',b'0',b'1',b'1',159,'新款凉鞋 高跟鞋','','新款凉鞋 高跟鞋',0,128,'[{\"bigProductImagePath\":\"/upload/image/201010/be7937230e5b473ba127fdfeaf725555_big.jpg\",\"id\":\"be7937230e5b473ba127fdfeaf725555\",\"smallProductImagePath\":\"/upload/image/201010/be7937230e5b473ba127fdfeaf725555_small.jpg\",\"sourceProductImagePath\":\"/upload/image/201010/be7937230e5b473ba127fdfeaf725555.png\",\"thumbnailProductImagePath\":\"/upload/image/201010/be7937230e5b473ba127fdfeaf725555_thumbnail.jpg\"},{\"bigProductImagePath\":\"/upload/image/201010/9cbed3dec0c749539f56ceab0f3509ce_big.jpg\",\"id\":\"9cbed3dec0c749539f56ceab0f3509ce\",\"smallProductImagePath\":\"/upload/image/201010/9cbed3dec0c749539f56ceab0f3509ce_small.jpg\",\"sourceProductImagePath\":\"/upload/image/201010/9cbed3dec0c749539f56ceab0f3509ce.png\",\"thumbnailProductImagePath\":\"/upload/image/201010/9cbed3dec0c749539f56ceab0f3509ce_thumbnail.jpg\"},{\"bigProductImagePath\":\"/upload/image/201010/dae6e23ece7047f4b9e40bf6bb0c0ec1_big.jpg\",\"id\":\"dae6e23ece7047f4b9e40bf6bb0c0ec1\",\"smallProductImagePath\":\"/upload/image/201010/dae6e23ece7047f4b9e40bf6bb0c0ec1_small.jpg\",\"sourceProductImagePath\":\"/upload/image/201010/dae6e23ece7047f4b9e40bf6bb0c0ec1.png\",\"thumbnailProductImagePath\":\"/upload/image/201010/dae6e23ece7047f4b9e40bf6bb0c0ec1_thumbnail.jpg\"},{\"bigProductImagePath\":\"/upload/image/201010/1258798bb41e48fca2ece66a00e52666_big.jpg\",\"id\":\"1258798bb41e48fca2ece66a00e52666\",\"smallProductImagePath\":\"/upload/image/201010/1258798bb41e48fca2ece66a00e52666_small.jpg\",\"sourceProductImagePath\":\"/upload/image/201010/1258798bb41e48fca2ece66a00e52666.png\",\"thumbnailProductImagePath\":\"/upload/image/201010/1258798bb41e48fca2ece66a00e52666_thumbnail.jpg\"}]','SN_D5F2BD620475',99,400,0,'402881882ba8753a012ba97c0c9f01de','402881882badb4ed012badbf611d000c','402881882ba8753a012ba985432401f2');
INSERT INTO `product` VALUES ('402881882badb4ed012bae8a3a9e003c','2010-10-15 14:18:36','2010-10-28 00:17:15','<p><img src=\"http://image.shopxx.cn/upload/image/201010/656ccadd253b40d9b9b540866669c0b1.jpg\" alt=\"\" /></p>\r\n<p>&nbsp;</p>\r\n<p><img src=\"http://image.shopxx.cn/upload/image/201010/de9da9a4aa354465a79d6ea2c656efc1.jpg\" alt=\"\" /></p>\r\n<p>&nbsp;</p>\r\n<p><img src=\"http://image.shopxx.cn/upload/image/201010/205e6a5074044cda8a26429a96a05ef1.jpg\" alt=\"\" /></p>\r\n<p>&nbsp;</p>\r\n<p><img src=\"http://image.shopxx.cn/upload/image/201010/118414cda37e455fb5e19a1ac828dc06.jpg\" alt=\"\" /></p>\r\n<p>&nbsp;</p>\r\n<p><img src=\"http://image.shopxx.cn/upload/image/201010/e9557fa37cb24e86a74bfff022d3a5af.jpg\" alt=\"\" /></p>\r\n<p>&nbsp;</p>\r\n<p><img src=\"http://image.shopxx.cn/upload/image/201010/097ff005a1764d6eb63f249a1d25a061.jpg\" alt=\"\" /></p>\r\n<p>&nbsp;</p>\r\n<ul>\r\n<li><span style=\"color: #000000; font-size: medium;\">上衣平铺尺寸&nbsp;&nbsp; 单位(CM)</span></li>\r\n<span style=\"color: #000000;\">﻿</span> \r\n</ul>\r\n<div>\r\n<table border=\"1\" cellspacing=\"1\" cellpadding=\"0\" width=\"365\">\r\n<tbody>\r\n<tr>\r\n<td width=\"90\">\r\n<p><span style=\"color: #000000; font-size: medium;\">尺码</span></p>\r\n</td>\r\n<td width=\"90\">\r\n<p><span style=\"color: #000000; font-size: medium;\">衣长</span></p>\r\n</td>\r\n<td width=\"90\">\r\n<p><span style=\"color: #000000; font-size: medium;\">胸围</span></p>\r\n</td>\r\n<td width=\"90\">\r\n<p><span style=\"color: #000000; font-size: medium;\">袖长（袖口-肩）</span></p>\r\n</td>\r\n</tr>\r\n<tr>\r\n<td width=\"90\">\r\n<p><span style=\"color: #000000; font-size: medium;\">110</span></p>\r\n</td>\r\n<td width=\"90\">\r\n<p><span style=\"color: #000000; font-size: medium;\">39</span></p>\r\n</td>\r\n<td width=\"90\">\r\n<p><span style=\"color: #000000; font-size: medium;\">36*2</span></p>\r\n</td>\r\n<td width=\"90\">\r\n<p><span style=\"color: #000000; font-size: medium;\">35</span></p>\r\n</td>\r\n</tr>\r\n<tr>\r\n<td width=\"90\">\r\n<p><span style=\"color: #000000; font-size: medium;\">120</span></p>\r\n</td>\r\n<td width=\"90\">\r\n<p><span style=\"color: #000000; font-size: medium;\">42</span></p>\r\n</td>\r\n<td width=\"90\">\r\n<p><span style=\"color: #000000; font-size: medium;\">38*2</span></p>\r\n</td>\r\n<td width=\"90\">\r\n<p><span style=\"color: #000000; font-size: medium;\">37</span></p>\r\n</td>\r\n</tr>\r\n<tr>\r\n<td width=\"90\">\r\n<p><span style=\"color: #000000; font-size: medium;\">130</span></p>\r\n</td>\r\n<td width=\"90\">\r\n<p><span style=\"color: #000000; font-size: medium;\">45</span></p>\r\n</td>\r\n<td width=\"90\">\r\n<p><span style=\"color: #000000; font-size: medium;\">41*2</span></p>\r\n</td>\r\n<td width=\"90\">\r\n<p><span style=\"color: #000000; font-size: medium;\">39</span></p>\r\n</td>\r\n</tr>\r\n<tr>\r\n<td width=\"90\">\r\n<p><span style=\"color: #000000; font-size: medium;\">140</span></p>\r\n</td>\r\n<td width=\"90\">\r\n<p><span style=\"color: #000000; font-size: medium;\">48</span></p>\r\n</td>\r\n<td width=\"90\">\r\n<p><span style=\"color: #000000; font-size: medium;\">43*2</span></p>\r\n</td>\r\n<td width=\"90\">\r\n<p><span style=\"color: #000000; font-size: medium;\">42</span></p>\r\n</td>\r\n</tr>\r\n<tr>\r\n<td width=\"90\"><span style=\"color: #000000; font-size: medium;\">&nbsp;</span></td>\r\n<td width=\"90\"><span style=\"color: #000000; font-size: medium;\">&nbsp;</span></td>\r\n<td width=\"90\"><span style=\"color: #000000; font-size: medium;\">&nbsp;</span></td>\r\n<td width=\"90\"><span style=\"color: #000000; font-size: medium;\">&nbsp;</span></td>\r\n</tr>\r\n</tbody>\r\n</table>\r\n</div>\r\n<ul>\r\n<li><span style=\"color: #000000; font-size: medium;\">裤子平铺尺寸&nbsp;&nbsp; 单位(CM)</span></li>\r\n</ul>\r\n<div>\r\n<table border=\"1\" cellspacing=\"1\" cellpadding=\"0\" width=\"365\">\r\n<tbody>\r\n<tr>\r\n<td width=\"90\">\r\n<p><span style=\"color: #000000; font-size: medium;\">尺码</span></p>\r\n</td>\r\n<td width=\"90\">\r\n<p><span style=\"color: #000000; font-size: medium;\">裤长</span></p>\r\n</td>\r\n<td width=\"90\">\r\n<p><span style=\"color: #000000; font-size: medium;\">裆长</span></p>\r\n</td>\r\n<td width=\"90\">\r\n<p><span style=\"color: #000000; font-size: medium;\">臀围</span></p>\r\n</td>\r\n</tr>\r\n<tr>\r\n<td width=\"90\">\r\n<p><span style=\"color: #000000; font-size: medium;\">110</span></p>\r\n</td>\r\n<td width=\"90\">\r\n<p><span style=\"color: #000000; font-size: medium;\">67</span></p>\r\n</td>\r\n<td width=\"90\">\r\n<p><span style=\"color: #000000; font-size: medium;\">24</span></p>\r\n</td>\r\n<td width=\"90\">\r\n<p><span style=\"color: #000000; font-size: medium;\">36*2</span></p>\r\n</td>\r\n</tr>\r\n<tr>\r\n<td width=\"90\">\r\n<p><span style=\"color: #000000; font-size: medium;\">120</span></p>\r\n</td>\r\n<td width=\"90\">\r\n<p><span style=\"color: #000000; font-size: medium;\">72</span></p>\r\n</td>\r\n<td width=\"90\">\r\n<p><span style=\"color: #000000; font-size: medium;\">26</span></p>\r\n</td>\r\n<td width=\"90\">\r\n<p><span style=\"color: #000000; font-size: medium;\">39*2</span></p>\r\n</td>\r\n</tr>\r\n<tr>\r\n<td width=\"90\">\r\n<p><span style=\"color: #000000; font-size: medium;\">130</span></p>\r\n</td>\r\n<td width=\"90\">\r\n<p><span style=\"color: #000000; font-size: medium;\">76</span></p>\r\n</td>\r\n<td width=\"90\">\r\n<p><span style=\"color: #000000; font-size: medium;\">27</span></p>\r\n</td>\r\n<td width=\"90\">\r\n<p><span style=\"color: #000000; font-size: medium;\">40*2</span></p>\r\n</td>\r\n</tr>\r\n<tr>\r\n<td width=\"90\">\r\n<p><span style=\"color: #000000; font-size: medium;\">140</span></p>\r\n</td>\r\n<td width=\"90\">\r\n<p><span style=\"color: #000000; font-size: medium;\">79</span></p>\r\n</td>\r\n<td width=\"90\">\r\n<p><span style=\"color: #000000; font-size: medium;\">28</span></p>\r\n</td>\r\n<td width=\"90\">\r\n<p><span style=\"color: #000000; font-size: medium;\">41*2</span></p>\r\n</td>\r\n</tr>\r\n<tr>\r\n<td width=\"90\"><span style=\"color: #000000; font-size: medium;\">&nbsp;</span></td>\r\n<td width=\"90\"><span style=\"color: #000000; font-size: medium;\">&nbsp;</span></td>\r\n<td width=\"90\"><span style=\"color: #000000; font-size: medium;\">&nbsp;</span></td>\r\n<td width=\"90\"><span style=\"color: #000000; font-size: medium;\">&nbsp;</span></td>\r\n</tr>\r\n</tbody>\r\n</table>\r\n</div>\r\n<p><span style=\"font-size: medium; color: #ff00ff;\"><span style=\"color: #000000;\">&nbsp;</span></span></p>',0,'/html/product_content/201010/8d0177cfd1524332b2cb718debf471df.html',b'0',b'0',b'1',b'1',118,'童装秋装女童运动休闲套装长袖+长裤时尚连帽米奇图案蝴蝶结','','童装秋装女童运动休闲套装长袖+长裤时尚连帽米奇图案蝴蝶结',0,99,'[{\"bigProductImagePath\":\"/upload/image/201010/e8b2322db3544281965032a8e9688ba1_big.jpg\",\"id\":\"e8b2322db3544281965032a8e9688ba1\",\"smallProductImagePath\":\"/upload/image/201010/e8b2322db3544281965032a8e9688ba1_small.jpg\",\"sourceProductImagePath\":\"/upload/image/201010/e8b2322db3544281965032a8e9688ba1.png\",\"thumbnailProductImagePath\":\"/upload/image/201010/e8b2322db3544281965032a8e9688ba1_thumbnail.jpg\"},{\"bigProductImagePath\":\"/upload/image/201010/7c4d8e9fa4cd4e0b8bce6d873ca8201e_big.jpg\",\"id\":\"7c4d8e9fa4cd4e0b8bce6d873ca8201e\",\"smallProductImagePath\":\"/upload/image/201010/7c4d8e9fa4cd4e0b8bce6d873ca8201e_small.jpg\",\"sourceProductImagePath\":\"/upload/image/201010/7c4d8e9fa4cd4e0b8bce6d873ca8201e.png\",\"thumbnailProductImagePath\":\"/upload/image/201010/7c4d8e9fa4cd4e0b8bce6d873ca8201e_thumbnail.jpg\"},{\"bigProductImagePath\":\"/upload/image/201010/60ffefc227ee483eb8b4be1be9ca1b0c_big.jpg\",\"id\":\"60ffefc227ee483eb8b4be1be9ca1b0c\",\"smallProductImagePath\":\"/upload/image/201010/60ffefc227ee483eb8b4be1be9ca1b0c_small.jpg\",\"sourceProductImagePath\":\"/upload/image/201010/60ffefc227ee483eb8b4be1be9ca1b0c.png\",\"thumbnailProductImagePath\":\"/upload/image/201010/60ffefc227ee483eb8b4be1be9ca1b0c_thumbnail.jpg\"}]','SN_72207CC89AD9',100,400,0,'402881882ba8753a012ba97c6a8e01df','402881882ba8753a012ba95eabbf01cd','402881882ba8753a012ba983fe7f01ed');
INSERT INTO `product` VALUES ('402881882badb4ed012bae8de5c4003d','2010-10-15 14:22:36','2010-10-28 10:15:45','<p><img src=\"http://image.shopxx.cn/upload/image/201010/f09e32ea908a4ca1bdcedc5b3f239836.png\" alt=\"\" /></p>\r\n<p><img src=\"http://image.shopxx.cn/upload/image/201010/a4c619784f594f32948115cc866cc040.png\" alt=\"\" /></p>\r\n<p>&nbsp;</p>\r\n<p><img src=\"http://image.shopxx.cn/upload/image/201010/712772e918ca4c4398275a5d79479262.png\" alt=\"\" /></p>\r\n<p>&nbsp;</p>\r\n<p><img src=\"http://image.shopxx.cn/upload/image/201010/41a091aa1dea41d78d27e830019a03ad.png\" alt=\"\" /></p>',1,'/html/product_content/201010/f82d6264c5394306b5e42788b336f595.html',b'0',b'0',b'1',b'1',88,'爱制造秋款 黑色有型的翻领 长袖童装T恤','','爱制造秋款 黑色有型的翻领 长袖童装T恤',0,68,'[{\"bigProductImagePath\":\"/upload/image/201010/fb9ff6fb1dde46388375f7f64b7af0a6_big.jpg\",\"id\":\"fb9ff6fb1dde46388375f7f64b7af0a6\",\"smallProductImagePath\":\"/upload/image/201010/fb9ff6fb1dde46388375f7f64b7af0a6_small.jpg\",\"sourceProductImagePath\":\"/upload/image/201010/fb9ff6fb1dde46388375f7f64b7af0a6.png\",\"thumbnailProductImagePath\":\"/upload/image/201010/fb9ff6fb1dde46388375f7f64b7af0a6_thumbnail.jpg\"},{\"bigProductImagePath\":\"/upload/image/201010/c83976638731421f9619a36a708480bd_big.jpg\",\"id\":\"c83976638731421f9619a36a708480bd\",\"smallProductImagePath\":\"/upload/image/201010/c83976638731421f9619a36a708480bd_small.jpg\",\"sourceProductImagePath\":\"/upload/image/201010/c83976638731421f9619a36a708480bd.png\",\"thumbnailProductImagePath\":\"/upload/image/201010/c83976638731421f9619a36a708480bd_thumbnail.jpg\"}]','SN_0097B0AAAA42',100,100,0,'402881882ba8753a012ba97ccd6e01e0','402881882ba8753a012ba95eabbf01cd','402881882ba8753a012ba983fe7f01ed');
INSERT INTO `product` VALUES ('402881882badb4ed012bae925dfe003e','2010-10-15 14:27:29','2010-10-28 10:15:45','<p><img src=\"http://localhost/upload/image/201010/d78254833cca4c3aac717e864a33c43a.png\" alt=\"\" width=\"711\" height=\"285\" /></p>\r\n<p><img src=\"http://image.shopxx.cn/upload/image/201010/06912badf56740b8a6a643a0e0c8f847.gif\" alt=\"\" /></p>\r\n<p>&nbsp;</p>\r\n<p><img src=\"http://image.shopxx.cn/upload/image/201010/33c10bb6cfe145d0b9f6feaa884cc42d.gif\" alt=\"\" /></p>\r\n<p>&nbsp;</p>\r\n<p><img src=\"http://image.shopxx.cn/upload/image/201010/73f449931d204e21bb7656b1981f3c78.gif\" alt=\"\" /></p>\r\n<p>&nbsp;</p>\r\n<p><img src=\"http://image.shopxx.cn/upload/image/201010/3970720ecab2440eaf6fd02d6511516c.png\" alt=\"\" /></p>\r\n<p>&nbsp;</p>\r\n<p><img src=\"http://image.shopxx.cn/upload/image/201010/ea138ce677c84d1bbaa82a60881c37de.gif\" alt=\"\" /></p>\r\n<p>&nbsp;</p>\r\n<p><img src=\"http://image.shopxx.cn/upload/image/201010/829db7dcdd594e168034b0e070c02791.png\" alt=\"\" /></p>\r\n<p><img src=\"http://image.shopxx.cn/upload/image/201010/3b0f36940259491c8035b851548dc692.png\" alt=\"\" /></p>',1,'/html/product_content/201010/4e0515ec5d3f4bf7820f45b19ff2e6e8.html',b'0',b'0',b'1',b'1',58,'女童秋装连衣裙 春秋韩版马甲裙 正品 品牌童装','','女童秋装连衣裙 春秋韩版马甲裙 正品 品牌童装',0,38,'[{\"bigProductImagePath\":\"/upload/image/201010/a5e20c4f0fad4d6c9c0a285ba3cd58b8_big.jpg\",\"id\":\"a5e20c4f0fad4d6c9c0a285ba3cd58b8\",\"smallProductImagePath\":\"/upload/image/201010/a5e20c4f0fad4d6c9c0a285ba3cd58b8_small.jpg\",\"sourceProductImagePath\":\"/upload/image/201010/a5e20c4f0fad4d6c9c0a285ba3cd58b8.png\",\"thumbnailProductImagePath\":\"/upload/image/201010/a5e20c4f0fad4d6c9c0a285ba3cd58b8_thumbnail.jpg\"},{\"bigProductImagePath\":\"/upload/image/201010/13e6f406ae85429abf1f4e3c5916f14d_big.jpg\",\"id\":\"13e6f406ae85429abf1f4e3c5916f14d\",\"smallProductImagePath\":\"/upload/image/201010/13e6f406ae85429abf1f4e3c5916f14d_small.jpg\",\"sourceProductImagePath\":\"/upload/image/201010/13e6f406ae85429abf1f4e3c5916f14d.png\",\"thumbnailProductImagePath\":\"/upload/image/201010/13e6f406ae85429abf1f4e3c5916f14d_thumbnail.jpg\"},{\"bigProductImagePath\":\"/upload/image/201010/30e52e5a218245febc8d0b995ad8c16a_big.jpg\",\"id\":\"30e52e5a218245febc8d0b995ad8c16a\",\"smallProductImagePath\":\"/upload/image/201010/30e52e5a218245febc8d0b995ad8c16a_small.jpg\",\"sourceProductImagePath\":\"/upload/image/201010/30e52e5a218245febc8d0b995ad8c16a.png\",\"thumbnailProductImagePath\":\"/upload/image/201010/30e52e5a218245febc8d0b995ad8c16a_thumbnail.jpg\"},{\"bigProductImagePath\":\"/upload/image/201010/21737aa4ce5544b2993d81f9c64f59e9_big.jpg\",\"id\":\"21737aa4ce5544b2993d81f9c64f59e9\",\"smallProductImagePath\":\"/upload/image/201010/21737aa4ce5544b2993d81f9c64f59e9_small.jpg\",\"sourceProductImagePath\":\"/upload/image/201010/21737aa4ce5544b2993d81f9c64f59e9.png\",\"thumbnailProductImagePath\":\"/upload/image/201010/21737aa4ce5544b2993d81f9c64f59e9_thumbnail.jpg\"}]','SN_8E8594E8C941',100,80,0,'402881882ba8753a012ba98250a001ec','402881882ba8753a012ba95eabbf01cd','402881882ba8753a012ba983fe7f01ed');
INSERT INTO `product` VALUES ('402881882badb4ed012bae9ac452003f','2010-10-15 14:36:39','2010-10-28 10:41:01','<p>款式: 手提包（不可肩背）&nbsp;&nbsp;&nbsp;&nbsp;&nbsp;&nbsp;&nbsp;&nbsp;&nbsp;&nbsp;&nbsp;&nbsp;&nbsp;&nbsp;&nbsp;&nbsp;&nbsp;&nbsp;&nbsp;&nbsp;&nbsp;&nbsp;&nbsp; 背包方式: 手提斜挎 <br />背包部位: 手部&nbsp;&nbsp;&nbsp;&nbsp;&nbsp;&nbsp;&nbsp;&nbsp;&nbsp;&nbsp;&nbsp;&nbsp;&nbsp;&nbsp;&nbsp;&nbsp;&nbsp;&nbsp;&nbsp;&nbsp;&nbsp;&nbsp;&nbsp;&nbsp;&nbsp;&nbsp;&nbsp;&nbsp;&nbsp;&nbsp;&nbsp;&nbsp;&nbsp;&nbsp;&nbsp;&nbsp;&nbsp;&nbsp; 质地: PU皮 <br />皮质特征: 软面皮&nbsp;&nbsp;&nbsp;&nbsp;&nbsp;&nbsp;&nbsp;&nbsp;&nbsp;&nbsp;&nbsp;&nbsp;&nbsp;&nbsp;&nbsp;&nbsp;&nbsp;&nbsp;&nbsp;&nbsp;&nbsp;&nbsp;&nbsp;&nbsp;&nbsp;&nbsp;&nbsp;&nbsp;&nbsp;&nbsp;&nbsp;&nbsp;&nbsp;&nbsp;&nbsp; 肩带根数: 双根 <br />提拎部件: 硬把&nbsp;&nbsp;&nbsp;&nbsp;&nbsp;&nbsp;&nbsp;&nbsp;&nbsp;&nbsp;&nbsp;&nbsp;&nbsp;&nbsp;&nbsp;&nbsp;&nbsp;&nbsp;&nbsp;&nbsp;&nbsp;&nbsp;&nbsp;&nbsp;&nbsp;&nbsp;&nbsp;&nbsp;&nbsp;&nbsp;&nbsp;&nbsp;&nbsp;&nbsp;&nbsp;&nbsp;&nbsp;&nbsp; 箱包开袋方式: 拉链 <br />内部结构: 证件袋&nbsp; 拉链暗袋 ...&nbsp;&nbsp;&nbsp;&nbsp;&nbsp;&nbsp;&nbsp;&nbsp;&nbsp;&nbsp;&nbsp;&nbsp;&nbsp;&nbsp;&nbsp;&nbsp; 外袋种类: 内贴袋 <br />箱包流行元素: 车缝线&nbsp;&nbsp;&nbsp;&nbsp;&nbsp;&nbsp;&nbsp;&nbsp;&nbsp;&nbsp;&nbsp;&nbsp;&nbsp;&nbsp;&nbsp;&nbsp;&nbsp;&nbsp;&nbsp;&nbsp;&nbsp;&nbsp;&nbsp;&nbsp;&nbsp;&nbsp;&nbsp;&nbsp;&nbsp; 风格: 甜美淑女 <br />箱包外形: 其他&nbsp;&nbsp;&nbsp;&nbsp;&nbsp;&nbsp;&nbsp;&nbsp;&nbsp;&nbsp;&nbsp;&nbsp;&nbsp;&nbsp;&nbsp;&nbsp;&nbsp;&nbsp;&nbsp;&nbsp;&nbsp;&nbsp;&nbsp;&nbsp;&nbsp;&nbsp;&nbsp;&nbsp;&nbsp;&nbsp;&nbsp;&nbsp;&nbsp;&nbsp;&nbsp;&nbsp;&nbsp;&nbsp; 箱包图案: 纯色无图案 <br />颜色分类: 桃红 黑色 米色 白色 蓝色&nbsp;&nbsp;&nbsp;&nbsp;&nbsp;&nbsp;&nbsp;&nbsp; 有无夹层: 无 <br />硬度: 软&nbsp;&nbsp;&nbsp;&nbsp;&nbsp;&nbsp;&nbsp;&nbsp;&nbsp;&nbsp;&nbsp;&nbsp;&nbsp;&nbsp;&nbsp;&nbsp;&nbsp;&nbsp;&nbsp;&nbsp;&nbsp;&nbsp;&nbsp;&nbsp;&nbsp;&nbsp;&nbsp;&nbsp;&nbsp;&nbsp;&nbsp;&nbsp;&nbsp;&nbsp;&nbsp;&nbsp;&nbsp;&nbsp;&nbsp;&nbsp;&nbsp;&nbsp;&nbsp;&nbsp;&nbsp;&nbsp;&nbsp; 有无拉杆: 无 <br />可否折叠: 否&nbsp;&nbsp;&nbsp;&nbsp;&nbsp;&nbsp;&nbsp;&nbsp;&nbsp;&nbsp;&nbsp;&nbsp;&nbsp;&nbsp;&nbsp;&nbsp;&nbsp;&nbsp;&nbsp;&nbsp;&nbsp;&nbsp;&nbsp;&nbsp;&nbsp;&nbsp;&nbsp;&nbsp;&nbsp;&nbsp;&nbsp;&nbsp;&nbsp;&nbsp;&nbsp;&nbsp;&nbsp;&nbsp;&nbsp;&nbsp;&nbsp; 有无手腕带: 有 <br /><img src=\"http://image.shopxx.cn/upload/image/201010/09078676cf5b418d81b4bde5a1edce35.png\" alt=\"\" /><img src=\"http://image.shopxx.cn/upload/image/201010/326669457aa14192b769a3103fceb724.png\" alt=\"\" /></p>\r\n<p><img src=\"http://image.shopxx.cn/upload/image/201010/c4f6ab4cdd36403c8e1f1bbe3a72ab90.png\" alt=\"\" /></p>\r\n<p><img src=\"http://image.shopxx.cn/upload/image/201010/da8d415190a5432096d437bf002586dc.png\" alt=\"\" /></p>\r\n<p><img src=\"http://image.shopxx.cn/upload/image/201010/e626ab88997a4123b98615a607743f74.png\" alt=\"\" /></p>\r\n<div>\r\n<table style=\"width: 500px;\" border=\"0\" cellspacing=\"1\" cellpadding=\"0\">\r\n<tbody>\r\n<tr>\r\n<td width=\"52\" valign=\"top\">\r\n<p><span style=\"color: #000000; font-size: medium;\">名称</span></p>\r\n</td>\r\n<td width=\"382\" valign=\"top\">\r\n<p><span style=\"color: #000000; font-size: medium;\">[美美]潮流先锋系列休闲两用包</span></p>\r\n</td>\r\n</tr>\r\n<tr>\r\n<td valign=\"top\">\r\n<p><span style=\"color: #000000; font-size: medium;\">功能</span></p>\r\n</td>\r\n<td valign=\"top\">\r\n<p><span style=\"color: #000000; font-size: medium;\">手提斜挎包</span></p>\r\n</td>\r\n</tr>\r\n<tr>\r\n<td valign=\"top\">\r\n<p><span style=\"color: #000000; font-size: medium;\">打开方式</span></p>\r\n</td>\r\n<td valign=\"top\">\r\n<p><span style=\"color: #000000; font-size: medium;\">拉链</span></p>\r\n</td>\r\n</tr>\r\n<tr>\r\n<td valign=\"top\">\r\n<p><span style=\"color: #000000; font-size: medium;\">材料</span></p>\r\n</td>\r\n<td valign=\"top\">\r\n<p><span style=\"color: #000000; font-size: medium;\">PU</span></p>\r\n</td>\r\n</tr>\r\n<tr>\r\n<td valign=\"top\">\r\n<p><span style=\"color: #000000; font-size: medium;\">颜色</span></p>\r\n</td>\r\n<td valign=\"top\">\r\n<p><span style=\"color: #000000; font-size: medium;\">白色、桃红色、黑色、粉红色、紫色、黄色</span></p>\r\n</td>\r\n</tr>\r\n<tr>\r\n<td valign=\"top\">\r\n<p><span style=\"color: #000000; font-size: medium;\">尺寸</span></p>\r\n</td>\r\n<td valign=\"top\">\r\n<p><span style=\"color: #000000; font-size: medium;\">包体约为宽：26cm（以产品最宽处测量），高：21cm，厚：15cm，手提带高约：14cm，斜挎带长约：125cm(可拆卸可调节)</span></p>\r\n</td>\r\n</tr>\r\n<tr>\r\n<td valign=\"top\">\r\n<p><span style=\"color: #000000; font-size: medium;\">内部结构</span></p>\r\n</td>\r\n<td valign=\"top\">\r\n<p><span style=\"color: #000000; font-size: medium;\">1个内拉链袋，1个手机袋，1个证件袋</span></p>\r\n</td>\r\n</tr>\r\n<tr>\r\n<td valign=\"top\">\r\n<p><span style=\"color: #000000; font-size: medium;\">产地</span></p>\r\n</td>\r\n<td valign=\"top\">\r\n<p><span style=\"color: #000000; font-size: medium;\">中国</span></p>\r\n</td>\r\n</tr>\r\n<tr>\r\n<td valign=\"top\">\r\n<p><span style=\"color: #000000; font-size: medium;\">重量</span></p>\r\n</td>\r\n<td valign=\"top\">\r\n<p><span style=\"color: #000000; font-size: medium;\">0.69KG</span></p>\r\n</td>\r\n</tr>\r\n</tbody>\r\n</table>\r\n</div>',1,'/html/product_content/201010/b0885f9027dc4a69933ca59cef4232b3.html',b'1',b'0',b'1',b'0',108,'淑女车线/女士手提斜跨包/女包','','淑女车线/女士手提斜跨包/女包',0,68,'[{\"bigProductImagePath\":\"/upload/image/201010/a77014051e344dc6a55deff2ab2a9236_big.jpg\",\"id\":\"a77014051e344dc6a55deff2ab2a9236\",\"smallProductImagePath\":\"/upload/image/201010/a77014051e344dc6a55deff2ab2a9236_small.jpg\",\"sourceProductImagePath\":\"/upload/image/201010/a77014051e344dc6a55deff2ab2a9236.png\",\"thumbnailProductImagePath\":\"/upload/image/201010/a77014051e344dc6a55deff2ab2a9236_thumbnail.jpg\"},{\"bigProductImagePath\":\"/upload/image/201010/a4a95116ad004c63bda4ad51adeb169b_big.jpg\",\"id\":\"a4a95116ad004c63bda4ad51adeb169b\",\"smallProductImagePath\":\"/upload/image/201010/a4a95116ad004c63bda4ad51adeb169b_small.jpg\",\"sourceProductImagePath\":\"/upload/image/201010/a4a95116ad004c63bda4ad51adeb169b.png\",\"thumbnailProductImagePath\":\"/upload/image/201010/a4a95116ad004c63bda4ad51adeb169b_thumbnail.jpg\"},{\"bigProductImagePath\":\"/upload/image/201010/a1d110ff2f304dfdb1b8a7c1fbd2eb52_big.jpg\",\"id\":\"a1d110ff2f304dfdb1b8a7c1fbd2eb52\",\"smallProductImagePath\":\"/upload/image/201010/a1d110ff2f304dfdb1b8a7c1fbd2eb52_small.jpg\",\"sourceProductImagePath\":\"/upload/image/201010/a1d110ff2f304dfdb1b8a7c1fbd2eb52.png\",\"thumbnailProductImagePath\":\"/upload/image/201010/a1d110ff2f304dfdb1b8a7c1fbd2eb52_thumbnail.jpg\"},{\"bigProductImagePath\":\"/upload/image/201010/fbde831535704041a9328679acab544e_big.jpg\",\"id\":\"fbde831535704041a9328679acab544e\",\"smallProductImagePath\":\"/upload/image/201010/fbde831535704041a9328679acab544e_small.jpg\",\"sourceProductImagePath\":\"/upload/image/201010/fbde831535704041a9328679acab544e.png\",\"thumbnailProductImagePath\":\"/upload/image/201010/fbde831535704041a9328679acab544e_thumbnail.jpg\"}]','SN_87FC2B5625E8',99,550,0,'402881882ba8753a012ba97d68d301e1','402881882bb2c00c012bb2d2ad5a000b','402881882ba8753a012ba9855f1801f3');
INSERT INTO `product` VALUES ('402881882badb4ed012baea137fe0040','2010-10-15 14:43:42','2010-10-28 00:19:52','<p>是否镶嵌: 纯银镶嵌宝石&nbsp;&nbsp;&nbsp;&nbsp;&nbsp;&nbsp;&nbsp;&nbsp;&nbsp;&nbsp;&nbsp;&nbsp;&nbsp;&nbsp;&nbsp;&nbsp;&nbsp;&nbsp;&nbsp;&nbsp;&nbsp;&nbsp;&nbsp;&nbsp;&nbsp;&nbsp;&nbsp;&nbsp;&nbsp;&nbsp;&nbsp;&nbsp;&nbsp;&nbsp; 链子材质: 纯银 <br />银饰分类: 纯银/925银&nbsp;&nbsp;&nbsp;&nbsp;&nbsp;&nbsp;&nbsp;&nbsp;&nbsp;&nbsp;&nbsp;&nbsp;&nbsp;&nbsp;&nbsp;&nbsp;&nbsp;&nbsp;&nbsp;&nbsp;&nbsp;&nbsp;&nbsp;&nbsp;&nbsp;&nbsp;&nbsp;&nbsp;&nbsp;&nbsp;&nbsp;&nbsp;&nbsp;&nbsp;&nbsp;&nbsp; 成色: 全新 <br />风格: 糖果色/甜美&nbsp;&nbsp;&nbsp;&nbsp;&nbsp;&nbsp;&nbsp;&nbsp;&nbsp;&nbsp;&nbsp;&nbsp;&nbsp;&nbsp;&nbsp;&nbsp;&nbsp;&nbsp;&nbsp;&nbsp;&nbsp;&nbsp;&nbsp;&nbsp;&nbsp;&nbsp;&nbsp;&nbsp;&nbsp;&nbsp;&nbsp;&nbsp;&nbsp;&nbsp;&nbsp;&nbsp;&nbsp;&nbsp;&nbsp;&nbsp;&nbsp;&nbsp; 形状/图案: 星星/日月/云朵 <br />新奇特: 网聚特色&nbsp;&nbsp;&nbsp;&nbsp;&nbsp;&nbsp;&nbsp;&nbsp;&nbsp;&nbsp;&nbsp;&nbsp;&nbsp;&nbsp;&nbsp;&nbsp;&nbsp;&nbsp;&nbsp;&nbsp;&nbsp;&nbsp;&nbsp;&nbsp;&nbsp;&nbsp;&nbsp;&nbsp;&nbsp;&nbsp;&nbsp;&nbsp;&nbsp;&nbsp;&nbsp;&nbsp;&nbsp;&nbsp;&nbsp;&nbsp;&nbsp;&nbsp;&nbsp; 颜色分类: 元宝链&nbsp; 瓜子链 <br />适合送给谁: 少女&nbsp; 女青年&nbsp;&nbsp;&nbsp;&nbsp;&nbsp;&nbsp;&nbsp;&nbsp;&nbsp;&nbsp;&nbsp;&nbsp;&nbsp;&nbsp;&nbsp;&nbsp;&nbsp;&nbsp;&nbsp;&nbsp;&nbsp;&nbsp;&nbsp;&nbsp;&nbsp;&nbsp;&nbsp;&nbsp;&nbsp;&nbsp;&nbsp;&nbsp; 适合的送礼场景: 生日送礼 <br />适合的送礼人物类型: 文艺型 时尚爱美型&nbsp;&nbsp;&nbsp;&nbsp;&nbsp;&nbsp;&nbsp;&nbsp;&nbsp;&nbsp;&nbsp; 链子样式: 其它样式 <br />是否多层: 否&nbsp;&nbsp;&nbsp;&nbsp;&nbsp;&nbsp;&nbsp;&nbsp;&nbsp;&nbsp;&nbsp;&nbsp;&nbsp;&nbsp;&nbsp;&nbsp;&nbsp;&nbsp;&nbsp;&nbsp;&nbsp;&nbsp;&nbsp;&nbsp;&nbsp;&nbsp;&nbsp;&nbsp;&nbsp;&nbsp;&nbsp;&nbsp;&nbsp;&nbsp;&nbsp;&nbsp;&nbsp;&nbsp;&nbsp;&nbsp;&nbsp;&nbsp;&nbsp;&nbsp;&nbsp;&nbsp;&nbsp;&nbsp;&nbsp; 是否带坠: 是 <br />适用人群: 情侣&nbsp;&nbsp;&nbsp;&nbsp;&nbsp;&nbsp;&nbsp;&nbsp;&nbsp;&nbsp;&nbsp;&nbsp;&nbsp;&nbsp;&nbsp;&nbsp;&nbsp;&nbsp;&nbsp;&nbsp;&nbsp;&nbsp;&nbsp;&nbsp;&nbsp;&nbsp;&nbsp;&nbsp;&nbsp;&nbsp;&nbsp;&nbsp;&nbsp;&nbsp;&nbsp;&nbsp;&nbsp;&nbsp;&nbsp;&nbsp;&nbsp;&nbsp;&nbsp;&nbsp;&nbsp;&nbsp; 是否现货: 现货 <br />链周长: 21cm-50cm&nbsp;&nbsp;&nbsp;&nbsp;&nbsp;&nbsp;&nbsp;&nbsp;&nbsp;&nbsp;&nbsp;&nbsp;&nbsp;&nbsp;&nbsp;&nbsp;&nbsp;&nbsp;&nbsp;&nbsp;&nbsp;&nbsp;&nbsp;&nbsp;&nbsp;&nbsp;&nbsp;&nbsp;&nbsp;&nbsp;&nbsp;&nbsp;&nbsp;&nbsp;&nbsp;&nbsp;&nbsp;&nbsp; 坠子材质: 银饰</p>\r\n<p>&nbsp;</p>\r\n<p>&nbsp;</p>\r\n<p><span style=\"font-size: medium;\">&nbsp;</span></p>\r\n<p><img src=\"http://image.shopxx.cn/upload/image/201010/7ca216b6367d47499a1ab1842c11b7b8.png\" alt=\"\" /></p>\r\n<p>&nbsp;</p>\r\n<p><img src=\"http://image.shopxx.cn/upload/image/201010/d0ba66799832481891344f83f8cadfa7.png\" alt=\"\" /></p>\r\n<p>&nbsp;</p>\r\n<p><img src=\"http://image.shopxx.cn/upload/image/201010/6f64c2c867a148b6b9c7f6583258e90d.png\" alt=\"\" /></p>\r\n<p>&nbsp;</p>\r\n<div>\r\n<table border=\"0\" cellspacing=\"1\" cellpadding=\"0\" width=\"657\">\r\n<tbody>\r\n<tr>\r\n<td width=\"88\">\r\n<p><span style=\"color: #000000; font-size: medium;\">品牌</span></p>\r\n</td>\r\n<td width=\"566\">\r\n<p><span style=\"color: #000000; font-size: medium;\">&nbsp;JPF</span></p>\r\n</td>\r\n</tr>\r\n<tr>\r\n<td width=\"88\">\r\n<p><span style=\"color: #000000; font-size: medium;\">产品编号</span></p>\r\n</td>\r\n<td width=\"566\">\r\n<p><span style=\"color: #000000; font-size: medium;\">&nbsp;F14526253</span></p>\r\n</td>\r\n</tr>\r\n<tr>\r\n<td width=\"88\">\r\n<p><span style=\"color: #000000; font-size: medium;\">产品尺寸</span></p>\r\n</td>\r\n<td width=\"566\">\r\n<p><span style=\"font-size: medium; color: #993300;\">&nbsp;<span style=\"color: #000000;\">吊坠大小约2.6*2.3cm 主钻直径约0.35cm</span></span></p>\r\n</td>\r\n</tr>\r\n<tr>\r\n<td width=\"88\">\r\n<p><span style=\"color: #000000; font-size: medium;\">产品材质</span></p>\r\n</td>\r\n<td width=\"566\">\r\n<p><span style=\"color: #000000; font-size: medium;\">&nbsp;925纯银镀白金（不变色.不过敏）镶嵌八心八箭瑞士钻（火彩极好！切工一流）</span></p>\r\n</td>\r\n</tr>\r\n<tr>\r\n<td width=\"88\">\r\n<p><span style=\"color: #000000; font-size: medium;\">佩戴保养</span></p>\r\n</td>\r\n<td width=\"566\">\r\n<p><span style=\"color: #000000; font-size: medium;\">&nbsp;商品佩戴时尽可能少和物体摩擦，保持光亮。可用洗洁净简单清洗，去除油腻，恢复光亮。</span></p>\r\n</td>\r\n</tr>\r\n<tr>\r\n<td width=\"88\">\r\n<p><span style=\"font-size: medium; color: #000000;\">礼品配送</span></p>\r\n</td>\r\n<td width=\"566\">\r\n<p><span style=\"font-size: medium; color: #000000;\">&nbsp;专柜原包装盒.珠宝清洁布.售后说明书.赠送纯银镀白金项链等赠品。</span></p>\r\n</td>\r\n</tr>\r\n</tbody>\r\n</table>\r\n</div>\r\n<p>&nbsp;</p>',0,'/html/product_content/201010/f1b7c2aedfec4ebb9832f7a435c0442b.html',b'0',b'0',b'1',b'0',158,'2010新款 水滴天使 超闪瑞士钻925纯银项链女 925纯银可刻字','','2010新款 水滴天使 超闪瑞士钻925纯银项链女 925纯银可刻字',0,126,'[{\"bigProductImagePath\":\"/upload/image/201010/9487e3764fdd4049a85fe3190af77ffa_big.jpg\",\"id\":\"9487e3764fdd4049a85fe3190af77ffa\",\"smallProductImagePath\":\"/upload/image/201010/9487e3764fdd4049a85fe3190af77ffa_small.jpg\",\"sourceProductImagePath\":\"/upload/image/201010/9487e3764fdd4049a85fe3190af77ffa.png\",\"thumbnailProductImagePath\":\"/upload/image/201010/9487e3764fdd4049a85fe3190af77ffa_thumbnail.jpg\"},{\"bigProductImagePath\":\"/upload/image/201010/4ca814c21b3b45bc82acbbf1cba0044d_big.jpg\",\"id\":\"4ca814c21b3b45bc82acbbf1cba0044d\",\"smallProductImagePath\":\"/upload/image/201010/4ca814c21b3b45bc82acbbf1cba0044d_small.jpg\",\"sourceProductImagePath\":\"/upload/image/201010/4ca814c21b3b45bc82acbbf1cba0044d.png\",\"thumbnailProductImagePath\":\"/upload/image/201010/4ca814c21b3b45bc82acbbf1cba0044d_thumbnail.jpg\"},{\"bigProductImagePath\":\"/upload/image/201010/ae21e4c78052464d96ae0dc4514ae559_big.jpg\",\"id\":\"ae21e4c78052464d96ae0dc4514ae559\",\"smallProductImagePath\":\"/upload/image/201010/ae21e4c78052464d96ae0dc4514ae559_small.jpg\",\"sourceProductImagePath\":\"/upload/image/201010/ae21e4c78052464d96ae0dc4514ae559.png\",\"thumbnailProductImagePath\":\"/upload/image/201010/ae21e4c78052464d96ae0dc4514ae559_thumbnail.jpg\"},{\"bigProductImagePath\":\"/upload/image/201010/40a322932e0f4b23853901f4140fac41_big.jpg\",\"id\":\"40a322932e0f4b23853901f4140fac41\",\"smallProductImagePath\":\"/upload/image/201010/40a322932e0f4b23853901f4140fac41_small.jpg\",\"sourceProductImagePath\":\"/upload/image/201010/40a322932e0f4b23853901f4140fac41.png\",\"thumbnailProductImagePath\":\"/upload/image/201010/40a322932e0f4b23853901f4140fac41_thumbnail.jpg\"}]','SN_DF4568F5D9E5',100,50,0,'402881882ba8753a012ba97ddc1f01e2','402881882ba8753a012ba954f95301c2','402881882badb4ed012badd30afd0026');
INSERT INTO `product` VALUES ('402881882badb4ed012baea673d60041','2010-10-10 18:00:00','2010-10-27 23:56:22','<p>品牌：伊泰莲娜红苹果</p>\r\n<p>材质：优质合金+奥地利进口水钻+珍珠</p>\r\n<p>宝贝尺寸：项链43厘米&nbsp; 耳环2.5厘米*1厘米</p>\r\n<p>&nbsp;</p>\r\n<p><strong><span style=\"font-size: medium; color: #00ffff;\"><img src=\"http://image.shopxx.cn/upload/image/201010/cc0ec70132ae41e5a1a24fba5983c192.png\" alt=\"\" /></span></strong></p>\r\n<p><strong><span style=\"font-size: medium; color: #00ffff;\"><img src=\"http://image.shopxx.cn/upload/image/201010/ca9beefc85474c89845b51f4de090c22.png\" alt=\"\" /></span></strong></p>\r\n<p><strong><span style=\"font-size: medium; color: #00ffff;\"><img src=\"http://image.shopxx.cn/upload/image/201010/f9ef653adf224e67b8dbc8c1c3dc5383.png\" alt=\"\" /></span></strong></p>\r\n<p><strong><span style=\"font-size: medium; color: #00ffff;\">&nbsp;</span></strong></p>\r\n<p><strong><span style=\"font-size: medium; color: #00ffff;\"><img src=\"http://image.shopxx.cn/upload/image/201010/590d3665a2db496eaa50716bd863e8dd.png\" alt=\"\" /></span></strong></p>\r\n<p><strong><span style=\"font-size: medium; color: #00ffff;\">&nbsp;</span></strong></p>\r\n<p><strong><span style=\"font-size: medium; color: #00ffff;\"><img src=\"http://image.shopxx.cn/upload/image/201010/1b16693d071849a8b796b4371fc69872.png\" alt=\"\" /></span></strong></p>\r\n<p><strong><span style=\"font-size: medium; color: #00ffff;\">&nbsp;</span></strong></p>\r\n<p><strong><span style=\"font-size: medium; color: #00ffff;\"><img src=\"http://image.shopxx.cn/upload/image/201010/50eeb6362139458c82d8b1b3e607b2e5.png\" alt=\"\" /><img src=\"http://image.shopxx.cn/upload/image/201010/06eacc917c2a4300810f9090b386a526.png\" alt=\"\" /></span></strong></p>',0,'/html/product_content/201010/d1e76a45cbe342dab3c984f488eba14f.html',b'0',b'1',b'1',b'0',58,'伊泰莲娜红苹果金底/银底优雅大珍珠/套装/耳环/项链','','伊泰莲娜红苹果金底/银底优雅大珍珠/套装/耳环',0,37,'[{\"bigProductImagePath\":\"/upload/image/201010/2af572acf8a647d3a61728ba2e1ce781_big.jpg\",\"id\":\"2af572acf8a647d3a61728ba2e1ce781\",\"smallProductImagePath\":\"/upload/image/201010/2af572acf8a647d3a61728ba2e1ce781_small.jpg\",\"sourceProductImagePath\":\"/upload/image/201010/2af572acf8a647d3a61728ba2e1ce781.png\",\"thumbnailProductImagePath\":\"/upload/image/201010/2af572acf8a647d3a61728ba2e1ce781_thumbnail.jpg\"},{\"bigProductImagePath\":\"/upload/image/201010/20f2f3d0f3904421a4fa9d592f2c8b00_big.jpg\",\"id\":\"20f2f3d0f3904421a4fa9d592f2c8b00\",\"smallProductImagePath\":\"/upload/image/201010/20f2f3d0f3904421a4fa9d592f2c8b00_small.jpg\",\"sourceProductImagePath\":\"/upload/image/201010/20f2f3d0f3904421a4fa9d592f2c8b00.png\",\"thumbnailProductImagePath\":\"/upload/image/201010/20f2f3d0f3904421a4fa9d592f2c8b00_thumbnail.jpg\"},{\"bigProductImagePath\":\"/upload/image/201010/39818f107bc144bd89c749817f587172_big.jpg\",\"id\":\"39818f107bc144bd89c749817f587172\",\"smallProductImagePath\":\"/upload/image/201010/39818f107bc144bd89c749817f587172_small.jpg\",\"sourceProductImagePath\":\"/upload/image/201010/39818f107bc144bd89c749817f587172.png\",\"thumbnailProductImagePath\":\"/upload/image/201010/39818f107bc144bd89c749817f587172_thumbnail.jpg\"},{\"bigProductImagePath\":\"/upload/image/201010/e6e2fd466c3a4d0eb7d04a5d504b272a_big.jpg\",\"id\":\"e6e2fd466c3a4d0eb7d04a5d504b272a\",\"smallProductImagePath\":\"/upload/image/201010/e6e2fd466c3a4d0eb7d04a5d504b272a_small.jpg\",\"sourceProductImagePath\":\"/upload/image/201010/e6e2fd466c3a4d0eb7d04a5d504b272a.png\",\"thumbnailProductImagePath\":\"/upload/image/201010/e6e2fd466c3a4d0eb7d04a5d504b272a_thumbnail.jpg\"}]','SN_EA54A2DE2D87',100,10,0,'402881882ba8753a012ba97e2f3101e3','402881882ba8753a012ba954f95301c2','402881882badb4ed012badd30afd0026');
INSERT INTO `product` VALUES ('402881882badb4ed012baeabbcae0042','2010-10-15 14:55:12','2010-10-28 00:37:46','<p><img src=\"http://image.shopxx.cn/upload/image/201010/8cd75346aeeb4001ac8912664a38cf17.png\" alt=\"\" /><img src=\"http://image.shopxx.cn/upload/image/201010/e16841a74c4d40a7a68929bdd020d2f3.png\" alt=\"\" /></p>\r\n<p>&nbsp;</p>\r\n<p><img src=\"http://image.shopxx.cn/upload/image/201010/40b1916d53b8478fa85fd9bf384f0643.png\" alt=\"\" /><img src=\"http://image.shopxx.cn/upload/image/201010/14f4746b8e714a898f60e7eff43a8185.png\" alt=\"\" /></p>\r\n<p>&nbsp;</p>\r\n<p><img src=\"http://image.shopxx.cn/upload/image/201010/724a4a0187b54e42b9e38444887b3ca9.png\" alt=\"\" /><img src=\"http://image.shopxx.cn/upload/image/201010/933fd051a57945df8b5a4745f24cb409.png\" alt=\"\" /><img src=\"http://image.shopxx.cn/upload/image/201010/267264806f2b4d6fbfc00fb308c6dc90.png\" alt=\"\" /></p>\r\n<p><img src=\"http://image.shopxx.cn/upload/image/201010/9fe6eb9339794a7c9bec44db22ea48f6.png\" alt=\"\" /></p>\r\n<p><img src=\"http://image.shopxx.cn/upload/image/201010/97bb4ab281c0471c81c531cd22399f6c.png\" alt=\"\" /></p>',0,'/html/product_content/201010/a1d6a2d2a49143acb9a52f49e177cd48.html',b'0',b'0',b'1',b'1',268,'O.SA欧莎2010冬经典束腰双排扣昵子大衣/外套','','O.SA欧莎2010冬经典束腰双排扣昵子大衣/外套',0,198,'[{\"bigProductImagePath\":\"/upload/image/201010/b5dd0d2624c54ef3a79b6ad81d7dff03_big.jpg\",\"id\":\"b5dd0d2624c54ef3a79b6ad81d7dff03\",\"smallProductImagePath\":\"/upload/image/201010/b5dd0d2624c54ef3a79b6ad81d7dff03_small.jpg\",\"sourceProductImagePath\":\"/upload/image/201010/b5dd0d2624c54ef3a79b6ad81d7dff03.png\",\"thumbnailProductImagePath\":\"/upload/image/201010/b5dd0d2624c54ef3a79b6ad81d7dff03_thumbnail.jpg\"},{\"bigProductImagePath\":\"/upload/image/201010/f64065d2ea7b4c539d097c10163f52be_big.jpg\",\"id\":\"f64065d2ea7b4c539d097c10163f52be\",\"smallProductImagePath\":\"/upload/image/201010/f64065d2ea7b4c539d097c10163f52be_small.jpg\",\"sourceProductImagePath\":\"/upload/image/201010/f64065d2ea7b4c539d097c10163f52be.png\",\"thumbnailProductImagePath\":\"/upload/image/201010/f64065d2ea7b4c539d097c10163f52be_thumbnail.jpg\"},{\"bigProductImagePath\":\"/upload/image/201010/a0284cddb4f64bde8e32aa4d94debc73_big.jpg\",\"id\":\"a0284cddb4f64bde8e32aa4d94debc73\",\"smallProductImagePath\":\"/upload/image/201010/a0284cddb4f64bde8e32aa4d94debc73_small.jpg\",\"sourceProductImagePath\":\"/upload/image/201010/a0284cddb4f64bde8e32aa4d94debc73.png\",\"thumbnailProductImagePath\":\"/upload/image/201010/a0284cddb4f64bde8e32aa4d94debc73_thumbnail.jpg\"}]','SN_71BC00549D5F',100,550,0,'402881882ba8753a012ba97e9be501e4','402881882badb4ed012badc339000010','402881882ba8753a012ba983fe7f01ed');
INSERT INTO `product` VALUES ('402881882badb4ed012baeb177c90043','2010-10-15 15:01:27','2010-10-28 10:17:47','<p style=\"text-align: left;\"><span style=\"font-size: medium;\">不得不强调</span><br /><span style=\"font-size: medium;\">兔毛的高级毛线，</span><br /><span style=\"font-size: medium;\">手感非常非常柔软舒适，</span><br /><span style=\"font-size: medium;\">毛茸茸的感觉，</span><br /><span style=\"font-size: medium;\">让人感觉温暖饱和，非常舒服，</span><br /><span style=\"font-size: medium;\">塌肩设计搭配出超强层次感，让你造型出众</span></p>\r\n<p style=\"text-align: left;\"><span style=\"font-size: medium;\">&nbsp;</span></p>\r\n<p style=\"text-align: left;\"><span style=\"font-size: large; color: #ff6600;\"><img src=\"http://image.shopxx.cn/upload/image/201010/0dd1f035df8540848229233b2c6d24b1.jpg\" alt=\"\" /></span></p>\r\n<p style=\"text-align: left;\"><span style=\"font-size: large; color: #ff6600;\">&nbsp;</span></p>\r\n<p style=\"text-align: left;\"><span style=\"font-size: large; color: #ff6600;\"><img src=\"http://image.shopxx.cn/upload/image/201010/8b731656688643dda3fe4ed6fe65cff9.jpg\" alt=\"\" /></span></p>\r\n<p style=\"text-align: left;\"><span style=\"font-size: large; color: #ff6600;\">&nbsp;</span></p>\r\n<p style=\"text-align: left;\"><span style=\"font-size: large; color: #ff6600;\"><img src=\"http://image.shopxx.cn/upload/image/201010/940b53e7070e4ac5b8e8272d889db254.png\" alt=\"\" /></span></p>\r\n<p style=\"text-align: left;\"><span style=\"font-size: large; color: #ff6600;\">&nbsp;</span></p>\r\n<p style=\"text-align: left;\"><span style=\"font-size: large; color: #ff6600;\"><img src=\"http://image.shopxx.cn/upload/image/201010/dc61ce8667f9460b8e83e750cb6d8397.png\" alt=\"\" /></span></p>',3,'/html/product_content/201010/07bfa8affbe643f388e619d831c3148c.html',b'1',b'0',b'1',b'0',155,'时尚高级兔毛 线衫 套头衫','','时尚高级兔毛 线衫 套头衫',0,135,'[{\"bigProductImagePath\":\"/upload/image/201010/26b8ceffc1a348a6a6653604c724ed89_big.jpg\",\"id\":\"26b8ceffc1a348a6a6653604c724ed89\",\"smallProductImagePath\":\"/upload/image/201010/26b8ceffc1a348a6a6653604c724ed89_small.jpg\",\"sourceProductImagePath\":\"/upload/image/201010/26b8ceffc1a348a6a6653604c724ed89.png\",\"thumbnailProductImagePath\":\"/upload/image/201010/26b8ceffc1a348a6a6653604c724ed89_thumbnail.jpg\"},{\"bigProductImagePath\":\"/upload/image/201010/768790e19a5347b8b82f5bf2307766a2_big.jpg\",\"id\":\"768790e19a5347b8b82f5bf2307766a2\",\"smallProductImagePath\":\"/upload/image/201010/768790e19a5347b8b82f5bf2307766a2_small.jpg\",\"sourceProductImagePath\":\"/upload/image/201010/768790e19a5347b8b82f5bf2307766a2.png\",\"thumbnailProductImagePath\":\"/upload/image/201010/768790e19a5347b8b82f5bf2307766a2_thumbnail.jpg\"},{\"bigProductImagePath\":\"/upload/image/201010/a8f6e1548cd2463ca48d66e2c08dd1bb_big.jpg\",\"id\":\"a8f6e1548cd2463ca48d66e2c08dd1bb\",\"smallProductImagePath\":\"/upload/image/201010/a8f6e1548cd2463ca48d66e2c08dd1bb_small.jpg\",\"sourceProductImagePath\":\"/upload/image/201010/a8f6e1548cd2463ca48d66e2c08dd1bb.png\",\"thumbnailProductImagePath\":\"/upload/image/201010/a8f6e1548cd2463ca48d66e2c08dd1bb_thumbnail.jpg\"}]','SN_430D15C3F74A',100,500,0,'402881882ba8753a012ba98250a001ec','402881882badb4ed012badbc8b970007','402881882ba8753a012ba983fe7f01ed');
INSERT INTO `product` VALUES ('402881882badb4ed012baeb7de840044','2010-10-15 15:08:27','2010-10-28 00:22:28','<p style=\"text-align: left;\"><span style=\"font-size: medium;\">里面是文胸设计，外面加一层抹胸带点银丝特别好看，而且料子也很好</span></p>\r\n<p style=\"text-align: left;\"><span style=\"font-size: medium;\">&nbsp;1/2杯抹胸式的文胸，夏天特别适合，同时可拆卸肩带和装饰吊带，任意组合</span><br /><span style=\"font-size: medium;\">搭配各种正装和休闲装，可穿性极强。搭配T恤、雪纺宽松外衣、针织外衣等</span></p>\r\n<p style=\"text-align: left;\">&nbsp;</p>\r\n<p style=\"text-align: center;\">&nbsp;</p>\r\n<p style=\"text-align: left;\"><span style=\"font-size: medium; color: #99cc00;\"><img src=\"http://image.shopxx.cn/upload/image/201010/0db876fe20404a018d4e16a18d649875.png\" alt=\"\" /></span></p>\r\n<p style=\"text-align: left;\"><span style=\"font-size: medium; color: #99cc00;\"><img src=\"http://image.shopxx.cn/upload/image/201010/d7908a4b28394c07acd5ad52b773e74c.png\" alt=\"\" /></span></p>\r\n<p style=\"text-align: left;\"><span style=\"font-size: medium; color: #99cc00;\">&nbsp;</span></p>\r\n<p style=\"text-align: center;\"><span style=\"font-size: small;\">还送一对活动插垫 可掌控罩杯的大小 不用插垫是薄杯，用了插垫就是加厚了哦</span><br /><span style=\"font-size: small;\">罩外还有一层银丝设计 起到了点缀的效果非常好看的</span></p>\r\n<p style=\"text-align: center;\"><span style=\"font-size: small;\">并且可以防走光 低胸的衣服在也不用但心走光了</span></p>\r\n<p style=\"text-align: center;\">&nbsp;</p>\r\n<p style=\"text-align: center;\"><span style=\"font-size: medium; color: #99cc00;\"><img src=\"http://image.shopxx.cn/upload/image/201010/058d3155be184d539718d9060b2bd028.png\" alt=\"\" /></span></p>\r\n<p style=\"text-align: left;\"><span style=\"font-size: medium; color: #99cc00;\"><img src=\"http://image.shopxx.cn/upload/image/201010/066461ae47e34a35893e705bc43ac206.png\" alt=\"\" /></span></p>',0,'/html/product_content/201010/51b9223c405b43bd868c9697c2007452.html',b'1',b'0',b'1',b'0',99,'黛安芬 黑色妖姬 高档银丝设计抹胸式聚拢文胸','','黛安芬 黑色妖姬 高档银丝设计抹胸式聚拢文胸',0,68,'[{\"bigProductImagePath\":\"/upload/image/201010/7ebf18dcc411485592b6788679e0c913_big.jpg\",\"id\":\"7ebf18dcc411485592b6788679e0c913\",\"smallProductImagePath\":\"/upload/image/201010/7ebf18dcc411485592b6788679e0c913_small.jpg\",\"sourceProductImagePath\":\"/upload/image/201010/7ebf18dcc411485592b6788679e0c913.png\",\"thumbnailProductImagePath\":\"/upload/image/201010/7ebf18dcc411485592b6788679e0c913_thumbnail.jpg\"},{\"bigProductImagePath\":\"/upload/image/201010/5cd1a3e7aeb74841b2d71f38049acea8_big.jpg\",\"id\":\"5cd1a3e7aeb74841b2d71f38049acea8\",\"smallProductImagePath\":\"/upload/image/201010/5cd1a3e7aeb74841b2d71f38049acea8_small.jpg\",\"sourceProductImagePath\":\"/upload/image/201010/5cd1a3e7aeb74841b2d71f38049acea8.png\",\"thumbnailProductImagePath\":\"/upload/image/201010/5cd1a3e7aeb74841b2d71f38049acea8_thumbnail.jpg\"},{\"bigProductImagePath\":\"/upload/image/201010/5abaff4520d74875868c7e1bc1ac796b_big.jpg\",\"id\":\"5abaff4520d74875868c7e1bc1ac796b\",\"smallProductImagePath\":\"/upload/image/201010/5abaff4520d74875868c7e1bc1ac796b_small.jpg\",\"sourceProductImagePath\":\"/upload/image/201010/5abaff4520d74875868c7e1bc1ac796b.png\",\"thumbnailProductImagePath\":\"/upload/image/201010/5abaff4520d74875868c7e1bc1ac796b_thumbnail.jpg\"},{\"bigProductImagePath\":\"/upload/image/201010/8a1244526f1c4dd0a38ccc633e0db85e_big.jpg\",\"id\":\"8a1244526f1c4dd0a38ccc633e0db85e\",\"smallProductImagePath\":\"/upload/image/201010/8a1244526f1c4dd0a38ccc633e0db85e_small.jpg\",\"sourceProductImagePath\":\"/upload/image/201010/8a1244526f1c4dd0a38ccc633e0db85e.png\",\"thumbnailProductImagePath\":\"/upload/image/201010/8a1244526f1c4dd0a38ccc633e0db85e_thumbnail.jpg\"}]','SN_ABFB103AFE1D',100,100,0,'402881882ba8753a012ba97f282701e5','402881882badb4ed012badbcf9d10008','402881882ba8753a012ba984b06901f0');
INSERT INTO `product` VALUES ('402881882badb4ed012baebc0d220045','2010-10-15 15:13:01','2010-10-28 00:23:17','<p><img src=\"http://image.shopxx.cn/upload/image/201010/8feebf86bfa24060ac29005f97ddf0c8.png\" alt=\"\" /><img src=\"http://image.shopxx.cn/upload/image/201010/da6812f9844444fc9b5938af186ab485.png\" alt=\"\" /></p>\r\n<p><img src=\"http://image.shopxx.cn/upload/image/201010/8b335e934bb849a2aba347762ddf8f0d.png\" alt=\"\" /><img src=\"http://image.shopxx.cn/upload/image/201010/85bfe8f913f14f5186dc8eac95c6a47c.png\" alt=\"\" /></p>\r\n<p><img src=\"http://image.shopxx.cn/upload/image/201010/28035b0d90e24aad96b735a03eb87ff5.png\" alt=\"\" /><img src=\"http://image.shopxx.cn/upload/image/201010/05ce927990ce4f6bb9cc3691a3805b0f.png\" alt=\"\" /></p>',0,'/html/product_content/201010/8a76c725d273444d92a3293d2ffdaf76.html',b'0',b'0',b'1',b'0',56,'歌瑞尔品牌女士内裤新品 永恒之塔 时尚个性内裤','','歌瑞尔品牌女士内裤新品 永恒之塔 时尚个性内裤',0,45,'[{\"bigProductImagePath\":\"/upload/image/201010/848607b041154cafbd297894e4b156aa_big.jpg\",\"id\":\"848607b041154cafbd297894e4b156aa\",\"smallProductImagePath\":\"/upload/image/201010/848607b041154cafbd297894e4b156aa_small.jpg\",\"sourceProductImagePath\":\"/upload/image/201010/848607b041154cafbd297894e4b156aa.png\",\"thumbnailProductImagePath\":\"/upload/image/201010/848607b041154cafbd297894e4b156aa_thumbnail.jpg\"},{\"bigProductImagePath\":\"/upload/image/201010/9e79ed0e16234c519960ecc58d2f46cf_big.jpg\",\"id\":\"9e79ed0e16234c519960ecc58d2f46cf\",\"smallProductImagePath\":\"/upload/image/201010/9e79ed0e16234c519960ecc58d2f46cf_small.jpg\",\"sourceProductImagePath\":\"/upload/image/201010/9e79ed0e16234c519960ecc58d2f46cf.png\",\"thumbnailProductImagePath\":\"/upload/image/201010/9e79ed0e16234c519960ecc58d2f46cf_thumbnail.jpg\"},{\"bigProductImagePath\":\"/upload/image/201010/6600c9c33a064d698dc442c22aa8f6ae_big.jpg\",\"id\":\"6600c9c33a064d698dc442c22aa8f6ae\",\"smallProductImagePath\":\"/upload/image/201010/6600c9c33a064d698dc442c22aa8f6ae_small.jpg\",\"sourceProductImagePath\":\"/upload/image/201010/6600c9c33a064d698dc442c22aa8f6ae.png\",\"thumbnailProductImagePath\":\"/upload/image/201010/6600c9c33a064d698dc442c22aa8f6ae_thumbnail.jpg\"},{\"bigProductImagePath\":\"/upload/image/201010/7fcbb45d694947bd83a81ec85628e13f_big.jpg\",\"id\":\"7fcbb45d694947bd83a81ec85628e13f\",\"smallProductImagePath\":\"/upload/image/201010/7fcbb45d694947bd83a81ec85628e13f_small.jpg\",\"sourceProductImagePath\":\"/upload/image/201010/7fcbb45d694947bd83a81ec85628e13f.png\",\"thumbnailProductImagePath\":\"/upload/image/201010/7fcbb45d694947bd83a81ec85628e13f_thumbnail.jpg\"}]','SN_A2B3CE88910E',100,20,0,'402881882ba8753a012ba97f859901e6','402881882badb4ed012badbe041d000a','402881882ba8753a012ba984305c01ee');
INSERT INTO `product` VALUES ('402881882badb4ed012baec1f1bd0046','2010-10-10 17:00:00','2010-10-27 23:54:08','<p>【品牌】比亲<br />【品名】高硼硅母乳实感硅胶宽口径玻璃奶瓶<br />【型号】BQ-1015<br />【容量】150ml<br />【成份】防层盖：PP&nbsp; 耐温120度；奶嘴：硅胶 耐温120度；螺牙：PP 耐温120度；瓶体：玻璃 耐温120度。<br />【颜色】蓝色、黄色</p>\r\n<p>【特点】比亲婴儿玻璃奶瓶以高透明,高硼硅玻璃制成,玻璃为中性遇酸性或碱性物质不会释放出有害物质,无接缝,不积奶垢,易清理,可耐高温600度,热急变温度200度,膨胀系数极低(20/300度只有3.3x16-6K)因此具有良好的热冲击性,可以适应剧烈的冷热巨变(例如倒入沸水) 而不会爆裂,安全性能大大提高</p>\r\n<p><span style=\"font-size: medium; color: #af12ec;\"><img src=\"http://image.shopxx.cn/upload/image/201010/c3fa5a2d72b641589c1ff52e04e95fde.png\" alt=\"\" /></span></p>\r\n<p><span style=\"font-size: medium; color: #af12ec;\">&nbsp;</span></p>\r\n<p><span style=\"font-size: medium; color: #af12ec;\"><img src=\"http://image.shopxx.cn/upload/image/201010/48eb6c0e5df4499f9cefd5a980ee2684.png\" alt=\"\" /></span></p>\r\n<p><span style=\"font-size: medium; color: #af12ec;\">&nbsp;</span></p>\r\n<p><span style=\"font-size: medium; color: #af12ec;\"><img src=\"http://image.shopxx.cn/upload/image/201010/35a991f32ab44c5a9f6c999529ed1879.png\" alt=\"\" /></span></p>',0,'/html/product_content/201010/98d0aa750c9a4d2ca6d70a4cc76aa084.html',b'0',b'1',b'1',b'0',35,'比亲1015高硼硅宽口径玻璃奶瓶+母乳实感动感奶嘴','','比亲1015高硼硅宽口径玻璃奶瓶+母乳实感动感奶嘴',0,23,'[{\"bigProductImagePath\":\"/upload/image/201010/5c6bd7c628674feebc8097dc136c69e5_big.jpg\",\"id\":\"5c6bd7c628674feebc8097dc136c69e5\",\"smallProductImagePath\":\"/upload/image/201010/5c6bd7c628674feebc8097dc136c69e5_small.jpg\",\"sourceProductImagePath\":\"/upload/image/201010/5c6bd7c628674feebc8097dc136c69e5.png\",\"thumbnailProductImagePath\":\"/upload/image/201010/5c6bd7c628674feebc8097dc136c69e5_thumbnail.jpg\"},{\"bigProductImagePath\":\"/upload/image/201010/a82265f5802a49aebc0a2c0374a95398_big.jpg\",\"id\":\"a82265f5802a49aebc0a2c0374a95398\",\"smallProductImagePath\":\"/upload/image/201010/a82265f5802a49aebc0a2c0374a95398_small.jpg\",\"sourceProductImagePath\":\"/upload/image/201010/a82265f5802a49aebc0a2c0374a95398.png\",\"thumbnailProductImagePath\":\"/upload/image/201010/a82265f5802a49aebc0a2c0374a95398_thumbnail.jpg\"},{\"bigProductImagePath\":\"/upload/image/201010/7460768bb8104c559e1bbe24606d4a6d_big.jpg\",\"id\":\"7460768bb8104c559e1bbe24606d4a6d\",\"smallProductImagePath\":\"/upload/image/201010/7460768bb8104c559e1bbe24606d4a6d_small.jpg\",\"sourceProductImagePath\":\"/upload/image/201010/7460768bb8104c559e1bbe24606d4a6d.png\",\"thumbnailProductImagePath\":\"/upload/image/201010/7460768bb8104c559e1bbe24606d4a6d_thumbnail.jpg\"},{\"bigProductImagePath\":\"/upload/image/201010/0a9f61ea26994c8abc7979682f7604c7_big.jpg\",\"id\":\"0a9f61ea26994c8abc7979682f7604c7\",\"smallProductImagePath\":\"/upload/image/201010/0a9f61ea26994c8abc7979682f7604c7_small.jpg\",\"sourceProductImagePath\":\"/upload/image/201010/0a9f61ea26994c8abc7979682f7604c7.png\",\"thumbnailProductImagePath\":\"/upload/image/201010/0a9f61ea26994c8abc7979682f7604c7_thumbnail.jpg\"}]','SN_3F1D3F839A53',100,20,0,'402881882ba8753a012ba97fe35901e7','402881882ba8753a012ba95eeb3901ce','402881882badb4ed012badd30afd0026');
INSERT INTO `product` VALUES ('402881882badb4ed012baec91ca40047','2010-10-10 15:00:00','2010-10-27 23:53:02','<p>泡沫之夏 本年度最炙热的爱情故事，绿蕾丝本年度最触人心弦的定情信物，</p>\r\n<p>紧握手中的蕾丝，我们的爱亦轻舞飞扬！</p>\r\n<p>本店打造的绿蕾丝根据市场上的绿蕾丝进行全新改良，按照连续剧中表现出的垂感，结合小说中描写的唯美，尊重原著，绿蕾丝采用了绿色雪纺纱+绿蕾丝+花镶钻。与《泡沫之夏》欧辰与夏沫所配丝带99%相似，同时，为了表现绿蕾丝的层次，雪纺纱和蕾丝运用了细微差别的两种颜色，尽显唯美。雪纺纱全锁边，和剧中一样，不同于一般的丝带或纱带，蕾丝花边的波浪形状与剧中图片也极其相似，再加上特殊含义的花镶钻，非常闪亮。</p>\r\n<p>规格：110cm*5.5cm</p>\r\n<p>&nbsp;</p>\r\n<p><span style=\"font-size: large; color: #99cc00;\"><img src=\"http://image.shopxx.cn/upload/image/201010/9d3ae130163344baae31df69e53e2a2e.png\" alt=\"\" width=\"586\" height=\"169\" /></span></p>\r\n<p><span style=\"font-size: large; color: #99cc00;\">&nbsp;</span></p>\r\n<p><span style=\"font-size: large; color: #99cc00;\"><img src=\"http://image.shopxx.cn/upload/image/201010/9b6f8f4c638b4e16a08f299a0d9c1896.png\" alt=\"\" width=\"510\" height=\"339\" /></span></p>\r\n<p><span style=\"font-size: large; color: #99cc00;\">&nbsp;</span></p>\r\n<p style=\"text-align: center;\">色泽微暗的绿蕾丝在空中飘荡。<br />不知从哪里来，也不知要去往何处。<br />迎着耀眼的阳光，<br />那繁复的花纹和精巧的织工，<br />让人们忘却它真实的年龄。<br />路上的匆匆行人偶然见抬起头<br />都会停下脚步，安静的注视它。<br />在湛蓝的天空下<br />它，像一个落入凡间的精灵<br />在轻盈的飞舞<br />一阵清风吹过<br />将它带入一个安宁而又美丽的院落。<br />伴随着簌簌落下的樱花瓣，<br />躺在那粉色的地毯上<br />静静的，静静的沉睡<br />或许这将是它永久的归宿。<br />没有人会想起，也没有人会记得<br />在这花香四溢的院中<br />有一条绿蕾丝<br />在安静的沉睡。。。。。</p>\r\n<p style=\"text-align: center;\">&nbsp;</p>\r\n<p>&nbsp;</p>\r\n<p><span style=\"font-size: large; color: #99cc00;\"><img src=\"http://image.shopxx.cn/upload/image/201010/bb97906cd90643658e8a1431bba46e2d.png\" alt=\"\" width=\"495\" height=\"609\" /></span></p>\r\n<p><span style=\"font-size: large; color: #99cc00;\">&nbsp;</span></p>\r\n<p><span style=\"font-size: large; color: #99cc00;\"><img src=\"http://image.shopxx.cn/upload/image/201010/26219c08bb5b4cefa31f3e340b152511.png\" alt=\"\" width=\"495\" height=\"395\" /></span></p>\r\n<p><span style=\"font-size: large; color: #99cc00;\">&nbsp;</span></p>',0,'/html/product_content/201010/0a293605c4404ac8886cf585e15cd329.html',b'0',b'1',b'1',b'0',45.8,'泡沫之夏大S同款 绿蕾丝 绿丝带 发带','','泡沫之夏大S同款 绿蕾丝 绿丝带 发带',0,38.8,'[{\"bigProductImagePath\":\"/upload/image/201010/d2901a189c7d443ea3a76ec1c45e9acd_big.jpg\",\"id\":\"d2901a189c7d443ea3a76ec1c45e9acd\",\"smallProductImagePath\":\"/upload/image/201010/d2901a189c7d443ea3a76ec1c45e9acd_small.jpg\",\"sourceProductImagePath\":\"/upload/image/201010/d2901a189c7d443ea3a76ec1c45e9acd.png\",\"thumbnailProductImagePath\":\"/upload/image/201010/d2901a189c7d443ea3a76ec1c45e9acd_thumbnail.jpg\"},{\"bigProductImagePath\":\"/upload/image/201010/ab4ddd688d7c47ef922fd091391618b2_big.jpg\",\"id\":\"ab4ddd688d7c47ef922fd091391618b2\",\"smallProductImagePath\":\"/upload/image/201010/ab4ddd688d7c47ef922fd091391618b2_small.jpg\",\"sourceProductImagePath\":\"/upload/image/201010/ab4ddd688d7c47ef922fd091391618b2.png\",\"thumbnailProductImagePath\":\"/upload/image/201010/ab4ddd688d7c47ef922fd091391618b2_thumbnail.jpg\"},{\"bigProductImagePath\":\"/upload/image/201010/1275846cde5547098e0ebca52ced8e81_big.jpg\",\"id\":\"1275846cde5547098e0ebca52ced8e81\",\"smallProductImagePath\":\"/upload/image/201010/1275846cde5547098e0ebca52ced8e81_small.jpg\",\"sourceProductImagePath\":\"/upload/image/201010/1275846cde5547098e0ebca52ced8e81.png\",\"thumbnailProductImagePath\":\"/upload/image/201010/1275846cde5547098e0ebca52ced8e81_thumbnail.jpg\"},{\"bigProductImagePath\":\"/upload/image/201010/bf0434c9edd0417ebc157f7b4cdd9799_big.jpg\",\"id\":\"bf0434c9edd0417ebc157f7b4cdd9799\",\"smallProductImagePath\":\"/upload/image/201010/bf0434c9edd0417ebc157f7b4cdd9799_small.jpg\",\"sourceProductImagePath\":\"/upload/image/201010/bf0434c9edd0417ebc157f7b4cdd9799.png\",\"thumbnailProductImagePath\":\"/upload/image/201010/bf0434c9edd0417ebc157f7b4cdd9799_thumbnail.jpg\"}]','SN_6B3C814791A5',100,10,0,'402881882ba8753a012ba98047b001e8','402881882ba8753a012ba954f95301c2','402881882badb4ed012badd30afd0026');
INSERT INTO `product` VALUES ('402881882badb4ed012baed16d5d0048','2010-10-15 15:36:22','2010-10-28 10:41:02','<p>面料：PU<br />尺寸：18.5*9*3厘米<br />重量：190克<br />进口高级复合皮革，表面轧花设计，做工精良。</p>\r\n<p>共白、红、黑三个颜色<br />质量手感都很棒<br />短、中、长三个款式迎合不同人的需求<br />非常值得收藏的经典之做</p>\r\n<p><span style=\"font-size: medium;\"><img src=\"http://image.shopxx.cn/upload/image/201010/e0b1ba826c4e4fb9a5027428bf86b43a.png\" alt=\"\" /></span></p>\r\n<p>&nbsp;</p>\r\n<p><span style=\"font-size: medium;\"><img src=\"http://image.shopxx.cn/upload/image/201010/15f0661b41e54d5c8999f0f1fb389636.png\" alt=\"\" /></span></p>\r\n<p>&nbsp;&nbsp;&nbsp;</p>\r\n<p><span style=\"font-size: medium;\"><img src=\"http://image.shopxx.cn/upload/image/201010/cb26ad858ed9490a970187f7d737d009.png\" alt=\"\" /></span></p>\r\n<p>【结构】: 长款，磁性扣２折钱包。 11个卡片层,１个照片层,2个纸票夹（可平放百元）。拉链部分为零钱袋。</p>\r\n<p>&nbsp;</p>\r\n<p><span style=\"font-size: medium; color: #993300;\"><br /></span>&nbsp;&nbsp;</p>',1,'/html/product_content/201010/076dc53d2514416dafd189c6a5ac3b61.html',b'1',b'0',b'1',b'0',98,'女士钱包可爱/卡通/时尚韩版长款女式钱夹','','女士钱包可爱/卡通/时尚韩版长款女式钱夹',0,78,'[{\"bigProductImagePath\":\"/upload/image/201010/ad4eaccd4ffe4500b5f006478c668777_big.jpg\",\"id\":\"ad4eaccd4ffe4500b5f006478c668777\",\"smallProductImagePath\":\"/upload/image/201010/ad4eaccd4ffe4500b5f006478c668777_small.jpg\",\"sourceProductImagePath\":\"/upload/image/201010/ad4eaccd4ffe4500b5f006478c668777.png\",\"thumbnailProductImagePath\":\"/upload/image/201010/ad4eaccd4ffe4500b5f006478c668777_thumbnail.jpg\"},{\"bigProductImagePath\":\"/upload/image/201010/9b45eead2a9c41a29498edfb058710b4_big.jpg\",\"id\":\"9b45eead2a9c41a29498edfb058710b4\",\"smallProductImagePath\":\"/upload/image/201010/9b45eead2a9c41a29498edfb058710b4_small.jpg\",\"sourceProductImagePath\":\"/upload/image/201010/9b45eead2a9c41a29498edfb058710b4.png\",\"thumbnailProductImagePath\":\"/upload/image/201010/9b45eead2a9c41a29498edfb058710b4_thumbnail.jpg\"},{\"bigProductImagePath\":\"/upload/image/201010/2f909e255a01426bae6ac871ee222fe9_big.jpg\",\"id\":\"2f909e255a01426bae6ac871ee222fe9\",\"smallProductImagePath\":\"/upload/image/201010/2f909e255a01426bae6ac871ee222fe9_small.jpg\",\"sourceProductImagePath\":\"/upload/image/201010/2f909e255a01426bae6ac871ee222fe9.png\",\"thumbnailProductImagePath\":\"/upload/image/201010/2f909e255a01426bae6ac871ee222fe9_thumbnail.jpg\"},{\"bigProductImagePath\":\"/upload/image/201010/ce04247252924903a0e168f2ca0e5fc2_big.jpg\",\"id\":\"ce04247252924903a0e168f2ca0e5fc2\",\"smallProductImagePath\":\"/upload/image/201010/ce04247252924903a0e168f2ca0e5fc2_small.jpg\",\"sourceProductImagePath\":\"/upload/image/201010/ce04247252924903a0e168f2ca0e5fc2.png\",\"thumbnailProductImagePath\":\"/upload/image/201010/ce04247252924903a0e168f2ca0e5fc2_thumbnail.jpg\"}]','SN_D0EA2489EFB2',99,20,0,'402881882ba8753a012ba98250a001ec','402881882bb2c00c012bb2d381a2000c','402881882ba8753a012ba9855f1801f3');
INSERT INTO `product` VALUES ('402881882badb4ed012baed755b10049','2010-10-15 15:42:49','2010-10-28 00:25:23','<p><img src=\"http://image.shopxx.cn/upload/image/201010/7aa42b1a81b04385911921bfa1750439.png\" alt=\"\" /></p>\r\n<p><img src=\"http://image.shopxx.cn/upload/image/201010/2aa662efc767431a9346a2a50123e25d.png\" alt=\"\" /><img src=\"http://image.shopxx.cn/upload/image/201010/154e5f9b4b7c43bda5bf62461f577840.png\" alt=\"\" /></p>\r\n<p><img src=\"http://image.shopxx.cn/upload/image/201010/874cca985f0f42d4841080f106155d5a.png\" alt=\"\" /></p>\r\n<p><img src=\"http://image.shopxx.cn/upload/image/201010/e8ec14f3932f4af5b214dd2a99554123.png\" alt=\"\" /></p>\r\n<p><img src=\"http://image.shopxx.cn/upload/image/201010/7c4383cff19f490e8a00eefb9720cd0a.png\" alt=\"\" /></p>\r\n<p><img src=\"http://image.shopxx.cn/upload/image/201010/e2523c58d13340649ab7bf7e1dec20aa.png\" alt=\"\" /></p>\r\n<p><img src=\"http://image.shopxx.cn/upload/image/201010/34d5e6b80eb64f23a3a41c8b0aba0c3f.png\" alt=\"\" /></p>\r\n<p>&nbsp;</p>',0,'/html/product_content/201010/bf555983d1cf4b1fbb1fb55e82dccabe.html',b'0',b'0',b'1',b'0',75,'七匹狼 男士 皮带 男 正品 男士腰带 真皮 自动扣 时尚精品','','七匹狼 男士 皮带 男 正品 男士腰带 真皮 自动扣 时尚精品',0,59,'[{\"bigProductImagePath\":\"/upload/image/201010/9e8214b4a741443ab6ced9692058cc97_big.jpg\",\"id\":\"9e8214b4a741443ab6ced9692058cc97\",\"smallProductImagePath\":\"/upload/image/201010/9e8214b4a741443ab6ced9692058cc97_small.jpg\",\"sourceProductImagePath\":\"/upload/image/201010/9e8214b4a741443ab6ced9692058cc97.png\",\"thumbnailProductImagePath\":\"/upload/image/201010/9e8214b4a741443ab6ced9692058cc97_thumbnail.jpg\"},{\"bigProductImagePath\":\"/upload/image/201010/df8ec6692c5346ad96485507a4622658_big.jpg\",\"id\":\"df8ec6692c5346ad96485507a4622658\",\"smallProductImagePath\":\"/upload/image/201010/df8ec6692c5346ad96485507a4622658_small.jpg\",\"sourceProductImagePath\":\"/upload/image/201010/df8ec6692c5346ad96485507a4622658.png\",\"thumbnailProductImagePath\":\"/upload/image/201010/df8ec6692c5346ad96485507a4622658_thumbnail.jpg\"},{\"bigProductImagePath\":\"/upload/image/201010/97f47d2b7e00457596506b8e222a6066_big.jpg\",\"id\":\"97f47d2b7e00457596506b8e222a6066\",\"smallProductImagePath\":\"/upload/image/201010/97f47d2b7e00457596506b8e222a6066_small.jpg\",\"sourceProductImagePath\":\"/upload/image/201010/97f47d2b7e00457596506b8e222a6066.png\",\"thumbnailProductImagePath\":\"/upload/image/201010/97f47d2b7e00457596506b8e222a6066_thumbnail.jpg\"}]','SN_AF73CABEFA61',100,30,0,'402881882ba8753a012ba980dbc301e9','402881882ba8753a012ba954f95301c2','402881882badb4ed012badd30afd0026');
INSERT INTO `product` VALUES ('402881882badb4ed012baedb8c5e004a','2010-10-15 15:47:25','2010-10-28 00:26:09','<p><img src=\"http://image.shopxx.cn/upload/image/201010/2e2d4ced62d44ef1aab6f4afcbb2e9d0.png\" alt=\"\" /></p>\r\n<p>&nbsp;</p>\r\n<p><img src=\"http://image.shopxx.cn/upload/image/201010/6cd843843510476da3cdf1be650977a7.png\" alt=\"\" /></p>\r\n<p>&nbsp;</p>\r\n<p><img src=\"http://image.shopxx.cn/upload/image/201010/b3551b1763634652bdf6efb166869d19.png\" alt=\"\" /><img src=\"http://image.shopxx.cn/upload/image/201010/4ec2d1229a6145e08720eec4a4b846a0.png\" alt=\"\" /><img src=\"http://image.shopxx.cn/upload/image/201010/1121796c4156434ca804b9d48d015e1f.png\" alt=\"\" /></p>\r\n<div>小直筒（介于直筒和小脚之间的裤型）<br />黑色的码数偏小一码<br />尺寸为平铺测量,可以拉伸2-4CM 误差1-2CM \r\n<table border=\"0\" cellspacing=\"0\" cellpadding=\"0\" width=\"504\">\r\n<tbody>\r\n<tr>\r\n<td width=\"72\">\r\n<p><span style=\"color: #000000; font-size: medium;\">码数</span></p>\r\n</td>\r\n<td width=\"72\">\r\n<p><span style=\"color: #000000; font-size: medium;\">腰围</span></p>\r\n</td>\r\n<td width=\"72\">\r\n<p><span style=\"color: #000000; font-size: medium;\">臀围</span></p>\r\n</td>\r\n<td width=\"72\">\r\n<p><span style=\"color: #000000; font-size: medium;\">大腿围</span></p>\r\n</td>\r\n<td width=\"72\">\r\n<p><span style=\"color: #000000; font-size: medium;\">前档</span></p>\r\n</td>\r\n<td width=\"72\">\r\n<p><span style=\"color: #000000; font-size: medium;\">后档</span></p>\r\n</td>\r\n<td width=\"72\">\r\n<p><span style=\"color: #000000; font-size: medium;\">裤长</span></p>\r\n</td>\r\n</tr>\r\n<tr>\r\n<td>\r\n<p><span style=\"color: #000000; font-size: medium;\">26</span></p>\r\n</td>\r\n<td>\r\n<p><span style=\"color: #000000; font-size: medium;\">66</span></p>\r\n</td>\r\n<td>\r\n<p><span style=\"color: #000000; font-size: medium;\">86</span></p>\r\n</td>\r\n<td>\r\n<p><span style=\"color: #000000; font-size: medium;\">46</span></p>\r\n</td>\r\n<td>\r\n<p><span style=\"color: #000000; font-size: medium;\">21</span></p>\r\n</td>\r\n<td>\r\n<p><span style=\"color: #000000; font-size: medium;\">24</span></p>\r\n</td>\r\n<td>\r\n<p><span style=\"color: #000000; font-size: medium;\">94</span></p>\r\n</td>\r\n</tr>\r\n<tr>\r\n<td>\r\n<p><span style=\"color: #000000; font-size: medium;\">27</span></p>\r\n</td>\r\n<td>\r\n<p><span style=\"color: #000000; font-size: medium;\">68</span></p>\r\n</td>\r\n<td>\r\n<p><span style=\"color: #000000; font-size: medium;\">88</span></p>\r\n</td>\r\n<td>\r\n<p><span style=\"color: #000000; font-size: medium;\">48</span></p>\r\n</td>\r\n<td>\r\n<p><span style=\"color: #000000; font-size: medium;\">21</span></p>\r\n</td>\r\n<td>\r\n<p><span style=\"color: #000000; font-size: medium;\">24</span></p>\r\n</td>\r\n<td>\r\n<p><span style=\"color: #000000; font-size: medium;\">95</span></p>\r\n</td>\r\n</tr>\r\n<tr>\r\n<td>\r\n<p><span style=\"color: #000000; font-size: medium;\">28</span></p>\r\n</td>\r\n<td>\r\n<p><span style=\"color: #000000; font-size: medium;\">72</span></p>\r\n</td>\r\n<td>\r\n<p><span style=\"color: #000000; font-size: medium;\">90</span></p>\r\n</td>\r\n<td>\r\n<p><span style=\"color: #000000; font-size: medium;\">50</span></p>\r\n</td>\r\n<td>\r\n<p><span style=\"color: #000000; font-size: medium;\">21</span></p>\r\n</td>\r\n<td>\r\n<p><span style=\"color: #000000; font-size: medium;\">24</span></p>\r\n</td>\r\n<td>\r\n<p><span style=\"color: #000000; font-size: medium;\">96</span></p>\r\n</td>\r\n</tr>\r\n<tr>\r\n<td>\r\n<p><span style=\"color: #000000; font-size: medium;\">29</span></p>\r\n</td>\r\n<td>\r\n<p><span style=\"color: #000000; font-size: medium;\">74</span></p>\r\n</td>\r\n<td>\r\n<p><span style=\"color: #000000; font-size: medium;\">94</span></p>\r\n</td>\r\n<td>\r\n<p><span style=\"color: #000000; font-size: medium;\">50</span></p>\r\n</td>\r\n<td>\r\n<p><span style=\"color: #000000; font-size: medium;\">21</span></p>\r\n</td>\r\n<td>\r\n<p><span style=\"color: #000000; font-size: medium;\">24</span></p>\r\n</td>\r\n<td>\r\n<p><span style=\"color: #000000; font-size: medium;\">96</span></p>\r\n</td>\r\n</tr>\r\n<tr>\r\n<td>\r\n<p><span style=\"color: #000000; font-size: medium;\">30</span></p>\r\n</td>\r\n<td>\r\n<p><span style=\"color: #000000; font-size: medium;\">76</span></p>\r\n</td>\r\n<td>\r\n<p><span style=\"color: #000000; font-size: medium;\">97</span></p>\r\n</td>\r\n<td>\r\n<p><span style=\"color: #000000; font-size: medium;\">52</span></p>\r\n</td>\r\n<td>\r\n<p><span style=\"color: #000000; font-size: medium;\">21</span></p>\r\n</td>\r\n<td>\r\n<p><span style=\"color: #000000; font-size: medium;\">24</span></p>\r\n</td>\r\n<td>\r\n<p><span style=\"color: #000000; font-size: medium;\">98</span></p>\r\n</td>\r\n</tr>\r\n<tr>\r\n<td>\r\n<p><span style=\"color: #000000; font-size: medium;\">31</span></p>\r\n</td>\r\n<td>\r\n<p><span style=\"color: #000000; font-size: medium;\">80</span></p>\r\n</td>\r\n<td>\r\n<p><span style=\"color: #000000; font-size: medium;\">100</span></p>\r\n</td>\r\n<td>\r\n<p><span style=\"color: #000000; font-size: medium;\">52</span></p>\r\n</td>\r\n<td>\r\n<p><span style=\"color: #000000; font-size: medium;\">21</span></p>\r\n</td>\r\n<td>\r\n<p><span style=\"color: #000000; font-size: medium;\">24</span></p>\r\n</td>\r\n<td>\r\n<p><span style=\"color: #000000; font-size: medium;\">99</span></p>\r\n</td>\r\n</tr>\r\n</tbody>\r\n</table>\r\n</div>',0,'/html/product_content/201010/83372e892b524299bd318ab528c4bfc3.html',b'0',b'0',b'1',b'0',89,'紧身提臀女牛仔小脚裤 显瘦女小腿裤铅笔裤 蓝色黑色女牛仔裤','','紧身提臀女牛仔小脚裤 显瘦女小腿裤铅笔裤 蓝色黑色女牛仔裤',0,76,'[{\"bigProductImagePath\":\"/upload/image/201010/7e58e21a50c84f268f7ca72b6cf14cdc_big.jpg\",\"id\":\"7e58e21a50c84f268f7ca72b6cf14cdc\",\"smallProductImagePath\":\"/upload/image/201010/7e58e21a50c84f268f7ca72b6cf14cdc_small.jpg\",\"sourceProductImagePath\":\"/upload/image/201010/7e58e21a50c84f268f7ca72b6cf14cdc.png\",\"thumbnailProductImagePath\":\"/upload/image/201010/7e58e21a50c84f268f7ca72b6cf14cdc_thumbnail.jpg\"},{\"bigProductImagePath\":\"/upload/image/201010/9bd6a1cf095445138770db7c72a9fbff_big.jpg\",\"id\":\"9bd6a1cf095445138770db7c72a9fbff\",\"smallProductImagePath\":\"/upload/image/201010/9bd6a1cf095445138770db7c72a9fbff_small.jpg\",\"sourceProductImagePath\":\"/upload/image/201010/9bd6a1cf095445138770db7c72a9fbff.png\",\"thumbnailProductImagePath\":\"/upload/image/201010/9bd6a1cf095445138770db7c72a9fbff_thumbnail.jpg\"},{\"bigProductImagePath\":\"/upload/image/201010/a7731f8f4da04e8984cfb31beef39707_big.jpg\",\"id\":\"a7731f8f4da04e8984cfb31beef39707\",\"smallProductImagePath\":\"/upload/image/201010/a7731f8f4da04e8984cfb31beef39707_small.jpg\",\"sourceProductImagePath\":\"/upload/image/201010/a7731f8f4da04e8984cfb31beef39707.png\",\"thumbnailProductImagePath\":\"/upload/image/201010/a7731f8f4da04e8984cfb31beef39707_thumbnail.jpg\"}]','SN_38F84312F1EB',100,100,0,'402881882ba8753a012ba98250a001ec','402881882badb4ed012badbe55f6000b','402881882ba8753a012ba984305c01ee');
INSERT INTO `product` VALUES ('402881882badb4ed012baee0c141004b','2010-10-15 15:53:06','2010-10-28 00:27:02','<p><img src=\"http://image.shopxx.cn/upload/image/201010/d6b596ab3d644efbaabab4e10e8dfc41.png\" alt=\"\" /></p>\r\n<p>&nbsp;</p>\r\n<p><img src=\"http://image.shopxx.cn/upload/image/201010/0792e7d35b18440f96ea12c3381670f0.png\" alt=\"\" /></p>\r\n<p>&nbsp;</p>\r\n<p><img src=\"http://image.shopxx.cn/upload/image/201010/cf96ef9c91714913a446d91848e7b73a.png\" alt=\"\" /></p>\r\n<p>&nbsp;</p>\r\n<p><img src=\"http://image.shopxx.cn/upload/image/201010/0a4bada31e70400e9faa5937105f2f15.png\" alt=\"\" /></p>\r\n<p>&nbsp;</p>\r\n<p><img src=\"http://image.shopxx.cn/upload/image/201010/a28ebab80ee5495db3f740e1b263a784.png\" alt=\"\" /></p>\r\n<p>&nbsp;</p>\r\n<p><img src=\"http://image.shopxx.cn/upload/image/201010/7e06121ad980489fb612ea0eb75b0bbe.png\" alt=\"\" /></p>',0,'/html/product_content/201010/b6b3158e252c439fbc557189d04bfe93.html',b'0',b'0',b'1',b'0',256,'羊毛竹炭黄金绒南极人女士 保暖 内衣套装加厚NY9068','','羊毛竹炭黄金绒南极人女士 保暖 内衣套装加厚NY9068',0,228,'[{\"bigProductImagePath\":\"/upload/image/201010/5315d9fc6e764842b41be0cb6e075c77_big.jpg\",\"id\":\"5315d9fc6e764842b41be0cb6e075c77\",\"smallProductImagePath\":\"/upload/image/201010/5315d9fc6e764842b41be0cb6e075c77_small.jpg\",\"sourceProductImagePath\":\"/upload/image/201010/5315d9fc6e764842b41be0cb6e075c77.png\",\"thumbnailProductImagePath\":\"/upload/image/201010/5315d9fc6e764842b41be0cb6e075c77_thumbnail.jpg\"},{\"bigProductImagePath\":\"/upload/image/201010/e49c706b4c914fccbcd0297041991393_big.jpg\",\"id\":\"e49c706b4c914fccbcd0297041991393\",\"smallProductImagePath\":\"/upload/image/201010/e49c706b4c914fccbcd0297041991393_small.jpg\",\"sourceProductImagePath\":\"/upload/image/201010/e49c706b4c914fccbcd0297041991393.png\",\"thumbnailProductImagePath\":\"/upload/image/201010/e49c706b4c914fccbcd0297041991393_thumbnail.jpg\"},{\"bigProductImagePath\":\"/upload/image/201010/ce55ff5588b24981a81d8bef8c8f88df_big.jpg\",\"id\":\"ce55ff5588b24981a81d8bef8c8f88df\",\"smallProductImagePath\":\"/upload/image/201010/ce55ff5588b24981a81d8bef8c8f88df_small.jpg\",\"sourceProductImagePath\":\"/upload/image/201010/ce55ff5588b24981a81d8bef8c8f88df.png\",\"thumbnailProductImagePath\":\"/upload/image/201010/ce55ff5588b24981a81d8bef8c8f88df_thumbnail.jpg\"},{\"bigProductImagePath\":\"/upload/image/201010/f8108ccaeb2b43f0abf6edb2525b4051_big.jpg\",\"id\":\"f8108ccaeb2b43f0abf6edb2525b4051\",\"smallProductImagePath\":\"/upload/image/201010/f8108ccaeb2b43f0abf6edb2525b4051_small.jpg\",\"sourceProductImagePath\":\"/upload/image/201010/f8108ccaeb2b43f0abf6edb2525b4051.png\",\"thumbnailProductImagePath\":\"/upload/image/201010/f8108ccaeb2b43f0abf6edb2525b4051_thumbnail.jpg\"}]','SN_D2155CC2A32C',100,500,0,'402881882ba8753a012ba981912801ea','402881882badb4ed012badbcf9d10008','402881882ba8753a012ba983fe7f01ed');
INSERT INTO `product` VALUES ('402881882badb4ed012baee78acd004c','2010-10-15 16:00:31','2010-10-28 10:28:04','<p><span style=\"font-size: medium;\">成品尺寸：</span></p>\r\n<p><span style=\"font-size: medium;\">M码&nbsp;&nbsp; 胸围二尺五(83CM),腰围二尺(66CM)&nbsp;&nbsp;&nbsp;&nbsp;&nbsp;&nbsp;&nbsp;&nbsp;</span></p>\r\n<p><span style=\"font-size: medium;\">XL码 胸围二尺七(90CM),.腰围二尺二(73CM)</span></p>\r\n<p><span style=\"font-size: medium;\">所有尺码都有10cm的收缩缝.</span></p>\r\n<p>&nbsp;</p>\r\n<p><span style=\"font-size: medium;\">胸围： 胸部最丰满处的水平围度</span></p>\r\n<p><span style=\"font-size: medium;\">腰围： 腰部最细处的水平围度</span></p>\r\n<p><span style=\"font-size: medium;\">臀围： 臀部最丰满处的水平围度</span></p>\r\n<p><span style=\"font-size: medium; color: #800000;\">&nbsp;</span></p>\r\n<p><span style=\"font-size: medium; color: #800000;\"><img src=\"http://image.shopxx.cn/upload/image/201010/dacaf6b2776e4f0cb3a950b81d34719b.jpg\" alt=\"\" /></span></p>\r\n<p><span style=\"font-size: medium; color: #800000;\">&nbsp;</span></p>\r\n<p><span style=\"font-size: medium; color: #800000;\"><img src=\"http://image.shopxx.cn/upload/image/201010/c56b123a4afe42a0b789fe519635cb1a.jpg\" alt=\"\" /></span></p>\r\n<p><span style=\"font-size: medium; color: #800000;\">&nbsp;</span></p>\r\n<p><span style=\"font-size: medium; color: #800000;\"><img src=\"http://image.shopxx.cn/upload/image/201010/940f607243d44943ad1dececaa48d612.jpg\" alt=\"\" /></span></p>\r\n<p><span style=\"font-size: medium; color: #800000;\">&nbsp;</span></p>\r\n<p><span style=\"font-size: medium; color: #800000;\"><img src=\"http://image.shopxx.cn/upload/image/201010/2f33b4834c1a497d8f1a3326eb5175f9.png\" alt=\"\" /></span></p>\r\n<p><span style=\"font-size: medium; color: #800000;\"><img src=\"http://image.shopxx.cn/upload/image/201010/68547ebba6ea4051a3c95a87db3cb625.png\" alt=\"\" /><img src=\"http://image.shopxx.cn/upload/image/201010/521f72a02f86453a8d4e5ae6c7a9f139.jpg\" alt=\"\" /></span></p>\r\n<p><span style=\"font-size: medium; color: #800000;\">&nbsp;</span></p>',2,'/html/product_content/201010/3ba4738e316d4ad3a74fd3183b74fa1f.html',b'1',b'0',b'1',b'0',168,'新款小礼服连衣裙公主小礼服晚装礼服','','新款小礼服连衣裙公主小礼服晚装礼服',0,138,'[{\"bigProductImagePath\":\"/upload/image/201010/5063f814d0d74c2ba75f59029146725a_big.jpg\",\"id\":\"5063f814d0d74c2ba75f59029146725a\",\"smallProductImagePath\":\"/upload/image/201010/5063f814d0d74c2ba75f59029146725a_small.jpg\",\"sourceProductImagePath\":\"/upload/image/201010/5063f814d0d74c2ba75f59029146725a.png\",\"thumbnailProductImagePath\":\"/upload/image/201010/5063f814d0d74c2ba75f59029146725a_thumbnail.jpg\"},{\"bigProductImagePath\":\"/upload/image/201010/f92a40fb0d3e49e4b7ad344ffe3a3255_big.jpg\",\"id\":\"f92a40fb0d3e49e4b7ad344ffe3a3255\",\"smallProductImagePath\":\"/upload/image/201010/f92a40fb0d3e49e4b7ad344ffe3a3255_small.jpg\",\"sourceProductImagePath\":\"/upload/image/201010/f92a40fb0d3e49e4b7ad344ffe3a3255.png\",\"thumbnailProductImagePath\":\"/upload/image/201010/f92a40fb0d3e49e4b7ad344ffe3a3255_thumbnail.jpg\"},{\"bigProductImagePath\":\"/upload/image/201010/83003eb4c9a84442830fff473c5de9c8_big.jpg\",\"id\":\"83003eb4c9a84442830fff473c5de9c8\",\"smallProductImagePath\":\"/upload/image/201010/83003eb4c9a84442830fff473c5de9c8_small.jpg\",\"sourceProductImagePath\":\"/upload/image/201010/83003eb4c9a84442830fff473c5de9c8.png\",\"thumbnailProductImagePath\":\"/upload/image/201010/83003eb4c9a84442830fff473c5de9c8_thumbnail.jpg\"}]','SN_5938359D366A',100,300,0,'402881882ba8753a012ba981ec4801eb','402881882bb2c00c012bb2d143990009','402881882ba8753a012ba983fe7f01ed');
INSERT INTO `product` VALUES ('402881882badb4ed012baeece5b6004d','2010-10-15 16:06:22','2010-10-28 00:29:36','<p><img src=\"http://image.shopxx.cn/upload/image/201010/bc08cc3f43564362821cb3cf0dbb8634.png\" alt=\"\" /></p>\r\n<p>&nbsp;</p>\r\n<p><img src=\"http://image.shopxx.cn/upload/image/201010/de0951f327504c7fb3e1962a6e72edb2.png\" alt=\"\" /></p>\r\n<p>&nbsp;</p>\r\n<p><img src=\"http://image.shopxx.cn/upload/image/201010/2f0ff24f8383430c96abf638fb24b632.png\" alt=\"\" /></p>\r\n<p>&nbsp;</p>\r\n<p><img src=\"http://image.shopxx.cn/upload/image/201010/975e285d5b034891b1de6ddf13db40c8.png\" alt=\"\" /></p>\r\n<p>&nbsp;</p>\r\n<p><img src=\"http://image.shopxx.cn/upload/image/201010/8ff129f8d4204e3dbb793b3c067ca4a2.png\" alt=\"\" /></p>\r\n<p>&nbsp;</p>\r\n<p><img src=\"http://image.shopxx.cn/upload/image/201010/2127ef50521c4ea2989e9da58c882e9e.png\" alt=\"\" /></p>\r\n<p>&nbsp;</p>\r\n<p><img src=\"http://image.shopxx.cn/upload/image/201010/d1ecb7d5b7f649de9c054279074e2d51.png\" alt=\"\" /></p>\r\n<p>&nbsp;</p>\r\n<p><span style=\"font-size: medium;\">尺码表:</span></p>\r\n<p><span style=\"font-size: medium;\">&nbsp;&nbsp;&nbsp;&nbsp;&nbsp;&nbsp;&nbsp;&nbsp;&nbsp;&nbsp;&nbsp;&nbsp;&nbsp;&nbsp;&nbsp;&nbsp;&nbsp;&nbsp;&nbsp; &nbsp;&nbsp;XS&nbsp;&nbsp;&nbsp; 胸围82&nbsp;&nbsp;&nbsp;&nbsp;&nbsp; 肩宽34</span><span style=\"font-size: medium;\">&nbsp;&nbsp;&nbsp;&nbsp;&nbsp;&nbsp;&nbsp;&nbsp;&nbsp;&nbsp;&nbsp;&nbsp;S&nbsp;&nbsp;&nbsp;&nbsp;&nbsp;&nbsp; 胸围86&nbsp;&nbsp;&nbsp;&nbsp;&nbsp; 肩宽36</span></p>\r\n<p><span style=\"font-size: medium;\">&nbsp;&nbsp;&nbsp;&nbsp;&nbsp;&nbsp;&nbsp; &nbsp;&nbsp;&nbsp;&nbsp;&nbsp;&nbsp;&nbsp;&nbsp;&nbsp;&nbsp;&nbsp;&nbsp;&nbsp; M&nbsp;&nbsp;&nbsp;&nbsp;&nbsp; 胸围90&nbsp;&nbsp;&nbsp;&nbsp;&nbsp; 肩宽38&nbsp; </span><span style=\"font-size: medium;\">&nbsp;&nbsp;&nbsp;&nbsp;&nbsp;&nbsp;&nbsp;&nbsp;&nbsp; L&nbsp;&nbsp;&nbsp;&nbsp;&nbsp;&nbsp; 胸围94&nbsp;&nbsp;&nbsp;&nbsp;&nbsp; 肩宽40</span></p>\r\n<p><span style=\"font-size: medium;\">&nbsp;&nbsp;&nbsp;&nbsp;&nbsp;&nbsp;&nbsp;&nbsp;&nbsp;&nbsp;&nbsp;&nbsp;&nbsp;&nbsp;&nbsp;&nbsp;&nbsp;&nbsp;&nbsp;&nbsp;&nbsp; XL&nbsp;&nbsp;&nbsp;&nbsp; 胸围98&nbsp;&nbsp;&nbsp;&nbsp; &nbsp;肩宽42&nbsp; </span><span style=\"font-size: medium;\">&nbsp;&nbsp;&nbsp;&nbsp;&nbsp;&nbsp;&nbsp;&nbsp;&nbsp; XXL&nbsp;&nbsp; 胸围102&nbsp;&nbsp;&nbsp; 肩宽44&nbsp;&nbsp;</span></p>',0,'/html/product_content/201010/d6133758f03e4c119c368b47aff4b2a1.html',b'0',b'0',b'1',b'1',178,'韩版可爱甜美双排扣短外套','','韩版可爱甜美双排扣短外套',0,138,'[{\"bigProductImagePath\":\"/upload/image/201010/b6599af61ac64dadb98394f450437e9d_big.jpg\",\"id\":\"b6599af61ac64dadb98394f450437e9d\",\"smallProductImagePath\":\"/upload/image/201010/b6599af61ac64dadb98394f450437e9d_small.jpg\",\"sourceProductImagePath\":\"/upload/image/201010/b6599af61ac64dadb98394f450437e9d.png\",\"thumbnailProductImagePath\":\"/upload/image/201010/b6599af61ac64dadb98394f450437e9d_thumbnail.jpg\"},{\"bigProductImagePath\":\"/upload/image/201010/2b3d9969ddcc42a1ae1e22d5548bd66d_big.jpg\",\"id\":\"2b3d9969ddcc42a1ae1e22d5548bd66d\",\"smallProductImagePath\":\"/upload/image/201010/2b3d9969ddcc42a1ae1e22d5548bd66d_small.jpg\",\"sourceProductImagePath\":\"/upload/image/201010/2b3d9969ddcc42a1ae1e22d5548bd66d.png\",\"thumbnailProductImagePath\":\"/upload/image/201010/2b3d9969ddcc42a1ae1e22d5548bd66d_thumbnail.jpg\"},{\"bigProductImagePath\":\"/upload/image/201010/c3ebe42562974c9ab5253ef560a8ce22_big.jpg\",\"id\":\"c3ebe42562974c9ab5253ef560a8ce22\",\"smallProductImagePath\":\"/upload/image/201010/c3ebe42562974c9ab5253ef560a8ce22_small.jpg\",\"sourceProductImagePath\":\"/upload/image/201010/c3ebe42562974c9ab5253ef560a8ce22.png\",\"thumbnailProductImagePath\":\"/upload/image/201010/c3ebe42562974c9ab5253ef560a8ce22_thumbnail.jpg\"},{\"bigProductImagePath\":\"/upload/image/201010/0d5f92d389ac4ebba054f244e7d753ae_big.jpg\",\"id\":\"0d5f92d389ac4ebba054f244e7d753ae\",\"smallProductImagePath\":\"/upload/image/201010/0d5f92d389ac4ebba054f244e7d753ae_small.jpg\",\"sourceProductImagePath\":\"/upload/image/201010/0d5f92d389ac4ebba054f244e7d753ae.png\",\"thumbnailProductImagePath\":\"/upload/image/201010/0d5f92d389ac4ebba054f244e7d753ae_thumbnail.jpg\"}]','SN_0B6B1CD446F7',100,500,0,'402881882ba8753a012ba98250a001ec','402881882badb4ed012badc339000010','402881882ba8753a012ba983fe7f01ed');
INSERT INTO `product` VALUES ('402881882bb2c00c012bb3a47a950011','2010-10-16 14:05:22','2010-10-28 10:36:37','<p><span style=\"font-size: medium;\">&nbsp;&nbsp;&nbsp;&nbsp;&nbsp; Kappa品牌的符合市场规律的正确的品牌定位，使Kappa在世界范围内的业务内容正享受着高速的增长。令人难忘的广告语&ldquo;He who loves me follows me&rdquo;，使Kappa的品牌形象不断得以提升。而自2002年Kappa品牌进入中国市场以来，其&ldquo;运动、时尚、性感、品位&rdquo;的品牌定位以及相得益彰的市场活动，也使Kappa品牌越来越受到时尚一族的青睐。</span><br />&nbsp;<br /><img src=\"http://image.shopxx.cn/upload/image/201010/8754a5e7eb704eadbe0277e6a92754e1.png\" alt=\"\" /></p>\r\n<p>&nbsp;</p>\r\n<p><img src=\"http://image.shopxx.cn/upload/image/201010/2cfe98bc007c43a8bfd2b712232dadef.png\" alt=\"\" /></p>\r\n<p>&nbsp;</p>\r\n<p><img src=\"http://image.shopxx.cn/upload/image/201010/64b57c9d8f634596ab796b94f7ed05a4.png\" alt=\"\" /></p>\r\n<p>&nbsp;</p>\r\n<p><img src=\"http://image.shopxx.cn/upload/image/201010/96d7f6f2e0c5441797c25630f40c91ae.png\" alt=\"\" /></p>\r\n<p><span style=\"font-size: large;\">　I\'ll follow my love(爱我就跟随我)</span><br /><img src=\"http://image.shopxx.cn/upload/image/201010/e759511a08e34b1086bf0c8d8491fd61.png\" alt=\"\" /></p>\r\n<p>&nbsp;</p>\r\n<p><img src=\"http://image.shopxx.cn/upload/image/201010/aca4b289325d4f62a782ed59cf07b296.png\" alt=\"\" /></p>\r\n<p>&nbsp;</p>\r\n<p><span style=\"font-size: medium;\">kappa运动服休闲套装南韩丝面料</span><br /><span style=\"font-size: medium;\">【尺码】 L/XL/XXL/XXXL</span><br /><span style=\"font-size: medium;\">L&nbsp;&nbsp;&nbsp; 胸围98cm　&nbsp;衣长58cm&nbsp; 肩宽39cm&nbsp; 袖长55cm&nbsp; 裤长98cm&nbsp;&nbsp;&nbsp; 腰围56cm（平铺状态）</span><br /><span style=\"font-size: medium;\">XL&nbsp; 胸围100cm&nbsp; 衣长60cm&nbsp; 肩宽41cm&nbsp; 袖长57cm&nbsp; 裤长100cm&nbsp; 腰围58cm（平铺状态）</span><br /><span style=\"font-size: medium;\">2XL胸围102cm&nbsp; 衣长62cm&nbsp; 肩宽43cm&nbsp; 袖长59cm&nbsp; 裤长102cm&nbsp; 腰围60cm（平铺状态）</span><br /><span style=\"font-size: medium;\">3XL胸围105cm&nbsp; 衣长64cm&nbsp; 肩宽45cm&nbsp; 袖长61cm&nbsp; 裤长104cm&nbsp; 腰围63cm（平铺状态）</span></p>',2,'/html/product_content/201010/975fcae6a1ab42ef98e4a9c8072d13f2.html',b'1',b'0',b'1',b'0',286,'2010秋季新款 kappa靠背 女 运动套装 开衫长袖 运动服','','2010秋季新款 kappa靠背 女 运动套装 开衫长袖 运动服',0,245,'[{\"bigProductImagePath\":\"/upload/image/201010/4e74998c94ea47be9951b0ed8674141d_big.jpg\",\"id\":\"4e74998c94ea47be9951b0ed8674141d\",\"smallProductImagePath\":\"/upload/image/201010/4e74998c94ea47be9951b0ed8674141d_small.jpg\",\"sourceProductImagePath\":\"/upload/image/201010/4e74998c94ea47be9951b0ed8674141d.png\",\"thumbnailProductImagePath\":\"/upload/image/201010/4e74998c94ea47be9951b0ed8674141d_thumbnail.jpg\"},{\"bigProductImagePath\":\"/upload/image/201010/7b3fde810cba49bab6e25e9bf94cb110_big.jpg\",\"id\":\"7b3fde810cba49bab6e25e9bf94cb110\",\"smallProductImagePath\":\"/upload/image/201010/7b3fde810cba49bab6e25e9bf94cb110_small.jpg\",\"sourceProductImagePath\":\"/upload/image/201010/7b3fde810cba49bab6e25e9bf94cb110.png\",\"thumbnailProductImagePath\":\"/upload/image/201010/7b3fde810cba49bab6e25e9bf94cb110_thumbnail.jpg\"},{\"bigProductImagePath\":\"/upload/image/201010/80f347cb6d284a41aa94800b450778f7_big.jpg\",\"id\":\"80f347cb6d284a41aa94800b450778f7\",\"smallProductImagePath\":\"/upload/image/201010/80f347cb6d284a41aa94800b450778f7_small.jpg\",\"sourceProductImagePath\":\"/upload/image/201010/80f347cb6d284a41aa94800b450778f7.png\",\"thumbnailProductImagePath\":\"/upload/image/201010/80f347cb6d284a41aa94800b450778f7_thumbnail.jpg\"},{\"bigProductImagePath\":\"/upload/image/201010/01b4134dbd41420bb7a7b56cbb857570_big.jpg\",\"id\":\"01b4134dbd41420bb7a7b56cbb857570\",\"smallProductImagePath\":\"/upload/image/201010/01b4134dbd41420bb7a7b56cbb857570_small.jpg\",\"sourceProductImagePath\":\"/upload/image/201010/01b4134dbd41420bb7a7b56cbb857570.png\",\"thumbnailProductImagePath\":\"/upload/image/201010/01b4134dbd41420bb7a7b56cbb857570_thumbnail.jpg\"}]','SN_1BA426043294',100,500,0,'402881882bb2c00c012bb3a4d8260012','402881882bb2c00c012bb2ddb237000e','402881882ba8753a012ba983fe7f01ed');
INSERT INTO `product` VALUES ('402881882bbcd2f4012bbd63d1480005','2010-10-18 11:30:56','2010-10-28 00:32:11','<p>◆羊毛含量：<br />&nbsp;经国家权威机构检测，本款短裙用料含羊毛量56.7%，成分若不符，假一赔十；<br />&nbsp;<br />◆颜色牢度：<br />&nbsp;本宝贝原材料均经过固色技术处理，色牢度达到国家标准的3级标准，水洗不褪色；<br />&nbsp;<br />◆质量检验：<br />&nbsp;本款宝贝从面料到成品，经过12道工序检查，确保品质优良；<br />&nbsp;<br />◆原版版型：<br />&nbsp;此款短裙，样板经过多次试验修改最终定型，修身、显瘦、百搭，彰显&ldquo;紫格子&rdquo;裙装的专业性。</p>\r\n<p><br />&nbsp;</p>\r\n<p>&nbsp;</p>\r\n<p><span style=\"font-size: medium; color: #ff0000;\">&nbsp;</span></p>\r\n<p><span style=\"font-size: medium; color: #ff0000;\"><img src=\"http://image.shopxx.cn/upload/image/201010/02efc4ce967d48e7b4bcb6bbfbf613c9.png\" alt=\"\" /></span></p>\r\n<p><span style=\"font-size: medium; color: #ff0000;\">&nbsp;</span></p>\r\n<p><span style=\"font-size: medium; color: #ff0000;\"><img src=\"http://image.shopxx.cn/upload/image/201010/816a1121043b40ed82795c3449cbafb2.png\" alt=\"\" /><img src=\"http://image.shopxx.cn/upload/image/201010/701b5a365da74c4ebf49b4fe32729cd5.png\" alt=\"\" /></span></p>\r\n<p><span style=\"font-size: medium; color: #ff0000;\">&nbsp;</span></p>\r\n<p><span style=\"font-size: medium; color: #ff0000;\"><img src=\"http://image.shopxx.cn/upload/image/201010/04e26368d5334ff0a135961517a9bc7b.png\" alt=\"\" />&nbsp;<img src=\"http://image.shopxx.cn/upload/image/201010/aaddb86d5f784a3896644bf221086407.png\" alt=\"\" /></span></p>\r\n<p><span style=\"font-size: medium; color: #ff0000;\">&nbsp;</span></p>\r\n<p><span style=\"font-size: medium; color: #ff0000;\"><img src=\"http://image.shopxx.cn/upload/image/201010/53266cda3a7347b29a50a5b6b1e579a8.png\" alt=\"\" /></span></p>\r\n<p><span style=\"font-size: medium; color: #ff0000;\">&nbsp;</span></p>\r\n<p><span style=\"font-size: medium; color: #ff0000;\"><img src=\"http://image.shopxx.cn/upload/image/201010/25b4c5d7e9b94458965528f71410c362.png\" alt=\"\" />&nbsp;<img src=\"http://image.shopxx.cn/upload/image/201010/bee4a7bd7dc1402db03fadcdc0c5fe6d.png\" alt=\"\" />&nbsp;</span></p>\r\n<p><span style=\"font-size: medium; color: #ff0000;\"><img src=\"http://image.shopxx.cn/upload/image/201010/25e3372f61864a669c03426f37029315.png\" alt=\"\" /></span></p>\r\n<p><span style=\"font-size: medium; color: #ff0000;\"><img src=\"http://image.shopxx.cn/upload/image/201010/1644744f28a24fb7afdcdfa639d165af.png\" alt=\"\" /></span></p>\r\n<p><span style=\"font-size: medium; color: #ff0000;\"><img src=\"http://image.shopxx.cn/upload/image/201010/c07556a92ee24c05afa265a393597b78.png\" alt=\"\" /></span></p>\r\n<p><span style=\"font-size: medium; color: #ff0000;\"><img src=\"http://image.shopxx.cn/upload/image/201010/6d5f01fd1c604708a1e0c49be86558be.png\" alt=\"\" /></span></p>',0,'/html/product_content/201010/8823782b7578485bafd3399f9c3b02d6.html',b'0',b'0',b'1',b'0',99,'2010秋冬新款韩版毛呢/花苞/半身裙/短裙/毛呢裙','','2010秋冬新款韩版毛呢/花苞/半身裙/短裙/毛呢裙',0,78,'[{\"bigProductImagePath\":\"/upload/image/201010/cf4dcdda42b144d2ae9f29741a3d29c3_big.jpg\",\"id\":\"cf4dcdda42b144d2ae9f29741a3d29c3\",\"smallProductImagePath\":\"/upload/image/201010/cf4dcdda42b144d2ae9f29741a3d29c3_small.jpg\",\"sourceProductImagePath\":\"/upload/image/201010/cf4dcdda42b144d2ae9f29741a3d29c3.png\",\"thumbnailProductImagePath\":\"/upload/image/201010/cf4dcdda42b144d2ae9f29741a3d29c3_thumbnail.jpg\"},{\"bigProductImagePath\":\"/upload/image/201010/7111d280472544938e22ca8baf91c790_big.jpg\",\"id\":\"7111d280472544938e22ca8baf91c790\",\"smallProductImagePath\":\"/upload/image/201010/7111d280472544938e22ca8baf91c790_small.jpg\",\"sourceProductImagePath\":\"/upload/image/201010/7111d280472544938e22ca8baf91c790.png\",\"thumbnailProductImagePath\":\"/upload/image/201010/7111d280472544938e22ca8baf91c790_thumbnail.jpg\"},{\"bigProductImagePath\":\"/upload/image/201010/fd8eb1d94b3c48579005256a3c311477_big.jpg\",\"id\":\"fd8eb1d94b3c48579005256a3c311477\",\"smallProductImagePath\":\"/upload/image/201010/fd8eb1d94b3c48579005256a3c311477_small.jpg\",\"sourceProductImagePath\":\"/upload/image/201010/fd8eb1d94b3c48579005256a3c311477.png\",\"thumbnailProductImagePath\":\"/upload/image/201010/fd8eb1d94b3c48579005256a3c311477_thumbnail.jpg\"},{\"bigProductImagePath\":\"/upload/image/201010/cf15a75beabc4ce1a3d70ed294937407_big.jpg\",\"id\":\"cf15a75beabc4ce1a3d70ed294937407\",\"smallProductImagePath\":\"/upload/image/201010/cf15a75beabc4ce1a3d70ed294937407_small.jpg\",\"sourceProductImagePath\":\"/upload/image/201010/cf15a75beabc4ce1a3d70ed294937407.png\",\"thumbnailProductImagePath\":\"/upload/image/201010/cf15a75beabc4ce1a3d70ed294937407_thumbnail.jpg\"}]','SN_13F2395C7875',100,200,0,'402881882bbcd2f4012bbd6434190006','402881882bb2c00c012bb2d1afd0000a','402881882ba8753a012ba984305c01ee');
INSERT INTO `product` VALUES ('402881882bbcd2f4012bbd689a710007','2010-10-18 11:36:10','2010-10-28 00:35:19','<p><img src=\"http://image.shopxx.cn/upload/image/201010/d56a4933f0bd4162b171dc2fa01a06a4.png\" alt=\"\" /></p>\r\n<p><img src=\"http://image.shopxx.cn/upload/image/201010/5676f669483146f4b8030e44f69650f5.png\" alt=\"\" />&nbsp;<img src=\"http://image.shopxx.cn/upload/image/201010/624dda0e69c94eb4836fd6beaad67193.png\" alt=\"\" /></p>\r\n<p>&nbsp;</p>\r\n<p><img src=\"http://image.shopxx.cn/upload/image/201010/0c9064f55f4f4a009242878107b86ab5.png\" alt=\"\" /></p>\r\n<p>&nbsp;</p>\r\n<p><img src=\"http://image.shopxx.cn/upload/image/201010/b2bdf92ecd5e4a73b851ed7a3e5f1ed3.png\" alt=\"\" /></p>\r\n<p>&nbsp;</p>\r\n<p><img src=\"http://image.shopxx.cn/upload/image/201010/f552653a64dc4773916d221df7ae6ef7.png\" alt=\"\" /></p>\r\n<p>&nbsp;</p>\r\n<p><img src=\"http://image.shopxx.cn/upload/image/201010/b2d3a375185a4b37becc88bd6566671c.png\" alt=\"\" /></p>\r\n<p>&nbsp;</p>\r\n<p><img src=\"http://image.shopxx.cn/upload/image/201010/cec130230f8f4175a5c1fa9190d77eff.png\" alt=\"\" /></p>\r\n<p>&nbsp;</p>\r\n<p><img src=\"http://image.shopxx.cn/upload/image/201010/ef02506e100940539337f6eeabfd922f.png\" alt=\"\" /></p>',0,'/html/product_content/201010/2fb8d7ff55b64525809779394697556a.html',b'0',b'0',b'1',b'0',228,'巴黎街头 秋装新款 超赞细节 极具质感 厚质型格时装裤','','巴黎街头 秋装新款 超赞细节 极具质感 厚质型格时装裤',0,189,'[{\"bigProductImagePath\":\"/upload/image/201010/f5310201529e45e3923c2f3dea2d5432_big.jpg\",\"id\":\"f5310201529e45e3923c2f3dea2d5432\",\"smallProductImagePath\":\"/upload/image/201010/f5310201529e45e3923c2f3dea2d5432_small.jpg\",\"sourceProductImagePath\":\"/upload/image/201010/f5310201529e45e3923c2f3dea2d5432.png\",\"thumbnailProductImagePath\":\"/upload/image/201010/f5310201529e45e3923c2f3dea2d5432_thumbnail.jpg\"},{\"bigProductImagePath\":\"/upload/image/201010/01d363d1a0304eca962582bbcf9871d2_big.jpg\",\"id\":\"01d363d1a0304eca962582bbcf9871d2\",\"smallProductImagePath\":\"/upload/image/201010/01d363d1a0304eca962582bbcf9871d2_small.jpg\",\"sourceProductImagePath\":\"/upload/image/201010/01d363d1a0304eca962582bbcf9871d2.png\",\"thumbnailProductImagePath\":\"/upload/image/201010/01d363d1a0304eca962582bbcf9871d2_thumbnail.jpg\"},{\"bigProductImagePath\":\"/upload/image/201010/235acc0ab18e47659dc9767c68b80a05_big.jpg\",\"id\":\"235acc0ab18e47659dc9767c68b80a05\",\"smallProductImagePath\":\"/upload/image/201010/235acc0ab18e47659dc9767c68b80a05_small.jpg\",\"sourceProductImagePath\":\"/upload/image/201010/235acc0ab18e47659dc9767c68b80a05.png\",\"thumbnailProductImagePath\":\"/upload/image/201010/235acc0ab18e47659dc9767c68b80a05_thumbnail.jpg\"},{\"bigProductImagePath\":\"/upload/image/201010/ecd40cb277c2475eae4e92ca7596ec04_big.jpg\",\"id\":\"ecd40cb277c2475eae4e92ca7596ec04\",\"smallProductImagePath\":\"/upload/image/201010/ecd40cb277c2475eae4e92ca7596ec04_small.jpg\",\"sourceProductImagePath\":\"/upload/image/201010/ecd40cb277c2475eae4e92ca7596ec04.png\",\"thumbnailProductImagePath\":\"/upload/image/201010/ecd40cb277c2475eae4e92ca7596ec04_thumbnail.jpg\"}]','SN_5E3A0529E1D3',100,200,0,'402881882ba8753a012ba98250a001ec','402881882badb4ed012badc435040011','402881882ba8753a012ba984305c01ee');
INSERT INTO `product` VALUES ('402881882bbcd2f4012bbd6dae2f0008','2010-10-18 11:41:43','2010-10-28 00:33:01','<p style=\"text-align: left;\"><span style=\"font-size: medium;\">酷感色系在今秋大放异彩！</span></p>\r\n<p style=\"text-align: left;\"><span style=\"font-size: medium;\">想要个性与帅气，又不想遗失女孩儿专属的甜美，这款衬衫一定让你心动！</span></p>\r\n<p style=\"text-align: left;\"><span style=\"font-size: medium;\">格纹衬衫不管是单穿或是搭配背心和外套都别有一番感觉，</span></p>\r\n<p style=\"text-align: left;\"><span style=\"font-size: medium;\">即使是简单的设计也能穿出迷人的风采，</span></p>\r\n<p style=\"text-align: left;\"><span style=\"font-size: medium;\">配色不败的格纹色系是表达休闲自在的魅力所在。</span></p>\r\n<p style=\"text-align: left;\"><span style=\"font-size: medium;\">&nbsp;</span></p>\r\n<p style=\"text-align: left;\"><span style=\"font-size: medium; color: #33cccc;\"><img src=\"http://image.shopxx.cn/upload/image/201010/fc28a1b3e9f74b8eb749186ae7ca3519.png\" alt=\"\" /></span></p>\r\n<p style=\"text-align: left;\"><span style=\"font-size: medium; color: #33cccc;\">&nbsp;</span></p>\r\n<p style=\"text-align: left;\"><span style=\"font-size: medium; color: #33cccc;\"><img src=\"http://image.shopxx.cn/upload/image/201010/877b0574bda744ef918dcb9397f9d021.png\" alt=\"\" /></span></p>\r\n<p style=\"text-align: left;\"><span style=\"font-size: medium; color: #33cccc;\">&nbsp;</span></p>\r\n<p style=\"text-align: left;\"><span style=\"font-size: medium;\">不走寻常路的采用了斜扣方式，给衬衣带来了另一种展现方法，</span></p>\r\n<p style=\"text-align: left;\"><span style=\"font-size: medium;\">初秋搭配短裙，短裤展现你的好身材，也悄悄地小露颈部更迷人。</span></p>\r\n<p style=\"text-align: left;\"><span style=\"font-size: medium;\">柔软的衬衫氨棉面料非常舒适，宽松的版型更是大众化，</span></p>\r\n<p style=\"text-align: left;\"><span style=\"font-size: medium;\">穿着各有各的韵味。</span></p>\r\n<p style=\"text-align: left;\"><span style=\"font-size: medium;\">&nbsp;</span></p>\r\n<p style=\"text-align: left;\"><span style=\"font-size: medium; color: #ff0000;\"><img src=\"http://image.shopxx.cn/upload/image/201010/54a107e70dbf4e33aedf3f661728bc20.png\" alt=\"\" /></span></p>\r\n<p style=\"text-align: left;\"><span style=\"font-size: medium; color: #ff0000;\">&nbsp;</span></p>\r\n<p style=\"text-align: left;\"><span style=\"font-size: medium; color: #ff0000;\"><img src=\"http://image.shopxx.cn/upload/image/201010/53c7ae5a116e4cf9a33138307666cc56.png\" alt=\"\" /></span></p>\r\n<p style=\"text-align: left;\"><span style=\"font-size: medium; color: #ff0000;\">&nbsp;</span></p>\r\n<p style=\"text-align: left;\"><span style=\"font-size: medium; color: #ff0000;\"><img src=\"http://image.shopxx.cn/upload/image/201010/98bfa20e8a4c475aacc1d0c636966e91.png\" alt=\"\" /></span></p>\r\n<p style=\"text-align: left;\"><span style=\"font-size: medium; color: #ff0000;\">&nbsp;</span></p>\r\n<p style=\"text-align: left;\"><span style=\"font-size: medium; color: #ff0000;\"><img src=\"http://image.shopxx.cn/upload/image/201010/f56765535d0c43c7a29d2a1f81618c9a.png\" alt=\"\" /></span></p>',0,'/html/product_content/201010/a57b6df1e1454bc0872d29c5d983dcf3.html',b'1',b'0',b'1',b'0',50,'2010秋季韩版热卖新款酷感个性帅气格纹长袖翻领修身休闲女衬衫','','2010秋季韩版热卖新款酷感个性帅气格纹长袖翻领修身休闲女衬衫',0,35,'[{\"bigProductImagePath\":\"/upload/image/201010/591d5a1d8cd149b99e53528a26c1c488_big.jpg\",\"id\":\"591d5a1d8cd149b99e53528a26c1c488\",\"smallProductImagePath\":\"/upload/image/201010/591d5a1d8cd149b99e53528a26c1c488_small.jpg\",\"sourceProductImagePath\":\"/upload/image/201010/591d5a1d8cd149b99e53528a26c1c488.png\",\"thumbnailProductImagePath\":\"/upload/image/201010/591d5a1d8cd149b99e53528a26c1c488_thumbnail.jpg\"},{\"bigProductImagePath\":\"/upload/image/201010/5896ed8ab7b2482d99eab3dfe776d4fd_big.jpg\",\"id\":\"5896ed8ab7b2482d99eab3dfe776d4fd\",\"smallProductImagePath\":\"/upload/image/201010/5896ed8ab7b2482d99eab3dfe776d4fd_small.jpg\",\"sourceProductImagePath\":\"/upload/image/201010/5896ed8ab7b2482d99eab3dfe776d4fd.png\",\"thumbnailProductImagePath\":\"/upload/image/201010/5896ed8ab7b2482d99eab3dfe776d4fd_thumbnail.jpg\"},{\"bigProductImagePath\":\"/upload/image/201010/3034c9992cbd4568b6a5d4ea73c66464_big.jpg\",\"id\":\"3034c9992cbd4568b6a5d4ea73c66464\",\"smallProductImagePath\":\"/upload/image/201010/3034c9992cbd4568b6a5d4ea73c66464_small.jpg\",\"sourceProductImagePath\":\"/upload/image/201010/3034c9992cbd4568b6a5d4ea73c66464.png\",\"thumbnailProductImagePath\":\"/upload/image/201010/3034c9992cbd4568b6a5d4ea73c66464_thumbnail.jpg\"}]','SN_6DE9971C46A7',100,100,0,'402881882ba8753a012ba98250a001ec','402881882bb2c00c012bb2d0d9e20008','402881882ba8753a012ba983fe7f01ed');
INSERT INTO `product` VALUES ('402881882bbcd2f4012bbd7840ba000a','2010-10-18 11:53:16','2010-10-28 10:45:03','<p><img src=\"http://image.shopxx.cn/upload/image/201010/c967c172001c4e7e8ca856e71510317f.png\" alt=\"\" />&nbsp;<img src=\"http://image.shopxx.cn/upload/image/201010/8d1d18dc7e1e4be4a1c0cbd18e4eb056.png\" alt=\"\" /></p>\r\n<p>&nbsp;</p>\r\n<p><img src=\"http://image.shopxx.cn/upload/image/201010/ebcc160e8bee46afac4ec9ec371fd36e.png\" alt=\"\" />&nbsp;<img src=\"http://image.shopxx.cn/upload/image/201010/fec1440d79a14935b046b3951b759f54.png\" alt=\"\" /></p>\r\n<p>&nbsp;</p>\r\n<p><img src=\"http://image.shopxx.cn/upload/image/201010/f2a530821b114a8e87a480074b67ccf6.png\" alt=\"\" /></p>\r\n<p>&nbsp;</p>\r\n<p><img src=\"http://image.shopxx.cn/upload/image/201010/b610b81e5d7b4e57a1b66af7f56113f6.png\" alt=\"\" /></p>\r\n<p><img src=\"http://image.shopxx.cn/upload/image/201010/0f3c821d1fde41068a524e193b14142b.png\" alt=\"\" />&nbsp;<img src=\"http://image.shopxx.cn/upload/image/201010/4e27afca9e0c4a0ba8e14a98b24d8a86.png\" alt=\"\" /></p>\r\n<p>&nbsp;</p>\r\n<p><img src=\"http://image.shopxx.cn/upload/image/201010/6eedebd2a66c40e6b275e06ac07fd15b.png\" alt=\"\" /></p>\r\n<p><img src=\"http://image.shopxx.cn/upload/image/201010/734bd02663b94f4ba561f1bfe850dd5c.png\" alt=\"\" /></p>\r\n<p>&nbsp;</p>\r\n<p><img src=\"http://image.shopxx.cn/upload/image/201010/93b8f3fe3d07441585c9a0973e5be3dc.png\" alt=\"\" /></p>\r\n<p>&nbsp;</p>\r\n<p>&nbsp;</p>',2,'/html/product_content/201010/e21cd4464c854db3bd2355b9c31d565b.html',b'0',b'0',b'1',b'1',123,'2010秋装款play川久保玲潮牌直筒 时尚休闲牛仔裤','','2010秋装款play川久保玲潮牌直筒 时尚休闲牛仔裤',0,95,'[{\"bigProductImagePath\":\"/upload/image/201010/09dfa2b6730e4e8f88509505d87ca6cc_big.jpg\",\"id\":\"09dfa2b6730e4e8f88509505d87ca6cc\",\"smallProductImagePath\":\"/upload/image/201010/09dfa2b6730e4e8f88509505d87ca6cc_small.jpg\",\"sourceProductImagePath\":\"/upload/image/201010/09dfa2b6730e4e8f88509505d87ca6cc.png\",\"thumbnailProductImagePath\":\"/upload/image/201010/09dfa2b6730e4e8f88509505d87ca6cc_thumbnail.jpg\"},{\"bigProductImagePath\":\"/upload/image/201010/bc014f053307486f8b4b38f09330ad4a_big.jpg\",\"id\":\"bc014f053307486f8b4b38f09330ad4a\",\"smallProductImagePath\":\"/upload/image/201010/bc014f053307486f8b4b38f09330ad4a_small.jpg\",\"sourceProductImagePath\":\"/upload/image/201010/bc014f053307486f8b4b38f09330ad4a.png\",\"thumbnailProductImagePath\":\"/upload/image/201010/bc014f053307486f8b4b38f09330ad4a_thumbnail.jpg\"},{\"bigProductImagePath\":\"/upload/image/201010/86eab704ae984903ba2d4ca884a36c5b_big.jpg\",\"id\":\"86eab704ae984903ba2d4ca884a36c5b\",\"smallProductImagePath\":\"/upload/image/201010/86eab704ae984903ba2d4ca884a36c5b_small.jpg\",\"sourceProductImagePath\":\"/upload/image/201010/86eab704ae984903ba2d4ca884a36c5b.png\",\"thumbnailProductImagePath\":\"/upload/image/201010/86eab704ae984903ba2d4ca884a36c5b_thumbnail.jpg\"}]','SN_5B85C0BFCF97',100,300,0,'402881882bbcd2f4012bbd6e3afe0009','402881882bb2c00c012bb2cedd660003','402881882ba8753a012ba984305c01ee');
INSERT INTO `product` VALUES ('402881882bbcd2f4012bbd7d0e48000c','2010-10-18 11:58:30','2010-10-28 10:45:02','<p><img src=\"http://image.shopxx.cn/upload/image/201010/5ea667cf3f314351bf17696bb80ee373.png\" alt=\"\" /></p>\r\n<p>&nbsp;</p>\r\n<p><img src=\"http://image.shopxx.cn/upload/image/201010/27f1bdc4496b41cc91cffa3cc705c222.png\" alt=\"\" /></p>\r\n<p>&nbsp;</p>\r\n<p><img src=\"http://image.shopxx.cn/upload/image/201010/09dff39156a34b1fb8d4e1e765c7ee7e.png\" alt=\"\" /></p>\r\n<p>&nbsp;</p>\r\n<p><img src=\"http://image.shopxx.cn/upload/image/201010/ca2d9b6d192b400aa6233fdc11d6d132.png\" alt=\"\" /></p>\r\n<p>&nbsp;</p>\r\n<p><img src=\"http://image.shopxx.cn/upload/image/201010/85255dc04b974c51858df44771e10342.png\" alt=\"\" /></p>\r\n<p>&nbsp;</p>\r\n<p><img src=\"http://image.shopxx.cn/upload/image/201010/83611ca3e7e6417faf409469e2602ea8.png\" alt=\"\" /></p>\r\n<p>&nbsp;</p>\r\n<p><img src=\"http://image.shopxx.cn/upload/image/201010/387f29d99be142d6b46ceac91e74890b.png\" alt=\"\" /></p>',1,'/html/product_content/201010/37a29387674e471d93a434d3309ee9ed.html',b'0',b'0',b'1',b'1',188,'新款 韩版西裤 休闲西裤 修身西裤 男装西裤','','新款 韩版西裤 休闲西裤 修身西裤 男装西裤',0,158,'[{\"bigProductImagePath\":\"/upload/image/201010/af40cca663804e45a7c4adec0631fa1b_big.jpg\",\"id\":\"af40cca663804e45a7c4adec0631fa1b\",\"smallProductImagePath\":\"/upload/image/201010/af40cca663804e45a7c4adec0631fa1b_small.jpg\",\"sourceProductImagePath\":\"/upload/image/201010/af40cca663804e45a7c4adec0631fa1b.png\",\"thumbnailProductImagePath\":\"/upload/image/201010/af40cca663804e45a7c4adec0631fa1b_thumbnail.jpg\"},{\"bigProductImagePath\":\"/upload/image/201010/007efe33baef4d17a2f220d3a19288fd_big.jpg\",\"id\":\"007efe33baef4d17a2f220d3a19288fd\",\"smallProductImagePath\":\"/upload/image/201010/007efe33baef4d17a2f220d3a19288fd_small.jpg\",\"sourceProductImagePath\":\"/upload/image/201010/007efe33baef4d17a2f220d3a19288fd.png\",\"thumbnailProductImagePath\":\"/upload/image/201010/007efe33baef4d17a2f220d3a19288fd_thumbnail.jpg\"},{\"bigProductImagePath\":\"/upload/image/201010/3351c8cb14da495f98d06243a6e9cab8_big.jpg\",\"id\":\"3351c8cb14da495f98d06243a6e9cab8\",\"smallProductImagePath\":\"/upload/image/201010/3351c8cb14da495f98d06243a6e9cab8_small.jpg\",\"sourceProductImagePath\":\"/upload/image/201010/3351c8cb14da495f98d06243a6e9cab8.png\",\"thumbnailProductImagePath\":\"/upload/image/201010/3351c8cb14da495f98d06243a6e9cab8_thumbnail.jpg\"},{\"bigProductImagePath\":\"/upload/image/201010/d68d084c66e847639bf9ea6e3f410e95_big.jpg\",\"id\":\"d68d084c66e847639bf9ea6e3f410e95\",\"smallProductImagePath\":\"/upload/image/201010/d68d084c66e847639bf9ea6e3f410e95_small.jpg\",\"sourceProductImagePath\":\"/upload/image/201010/d68d084c66e847639bf9ea6e3f410e95.png\",\"thumbnailProductImagePath\":\"/upload/image/201010/d68d084c66e847639bf9ea6e3f410e95_thumbnail.jpg\"}]','SN_0A79E9F1E619',100,300,0,'402881882bbcd2f4012bbd78b34a000b','402881882bb2c00c012bb2cf0f830004','402881882ba8753a012ba984305c01ee');
INSERT INTO `product` VALUES ('402881882bbcd2f4012bbd826374000e','2010-10-18 12:04:20','2010-10-28 10:36:37','<p>【品牌】欧蒂爱<br />【品名】竹炭运动男袜<br />【货号】7505<br />【规格】26-28CM （42-46码）&nbsp; <br />【成份】64%棉 18%锦纶&nbsp; 16%竹炭纤维&nbsp; 2%氨纶</p>\r\n<p>&nbsp;</p>\r\n<p><span style=\"font-size: medium; color: #993300;\">&nbsp;</span></p>\r\n<p><span style=\"font-size: medium; color: #993300;\"><img src=\"http://image.shopxx.cn/upload/image/201010/c09c6fc430f84e249ec6f40c808085b9.png\" alt=\"\" /></span></p>\r\n<p><span style=\"font-size: medium; color: #993300;\">&nbsp;</span></p>\r\n<p><span style=\"font-size: medium; color: #993300;\"><img src=\"http://image.shopxx.cn/upload/image/201010/da3d1656f5f24c96ac48f9819434ce9b.png\" alt=\"\" /></span></p>\r\n<p><span style=\"font-size: medium; color: #993300;\">&nbsp;</span></p>\r\n<p><span style=\"font-size: medium; color: #993300;\"><img src=\"http://image.shopxx.cn/upload/image/201010/7a95390c546941da9eb8a9490fe3eace.png\" alt=\"\" /></span></p>\r\n<p><span style=\"font-size: medium; color: #993300;\">&nbsp;</span></p>\r\n<p><span style=\"font-size: medium; color: #993300;\"><img src=\"http://image.shopxx.cn/upload/image/201010/7c9d2839199b4486a2c60cbdf1021eef.png\" alt=\"\" /></span></p>\r\n<p><span style=\"font-size: medium; color: #993300;\">&nbsp;</span></p>\r\n<p><span style=\"font-size: medium; color: #993300;\"><img src=\"http://image.shopxx.cn/upload/image/201010/50c1162a522948b39d33c1c345071f7d.png\" alt=\"\" /><img src=\"http://image.shopxx.cn/upload/image/201010/c52ec4723ebe4eef95cb4bbe826643b5.png\" alt=\"\" /></span></p>',1,'/html/product_content/201010/c71b9d0e0e1643f089dda97fa6442ac6.html',b'0',b'0',b'1',b'0',9.5,'欧蒂爱 竹炭纤维运动男袜 防臭 保护脚踝 防扭伤 秋冬厚款','','欧蒂爱 竹炭纤维运动男袜 防臭 保护脚踝 防扭伤 秋冬厚款',0,8,'[{\"bigProductImagePath\":\"/upload/image/201010/c43dcd69b2ca41e0aa3998ee75591501_big.jpg\",\"id\":\"c43dcd69b2ca41e0aa3998ee75591501\",\"smallProductImagePath\":\"/upload/image/201010/c43dcd69b2ca41e0aa3998ee75591501_small.jpg\",\"sourceProductImagePath\":\"/upload/image/201010/c43dcd69b2ca41e0aa3998ee75591501.png\",\"thumbnailProductImagePath\":\"/upload/image/201010/c43dcd69b2ca41e0aa3998ee75591501_thumbnail.jpg\"},{\"bigProductImagePath\":\"/upload/image/201010/a38a14bb3d854214b71189925b06cb37_big.jpg\",\"id\":\"a38a14bb3d854214b71189925b06cb37\",\"smallProductImagePath\":\"/upload/image/201010/a38a14bb3d854214b71189925b06cb37_small.jpg\",\"sourceProductImagePath\":\"/upload/image/201010/a38a14bb3d854214b71189925b06cb37.png\",\"thumbnailProductImagePath\":\"/upload/image/201010/a38a14bb3d854214b71189925b06cb37_thumbnail.jpg\"},{\"bigProductImagePath\":\"/upload/image/201010/fd0ebc390b454473a8180377e17c1a6c_big.jpg\",\"id\":\"fd0ebc390b454473a8180377e17c1a6c\",\"smallProductImagePath\":\"/upload/image/201010/fd0ebc390b454473a8180377e17c1a6c_small.jpg\",\"sourceProductImagePath\":\"/upload/image/201010/fd0ebc390b454473a8180377e17c1a6c.png\",\"thumbnailProductImagePath\":\"/upload/image/201010/fd0ebc390b454473a8180377e17c1a6c_thumbnail.jpg\"}]','SN_92C8BF4146A3',100,50,0,'402881882bbcd2f4012bbd7d6fa2000d','402881882bb2c00c012bb2de90fe000f','402881882ba8753a012ba983fe7f01ed');
INSERT INTO `product` VALUES ('402881882bbdfe19012bbe080cdd0001','2010-10-18 14:30:20','2010-10-28 10:54:28','<p>南极人：男士 羊毛暖护贴保暖 内衣套装！NX9021</p>\r\n<p>品名：羊毛暖护贴</p>\r\n<p>货号：NX9021</p>\r\n<p>款式：圆领</p>\r\n<p>品牌：南极人</p>\r\n<p>颜色：男士-深灰、藏青&nbsp;&nbsp; 女士-紫罗兰、中国红</p>\r\n<p>男士尺码：L、XL、XXL、XXXL&nbsp;&nbsp; 女士尺码：M、L、XL、XXL</p>\r\n<p>成分：</p>\r\n<p>面&nbsp; 层- 羊毛5.9%、棉80.4%、涤纶（聚酯纤维）13.7%</p>\r\n<p>连接层- 棉56.6%、涤纶（聚酯纤维）34.7%</p>\r\n<p>里&nbsp; 层- 涤纶（细旦聚酯纤维）100%</p>\r\n<p>厚度：里层短绒，较厚</p>\r\n<p><span style=\"font-size: medium;\"><strong><img src=\"http://image.shopxx.cn/upload/image/201010/f810fa5009724680b15b3e8936d54c4f.png\" alt=\"\" /></strong></span></p>\r\n<p><span style=\"font-size: medium;\"><strong>&nbsp;</strong></span></p>\r\n<p><span style=\"font-size: medium;\"><strong><img src=\"http://image.shopxx.cn/upload/image/201010/da9b4dc228e646b2a7bba71916ed8bb2.png\" alt=\"\" /></strong></span></p>\r\n<p>&nbsp;</p>\r\n<p>&nbsp;&nbsp;&nbsp;&nbsp;&nbsp; 此款产品采用创新科技工艺，糅合羊毛保暖特性，在颈椎、膝关节等特殊神经部位，加贴新工艺护片，实现双重保暖，呵护健康。<br />&nbsp;&nbsp;&nbsp;&nbsp;&nbsp; 表层80%精梳棉，手感柔软舒适，保暖性好。高科技精纺，100%保留了吸汗、透气、舒适的特性。里层起绒处理，并加入保暖纤维好莱卡氨纶，结果拉毛和熨光处理，自己产品内在的质量和柔软性。</p>\r\n<p>适用于各年龄层及怕冷人群，穿着保暖舒适！<br />隆隆冬日，为父母，为爱人，送去温暖，温暖一生！</p>\r\n<p>&nbsp;</p>\r\n<p>&nbsp;</p>\r\n<p><img src=\"http://image.shopxx.cn/upload/image/201010/34cfa3bfec9144cdab8d4a4158dc6fe5.png\" alt=\"\" /></p>\r\n<p>&nbsp;</p>\r\n<p><img src=\"http://image.shopxx.cn/upload/image/201010/dfd8d61483a8442f90df5ead1ca7c4f4.png\" alt=\"\" /></p>\r\n<p>&nbsp;</p>\r\n<p><img src=\"http://image.shopxx.cn/upload/image/201010/96281a3338a54b4aadb3b98458389862.png\" alt=\"\" /></p>',2,'/html/product_content/201010/62f2fadcefdd40bd88e73620a48d8b77.html',b'0',b'0',b'1',b'0',208,'正品南极人 羊毛暖护贴护膝 男士保暖内衣套装！NX9021','','正品南极人 羊毛暖护贴护膝 男士保暖内衣套装！NX9021',0,188,'[{\"bigProductImagePath\":\"/upload/image/201010/01eab98c0ec2422e87c7a867d121d51c_big.jpg\",\"id\":\"01eab98c0ec2422e87c7a867d121d51c\",\"smallProductImagePath\":\"/upload/image/201010/01eab98c0ec2422e87c7a867d121d51c_small.jpg\",\"sourceProductImagePath\":\"/upload/image/201010/01eab98c0ec2422e87c7a867d121d51c.png\",\"thumbnailProductImagePath\":\"/upload/image/201010/01eab98c0ec2422e87c7a867d121d51c_thumbnail.jpg\"},{\"bigProductImagePath\":\"/upload/image/201010/a0b0f29482d74bb3849193e9711c665b_big.jpg\",\"id\":\"a0b0f29482d74bb3849193e9711c665b\",\"smallProductImagePath\":\"/upload/image/201010/a0b0f29482d74bb3849193e9711c665b_small.jpg\",\"sourceProductImagePath\":\"/upload/image/201010/a0b0f29482d74bb3849193e9711c665b.png\",\"thumbnailProductImagePath\":\"/upload/image/201010/a0b0f29482d74bb3849193e9711c665b_thumbnail.jpg\"},{\"bigProductImagePath\":\"/upload/image/201010/cd32eac9c83245e0b2a5263e6282dfed_big.jpg\",\"id\":\"cd32eac9c83245e0b2a5263e6282dfed\",\"smallProductImagePath\":\"/upload/image/201010/cd32eac9c83245e0b2a5263e6282dfed_small.jpg\",\"sourceProductImagePath\":\"/upload/image/201010/cd32eac9c83245e0b2a5263e6282dfed.png\",\"thumbnailProductImagePath\":\"/upload/image/201010/cd32eac9c83245e0b2a5263e6282dfed_thumbnail.jpg\"}]','SN_DA3754B17808',100,300,0,'402881882ba8753a012ba981912801ea','402881882bb2c00c012bb2cfc9da0005','402881882ba8753a012ba984b06901f0');
INSERT INTO `product` VALUES ('402881882bbdfe19012bbe0f12880002','2010-10-18 14:38:00','2010-10-28 10:54:28','<p>品名:竹纤维金属腰平角内裤<br />品牌:百武西（BIOLIVING）<br />成分: 95%竹纤维,5%氨纶<br />颜色:黑，灰<br />款式: 男款</p>\r\n<p><br />&nbsp;</p>\r\n<p>&nbsp;</p>\r\n<p><strong><span style=\"font-size: medium; color: #000000;\"><img src=\"http://image.shopxx.cn/upload/image/201010/9404e02d4c464b9f87f13c130a2ca267.png\" alt=\"\" />&nbsp;<img src=\"http://image.shopxx.cn/upload/image/201010/daabe988632841778db8f569083448ef.png\" alt=\"\" /></span></strong></p>\r\n<p>&nbsp;百武西竹纤维内衣，它杜绝了产品中的重金属和有害化学残留物,避免了长期使用传统产品对肌肤的危害!<br />引领了国际范围内高端肌肤接触品的无添加潮流!它提倡的是舒适健康时尚理念！</p>\r\n<p>&nbsp;</p>\r\n<p><span style=\"color: #ff0000;\"><strong><span style=\"font-size: medium;\"><img src=\"http://image.shopxx.cn/upload/image/201010/0516825ab59b4235beee212960fe44f3.png\" alt=\"\" /></span></strong></span></p>\r\n<p><span style=\"color: #ff0000;\"><strong><span style=\"font-size: medium;\">&nbsp;</span></strong></span></p>\r\n<p><span style=\"color: #ff0000;\"><strong><span style=\"font-size: medium;\"><img src=\"http://image.shopxx.cn/upload/image/201010/c2727c37975640c1bd1bf041f4b6dd65.png\" alt=\"\" /></span></strong></span></p>\r\n<p><span style=\"color: #ff0000;\"><strong><span style=\"font-size: medium;\">&nbsp;</span></strong></span><span style=\"font-size: medium; color: #99cc00;\">&nbsp;</span></p>\r\n<p>每日繁忙的背后，总离不开她的细心呵护</p>\r\n<p>贴身衣物只有穿着舒服才会有好的心情</p>\r\n<p>竹纤维系列内衣</p>\r\n<p>舒适、保暖、时尚</p>\r\n<p>而且是会呼吸的内衣哦</p>\r\n<p>清新自然，给您贴身的温暖</p>\r\n<p>出口日韩第一的百武西BIOLIVING无添加纯生态！在自然界可降解！完全无化学添加。</p>\r\n<p>天然抗菌,抑臭,透气,保健！吸湿透气,丝柔亲肤、全身舒爽！</p>\r\n<p><span style=\"font-size: medium; color: #99cc00;\"><img src=\"http://image.shopxx.cn/upload/image/201010/53debfd54eb54b5e80f757677b542e80.png\" alt=\"\" /></span></p>\r\n<p><span style=\"font-size: medium; color: #99cc00;\">&nbsp;</span></p>\r\n<p><span style=\"font-size: medium; color: #99cc00;\"><img src=\"http://image.shopxx.cn/upload/image/201010/a5b9b39f5b8d4f299bc97f273132ced0.png\" alt=\"\" /></span></p>\r\n<p><span style=\"font-size: medium; color: #99cc00;\">&nbsp;</span></p>\r\n<p>产品特色<br />- 天然抗菌性，有效防止细菌性皮肤病；<br />- 自动调节温度和湿度，明显减轻皮肤由于干燥所产生的干裂、掉皮现象和皮肤瘙痒；<br />- 无重金属,无有害化学物质,无化学直接染色,无农药残留；<br />- 完全天然取材,可自然降解，自然环保，是国际提倡的生态纺织用品；<br />- 吸汗透气、减少静电产生；<br />- 时尚金属感宽边腰带设计，更具时尚感。</p>\r\n<p>保养、水洗说明</p>\r\n<p>1.避免长时间浸泡（超过12小时）；<br />2.不宜大力搓扯、拧干，轻揉拧干即可；<br />3.尽量避免阳光暴晒及烘干，自然风干即可；<br />4.不宜较长时间（超过3小时）接触或使用超过40℃热水清洗；<br />5.避免尖锐物和指甲勾挑产品，用洗衣机清洗应放置于专门的洗衣袋内；<br />6.洗涤时不可氯漂，也不需要加入柔顺剂，用一般碱性的洗涤用品即可。</p>\r\n<p><span style=\"font-size: medium; color: #0000ff;\">&nbsp;</span></p>\r\n<p><span style=\"font-size: medium; color: #0000ff;\"><img src=\"http://image.shopxx.cn/upload/image/201010/729e98b63d6e4f94b66b25c1ffe44a98.png\" alt=\"\" /></span></p>\r\n<p><span style=\"font-size: medium; color: #0000ff;\">&nbsp;</span></p>\r\n<p><span style=\"font-size: medium; color: #0000ff;\"><img src=\"http://image.shopxx.cn/upload/image/201010/d5a12d8e8e294fc2a020738aef880ca4.png\" alt=\"\" /></span></p>\r\n<p><span style=\"font-size: medium; color: #0000ff;\">&nbsp;</span></p>\r\n<p><span style=\"font-size: medium; color: #0000ff;\"><img src=\"http://image.shopxx.cn/upload/image/201010/170b5e9b3af149539932bd5f2423ed72.png\" alt=\"\" /></span></p>\r\n<p><span style=\"font-size: medium; color: #0000ff;\">&nbsp;</span></p>\r\n<p><span style=\"font-size: medium; color: #0000ff;\"><img src=\"http://image.shopxx.cn/upload/image/201010/19cf33102e6349ef9eb0b46aeedcc9c6.png\" alt=\"\" /></span></p>',2,'/html/product_content/201010/d1692a20d3e0414dbfca30e4088941f2.html',b'0',b'0',b'1',b'0',55,'竹纤维男式内裤 平角内裤 透气抗菌','','竹纤维男式内裤 平角内裤 透气抗菌',0,36,'[{\"bigProductImagePath\":\"/upload/image/201010/bb368776ecd24fa8938f1526b2eb66db_big.jpg\",\"id\":\"bb368776ecd24fa8938f1526b2eb66db\",\"smallProductImagePath\":\"/upload/image/201010/bb368776ecd24fa8938f1526b2eb66db_small.jpg\",\"sourceProductImagePath\":\"/upload/image/201010/bb368776ecd24fa8938f1526b2eb66db.png\",\"thumbnailProductImagePath\":\"/upload/image/201010/bb368776ecd24fa8938f1526b2eb66db_thumbnail.jpg\"},{\"bigProductImagePath\":\"/upload/image/201010/4268548aedb34edcb28dd5d898037bf4_big.jpg\",\"id\":\"4268548aedb34edcb28dd5d898037bf4\",\"smallProductImagePath\":\"/upload/image/201010/4268548aedb34edcb28dd5d898037bf4_small.jpg\",\"sourceProductImagePath\":\"/upload/image/201010/4268548aedb34edcb28dd5d898037bf4.png\",\"thumbnailProductImagePath\":\"/upload/image/201010/4268548aedb34edcb28dd5d898037bf4_thumbnail.jpg\"},{\"bigProductImagePath\":\"/upload/image/201010/78ee27cfbf1447d08eb97e4513e8f530_big.jpg\",\"id\":\"78ee27cfbf1447d08eb97e4513e8f530\",\"smallProductImagePath\":\"/upload/image/201010/78ee27cfbf1447d08eb97e4513e8f530_small.jpg\",\"sourceProductImagePath\":\"/upload/image/201010/78ee27cfbf1447d08eb97e4513e8f530.png\",\"thumbnailProductImagePath\":\"/upload/image/201010/78ee27cfbf1447d08eb97e4513e8f530_thumbnail.jpg\"}]','SN_11A3ABE3C1F8',100,50,0,'402881882ba8753a012ba98250a001ec','402881882bb2c00c012bb2cffa7f0006','402881882ba8753a012ba984305c01ee');
INSERT INTO `product` VALUES ('402881882bbdfe19012bbe1472430003','2010-10-18 14:43:52','2010-10-28 10:54:28','<p>&nbsp;&nbsp;&nbsp;&nbsp;&nbsp; 一款男士家居服套装，质地为针织棉质，内里为羊羔绒，很保暖舒适哦。裤子两侧带有口袋，腰围带松紧和抽绳，可自由调节腰围。不管是家居穿，还是晨练穿，都是不错的选择。<br />&nbsp;</p>\r\n<p>款式：长袖+长裤（加厚拉绒）</p>\r\n<p>L：胸围平铺114CM，衣长66CM，裤长101CM</p>\r\n<p><span style=\"font-size: medium; color: #800080;\">&nbsp;</span></p>\r\n<p><span style=\"font-size: medium; color: #800080;\"><img src=\"http://image.shopxx.cn/upload/image/201010/516475ab29ae484782e96d7fabcaf7f8.png\" alt=\"\" /></span></p>\r\n<p><span style=\"font-size: medium; color: #800080;\">&nbsp;</span></p>\r\n<p><span style=\"font-size: medium; color: #800080;\"><img src=\"http://image.shopxx.cn/upload/image/201010/9863f8dfe1db4c06ad087b8a813cf850.png\" alt=\"\" /></span></p>\r\n<p><span style=\"font-size: medium; color: #800080;\">&nbsp;</span></p>\r\n<p><span style=\"font-size: medium; color: #800080;\"><img src=\"http://image.shopxx.cn/upload/image/201010/cba8564b2b01411696e0f71ec609f0df.png\" alt=\"\" /></span></p>\r\n<p><span style=\"font-size: medium; color: #800080;\">&nbsp;</span></p>\r\n<p><span style=\"font-size: medium; color: #800080;\"><img src=\"http://image.shopxx.cn/upload/image/201010/9102d434d5ba4da5b0e8081c0d627328.png\" alt=\"\" /></span></p>\r\n<p><span style=\"font-size: medium; color: #800080;\">&nbsp;</span></p>\r\n<p><span style=\"font-size: medium; color: #800080;\"><img src=\"http://image.shopxx.cn/upload/image/201010/8b27bf821e1e420f8b69b8aae90ed9fc.png\" alt=\"\" /></span></p>\r\n<p><span style=\"font-size: medium; color: #800080;\">&nbsp;</span></p>\r\n<p><span style=\"font-size: medium; color: #800080;\"><img src=\"http://image.shopxx.cn/upload/image/201010/8edb4c7950c240d09b1fa3e700cee82b.png\" alt=\"\" /></span></p>\r\n<p>&nbsp;</p>\r\n<p><span style=\"font-size: medium; color: #800080;\"><img src=\"http://image.shopxx.cn/upload/image/201010/abf72967a0ee4c8e9e43437f8d7f0871.png\" alt=\"\" /></span></p>',1,'/html/product_content/201010/fdf9304db1684e59af51aa46ffbf9af5.html',b'0',b'0',b'1',b'0',99,'保暖内拉绒 男士家居服套装 长袖长裤 睡衣套装 晨练装','','保暖内拉绒 男士家居服套装 长袖长裤 睡衣套装 晨练装',0,68,'[{\"bigProductImagePath\":\"/upload/image/201010/0978bed8ae9f40ab8a1f48da8bc3428e_big.jpg\",\"id\":\"0978bed8ae9f40ab8a1f48da8bc3428e\",\"smallProductImagePath\":\"/upload/image/201010/0978bed8ae9f40ab8a1f48da8bc3428e_small.jpg\",\"sourceProductImagePath\":\"/upload/image/201010/0978bed8ae9f40ab8a1f48da8bc3428e.png\",\"thumbnailProductImagePath\":\"/upload/image/201010/0978bed8ae9f40ab8a1f48da8bc3428e_thumbnail.jpg\"},{\"bigProductImagePath\":\"/upload/image/201010/ce19fd8d2d77403b881ca5a4a82f8401_big.jpg\",\"id\":\"ce19fd8d2d77403b881ca5a4a82f8401\",\"smallProductImagePath\":\"/upload/image/201010/ce19fd8d2d77403b881ca5a4a82f8401_small.jpg\",\"sourceProductImagePath\":\"/upload/image/201010/ce19fd8d2d77403b881ca5a4a82f8401.png\",\"thumbnailProductImagePath\":\"/upload/image/201010/ce19fd8d2d77403b881ca5a4a82f8401_thumbnail.jpg\"}]','SN_9858E06A64DC',100,500,0,'402881882ba8753a012ba98250a001ec','402881882bb2c00c012bb2d0412d0007','402881882ba8753a012ba983fe7f01ed');
INSERT INTO `product` VALUES ('402881882bbdfe19012bbe310ac20004','2010-10-10 19:00:00','2010-10-27 23:57:41','<p>复古风味铁艺烛台</p>\r\n<p>尺寸：16*32.5cm</p>\r\n<p>以上价格不包括蜡烛</p>\r\n<p>设计师用&ldquo;圆&rdquo;这一简单又极其完美的几何图形勾勒出烛台的整体线条，简洁、明快，可谓匠心独具。</p>\r\n<p><span style=\"color: #ff9900; font-size: medium;\"><strong>&nbsp;</strong></span></p>\r\n<p><span style=\"font-size: medium; color: #ff9900;\"><strong><img src=\"http://image.shopxx.cn/upload/image/201010/f3f248e1527949b8a4c514a418d18ab1.png\" alt=\"\" /></strong></span></p>\r\n<p><span style=\"font-size: medium; color: #ff9900;\"><strong>&nbsp;</strong></span></p>\r\n<p><span style=\"font-size: medium; color: #ff9900;\"><strong><img src=\"http://image.shopxx.cn/upload/image/201010/b7b1940231a44a32a9765f5f1b53437a.png\" alt=\"\" /></strong></span></p>\r\n<p><span style=\"font-size: medium; color: #ff9900;\"><strong>&nbsp;</strong></span></p>\r\n<p><span style=\"font-size: medium; color: #ff9900;\"><strong><img src=\"http://image.shopxx.cn/upload/image/201010/e8f67d3bcfb141cfa1ff51015d5140c2.png\" alt=\"\" /></strong></span></p>\r\n<p><span style=\"font-size: medium; color: #ff9900;\"><strong>&nbsp;</strong></span></p>\r\n<p><span style=\"font-size: medium; color: #ff9900;\"><strong><img src=\"http://image.shopxx.cn/upload/image/201010/b276493aaad1477fa65bea97c2703718.png\" alt=\"\" />&nbsp;</strong></span><span style=\"font-size: medium; color: #ff9900;\"><strong><img src=\"http://image.shopxx.cn/upload/image/201010/8c58d815f4784d7f9d464bce2502670d.png\" alt=\"\" /></strong></span></p>',0,'/html/product_content/201010/a54c461332e54688ac7dbc34471fc68e.html',b'0',b'1',b'1',b'0',38,'铁艺蜡烛台00224 婚庆用品 烛光晚餐','','铁艺蜡烛台00224 婚庆用品 烛光晚餐',0,25,'[{\"bigProductImagePath\":\"/upload/image/201010/b7212b14a7774274911f92b77832e527_big.jpg\",\"id\":\"b7212b14a7774274911f92b77832e527\",\"smallProductImagePath\":\"/upload/image/201010/b7212b14a7774274911f92b77832e527_small.jpg\",\"sourceProductImagePath\":\"/upload/image/201010/b7212b14a7774274911f92b77832e527.png\",\"thumbnailProductImagePath\":\"/upload/image/201010/b7212b14a7774274911f92b77832e527_thumbnail.jpg\"},{\"bigProductImagePath\":\"/upload/image/201010/2f7397484e78473fb11192efe9b79205_big.jpg\",\"id\":\"2f7397484e78473fb11192efe9b79205\",\"smallProductImagePath\":\"/upload/image/201010/2f7397484e78473fb11192efe9b79205_small.jpg\",\"sourceProductImagePath\":\"/upload/image/201010/2f7397484e78473fb11192efe9b79205.png\",\"thumbnailProductImagePath\":\"/upload/image/201010/2f7397484e78473fb11192efe9b79205_thumbnail.jpg\"},{\"bigProductImagePath\":\"/upload/image/201010/1ddf5391991c43b495dee04ed2db6412_big.jpg\",\"id\":\"1ddf5391991c43b495dee04ed2db6412\",\"smallProductImagePath\":\"/upload/image/201010/1ddf5391991c43b495dee04ed2db6412_small.jpg\",\"sourceProductImagePath\":\"/upload/image/201010/1ddf5391991c43b495dee04ed2db6412.png\",\"thumbnailProductImagePath\":\"/upload/image/201010/1ddf5391991c43b495dee04ed2db6412_thumbnail.jpg\"},{\"bigProductImagePath\":\"/upload/image/201010/e521a432791a452ebaf5991c6e8ffe40_big.jpg\",\"id\":\"e521a432791a452ebaf5991c6e8ffe40\",\"smallProductImagePath\":\"/upload/image/201010/e521a432791a452ebaf5991c6e8ffe40_small.jpg\",\"sourceProductImagePath\":\"/upload/image/201010/e521a432791a452ebaf5991c6e8ffe40.png\",\"thumbnailProductImagePath\":\"/upload/image/201010/e521a432791a452ebaf5991c6e8ffe40_thumbnail.jpg\"}]','SN_660A1075A58E',100,100,0,'402881882ba8753a012ba98250a001ec','402881882badb4ed012badbb47bc0004',NULL);
UNLOCK TABLES;
CREATE TABLE `product_productattributemapstore` (
  `Product_id` varchar(32) NOT NULL,
  `element` varchar(255) default NULL,
  `mapkey_id` varchar(32) NOT NULL,
  PRIMARY KEY  (`Product_id`,`mapkey_id`),
  KEY `FK7B6203E2B1184188` (`mapkey_id`),
  KEY `FK7B6203E2F4E7D716` (`Product_id`)
) ENGINE=InnoDB DEFAULT CHARSET=utf8;
LOCK TABLES `product_productattributemapstore` WRITE;

INSERT INTO `product_productattributemapstore` VALUES ('402881862bee2228012bee40a24d0008','[\"100\\\\110\\\\120\"]','402881882ba98cce012ba99b018c000c');
INSERT INTO `product_productattributemapstore` VALUES ('402881862bee2228012bee40a24d0008','[\"中性装\"]','402881882ba98cce012ba99b3c14000d');
INSERT INTO `product_productattributemapstore` VALUES ('402881862bee2228012bee40a24d0008','[\"不限季节\"]','402881882ba98cce012ba9a95c4a000e');
INSERT INTO `product_productattributemapstore` VALUES ('402881862bee2228012bee40a24d0008','[\"直筒裤\"]','402881882ba98cce012ba9a989e2000f');
INSERT INTO `product_productattributemapstore` VALUES ('402881862bee2228012bee40a24d0008','[\"如图色\"]','402881882ba98cce012ba9a9bf890010');
INSERT INTO `product_productattributemapstore` VALUES ('402881862bee2228012bee40a24d0008','[\"中腰\"]','402881882ba98cce012ba9a9f57d0011');
INSERT INTO `product_productattributemapstore` VALUES ('402881882badb4ed012badd9c816002d','[\"修身型\"]','402881882ba98cce012ba9920bb90001');
INSERT INTO `product_productattributemapstore` VALUES ('402881882badb4ed012badd9c816002d','[\"长款(80cm<衣长≤100cm)\"]','402881882ba98cce012ba99272240002');
INSERT INTO `product_productattributemapstore` VALUES ('402881882badb4ed012badd9c816002d','[\"长袖\"]','402881882ba98cce012ba9929f5e0003');
INSERT INTO `product_productattributemapstore` VALUES ('402881882badb4ed012badd9c816002d','[\"加厚\"]','402881882ba98cce012ba992fb590004');
INSERT INTO `product_productattributemapstore` VALUES ('402881882badb4ed012badd9c816002d','[\"纯色\"]','402881882ba98cce012ba99348bd0005');
INSERT INTO `product_productattributemapstore` VALUES ('402881882badb4ed012badd9c816002d','[\"棉布\"]','402881882ba98cce012ba993822d0006');
INSERT INTO `product_productattributemapstore` VALUES ('402881882badb4ed012badd9c816002d','[\"韩版\"]','402881882ba98cce012ba993bd420007');
INSERT INTO `product_productattributemapstore` VALUES ('402881882badb4ed012badd9c816002d','[\"淑女\"]','402881882ba98cce012ba99402590008');
INSERT INTO `product_productattributemapstore` VALUES ('402881882badb4ed012badd9c816002d','[\"枣红色  米色  黑色\"]','402881882ba98cce012ba9943e0a0009');
INSERT INTO `product_productattributemapstore` VALUES ('402881882badb4ed012badd9c816002d','[\"M  XXL  L\"]','402881882ba98cce012ba9946eee000a');
INSERT INTO `product_productattributemapstore` VALUES ('402881882badb4ed012badd9c816002d','[\"冬季  秋季  春季\"]','402881882ba98cce012ba994b4a2000b');
INSERT INTO `product_productattributemapstore` VALUES ('402881882badb4ed012bade2263c002e','[\"78厘米（2尺35）\"]','402881882ba98cce012ba99b018c000c');
INSERT INTO `product_productattributemapstore` VALUES ('402881882badb4ed012bade2263c002e','[\"淑女\"]','402881882ba98cce012ba99b3c14000d');
INSERT INTO `product_productattributemapstore` VALUES ('402881882badb4ed012bade2263c002e','[\"夏季  冬季  秋季\"]','402881882ba98cce012ba9a95c4a000e');
INSERT INTO `product_productattributemapstore` VALUES ('402881882badb4ed012bade2263c002e','[\"直筒裤\"]','402881882ba98cce012ba9a989e2000f');
INSERT INTO `product_productattributemapstore` VALUES ('402881882badb4ed012bade2263c002e','[\"黑 \"]','402881882ba98cce012ba9a9bf890010');
INSERT INTO `product_productattributemapstore` VALUES ('402881882badb4ed012bade2263c002e','[\"中腰\"]','402881882ba98cce012ba9a9f57d0011');
INSERT INTO `product_productattributemapstore` VALUES ('402881882badb4ed012badef1f29002f','[\"27码（2尺0）\"]','402881882ba98cce012ba99b018c000c');
INSERT INTO `product_productattributemapstore` VALUES ('402881882badb4ed012badef1f29002f','[\"韩版\"]','402881882ba98cce012ba99b3c14000d');
INSERT INTO `product_productattributemapstore` VALUES ('402881882badb4ed012badef1f29002f','[\"夏季  冬季  秋季\"]','402881882ba98cce012ba9a95c4a000e');
INSERT INTO `product_productattributemapstore` VALUES ('402881882badb4ed012badef1f29002f','[\"小脚/铅笔裤\"]','402881882ba98cce012ba9a989e2000f');
INSERT INTO `product_productattributemapstore` VALUES ('402881882badb4ed012badef1f29002f','[\"修身显瘦正点蓝\"]','402881882ba98cce012ba9a9bf890010');
INSERT INTO `product_productattributemapstore` VALUES ('402881882badb4ed012badef1f29002f','[\"中腰 \"]','402881882ba98cce012ba9a9f57d0011');
INSERT INTO `product_productattributemapstore` VALUES ('402881882badb4ed012badf956a30030','[\"开衫\"]','402881882ba98cce012ba9920bb90001');
INSERT INTO `product_productattributemapstore` VALUES ('402881882badb4ed012badf956a30030','[\"中长款(65cm<衣长≤75cm)\"]','402881882ba98cce012ba99272240002');
INSERT INTO `product_productattributemapstore` VALUES ('402881882badb4ed012badf956a30030','[\"长袖\"]','402881882ba98cce012ba9929f5e0003');
INSERT INTO `product_productattributemapstore` VALUES ('402881882badb4ed012badf956a30030','[\"薄\"]','402881882ba98cce012ba992fb590004');
INSERT INTO `product_productattributemapstore` VALUES ('402881882badb4ed012badf956a30030','[\"纯色\"]','402881882ba98cce012ba99348bd0005');
INSERT INTO `product_productattributemapstore` VALUES ('402881882badb4ed012badf956a30030','[\"棉\"]','402881882ba98cce012ba993822d0006');
INSERT INTO `product_productattributemapstore` VALUES ('402881882badb4ed012badf956a30030','[\"休闲\"]','402881882ba98cce012ba993bd420007');
INSERT INTO `product_productattributemapstore` VALUES ('402881882badb4ed012badf956a30030','[\"紫色\"]','402881882ba98cce012ba9943e0a0009');
INSERT INTO `product_productattributemapstore` VALUES ('402881882badb4ed012badf956a30030','[\"均码\"]','402881882ba98cce012ba9946eee000a');
INSERT INTO `product_productattributemapstore` VALUES ('402881882badb4ed012badf956a30030','[\"秋季\"]','402881882ba98cce012ba994b4a2000b');
INSERT INTO `product_productattributemapstore` VALUES ('402881882badb4ed012badfcdd970031','[\"均码\"]','402881882ba98cce012ba99b018c000c');
INSERT INTO `product_productattributemapstore` VALUES ('402881882badb4ed012badfcdd970031','[\"韩版\"]','402881882ba98cce012ba99b3c14000d');
INSERT INTO `product_productattributemapstore` VALUES ('402881882badb4ed012badfcdd970031','[\"秋季\"]','402881882ba98cce012ba9a95c4a000e');
INSERT INTO `product_productattributemapstore` VALUES ('402881882badb4ed012badfcdd970031','[\"木耳边\"]','402881882ba98cce012ba9a989e2000f');
INSERT INTO `product_productattributemapstore` VALUES ('402881882badb4ed012badfcdd970031','[\"军绿  枣红  灰色\"]','402881882ba98cce012ba9a9bf890010');
INSERT INTO `product_productattributemapstore` VALUES ('402881882badb4ed012bae05c86e0032','[\"S  M  L  XL\"]','402881882ba98cce012ba99b018c000c');
INSERT INTO `product_productattributemapstore` VALUES ('402881882badb4ed012bae05c86e0032','[\"韩版\"]','402881882ba98cce012ba99b3c14000d');
INSERT INTO `product_productattributemapstore` VALUES ('402881882badb4ed012bae05c86e0032','[\"夏季\"]','402881882ba98cce012ba9a95c4a000e');
INSERT INTO `product_productattributemapstore` VALUES ('402881882badb4ed012bae05c86e0032','[\"蝴蝶结\"]','402881882ba98cce012ba9a989e2000f');
INSERT INTO `product_productattributemapstore` VALUES ('402881882badb4ed012bae05c86e0032','[\"黑色、粉红色、白色、灰色\"]','402881882ba98cce012ba9a9bf890010');
INSERT INTO `product_productattributemapstore` VALUES ('402881882badb4ed012bae173b2a0033','[\"尖头\"]','402881882ba98cce012ba9cf90610012');
INSERT INTO `product_productattributemapstore` VALUES ('402881882badb4ed012bae173b2a0033','[\"中跟(3-5cm)\"]','402881882ba98cce012ba9cfe43e0013');
INSERT INTO `product_productattributemapstore` VALUES ('402881882badb4ed012bae173b2a0033','[\"米色  浅蓝色  黑色\"]','402881882ba98cce012ba9d030a90014');
INSERT INTO `product_productattributemapstore` VALUES ('402881882badb4ed012bae173b2a0033','[\"38  36  35\"]','402881882ba98cce012ba9d075a10015');
INSERT INTO `product_productattributemapstore` VALUES ('402881882badb4ed012bae173b2a0033','[\"人造革/PU\"]','402881882ba98cce012ba9d0f7250016');
INSERT INTO `product_productattributemapstore` VALUES ('402881882badb4ed012bae173b2a0033','[\"甜美淑女\"]','402881882ba98cce012ba9d145160017');
INSERT INTO `product_productattributemapstore` VALUES ('402881882badb4ed012bae53f9940034','[\"圆头\"]','402881882ba98cce012ba9cf90610012');
INSERT INTO `product_productattributemapstore` VALUES ('402881882badb4ed012bae53f9940034','[\"平跟\"]','402881882ba98cce012ba9cfe43e0013');
INSERT INTO `product_productattributemapstore` VALUES ('402881882badb4ed012bae53f9940034','[\"黄色  灰色  黑色\"]','402881882ba98cce012ba9d030a90014');
INSERT INTO `product_productattributemapstore` VALUES ('402881882badb4ed012bae53f9940034','[\"38  36  35\"]','402881882ba98cce012ba9d075a10015');
INSERT INTO `product_productattributemapstore` VALUES ('402881882badb4ed012bae53f9940034','[\"牛皮\"]','402881882ba98cce012ba9d0f7250016');
INSERT INTO `product_productattributemapstore` VALUES ('402881882badb4ed012bae53f9940034','[\"流苏靴\"]','402881882ba98cce012ba9d145160017');
INSERT INTO `product_productattributemapstore` VALUES ('402881882badb4ed012bae5dae620035','[\"收腰型（腰围<胸围）\"]','402881882ba98cce012ba9920bb90001');
INSERT INTO `product_productattributemapstore` VALUES ('402881882badb4ed012bae5dae620035','[\"标准长度\"]','402881882ba98cce012ba99272240002');
INSERT INTO `product_productattributemapstore` VALUES ('402881882badb4ed012bae5dae620035','[\"长袖\"]','402881882ba98cce012ba9929f5e0003');
INSERT INTO `product_productattributemapstore` VALUES ('402881882badb4ed012bae5dae620035','[\"纯色\"]','402881882ba98cce012ba99348bd0005');
INSERT INTO `product_productattributemapstore` VALUES ('402881882badb4ed012bae5dae620035','[\"毛混纺布\"]','402881882ba98cce012ba993822d0006');
INSERT INTO `product_productattributemapstore` VALUES ('402881882badb4ed012bae5dae620035','[\"商务休闲\"]','402881882ba98cce012ba993bd420007');
INSERT INTO `product_productattributemapstore` VALUES ('402881882badb4ed012bae5dae620035','[\"青年\"]','402881882ba98cce012ba99402590008');
INSERT INTO `product_productattributemapstore` VALUES ('402881882badb4ed012bae5dae620035','[\"银灰色两粒扣\"]','402881882ba98cce012ba9943e0a0009');
INSERT INTO `product_productattributemapstore` VALUES ('402881882badb4ed012bae5dae620035','[\"170/M……\"]','402881882ba98cce012ba9946eee000a');
INSERT INTO `product_productattributemapstore` VALUES ('402881882badb4ed012bae65af360036','[\"修身型 \"]','402881882ba98cce012ba9920bb90001');
INSERT INTO `product_productattributemapstore` VALUES ('402881882badb4ed012bae65af360036','[\"中长款\"]','402881882ba98cce012ba99272240002');
INSERT INTO `product_productattributemapstore` VALUES ('402881882badb4ed012bae65af360036','[\"长袖\"]','402881882ba98cce012ba9929f5e0003');
INSERT INTO `product_productattributemapstore` VALUES ('402881882badb4ed012bae65af360036','[\"罗纹底摆\"]','402881882ba98cce012ba99348bd0005');
INSERT INTO `product_productattributemapstore` VALUES ('402881882badb4ed012bae65af360036','[\"纯棉\"]','402881882ba98cce012ba993822d0006');
INSERT INTO `product_productattributemapstore` VALUES ('402881882badb4ed012bae65af360036','[\"商务休闲\"]','402881882ba98cce012ba993bd420007');
INSERT INTO `product_productattributemapstore` VALUES ('402881882badb4ed012bae65af360036','[\"青年\"]','402881882ba98cce012ba99402590008');
INSERT INTO `product_productattributemapstore` VALUES ('402881882badb4ed012bae65af360036','[\"深灰  米白\"]','402881882ba98cce012ba9943e0a0009');
INSERT INTO `product_productattributemapstore` VALUES ('402881882badb4ed012bae65af360036','[\"175/L\"]','402881882ba98cce012ba9946eee000a');
INSERT INTO `product_productattributemapstore` VALUES ('402881882badb4ed012bae6e64660037','[\" 圆头\"]','402881882ba98cce012ba9cf90610012');
INSERT INTO `product_productattributemapstore` VALUES ('402881882badb4ed012bae6e64660037','[\"坡跟\"]','402881882ba98cce012ba9cfe43e0013');
INSERT INTO `product_productattributemapstore` VALUES ('402881882badb4ed012bae6e64660037','[\"纯色\"]','402881882ba98cce012ba9d030a90014');
INSERT INTO `product_productattributemapstore` VALUES ('402881882badb4ed012bae6e64660037','[\"40  38  43\"]','402881882ba98cce012ba9d075a10015');
INSERT INTO `product_productattributemapstore` VALUES ('402881882badb4ed012bae6e64660037','[\"真皮头层皮\"]','402881882ba98cce012ba9d0f7250016');
INSERT INTO `product_productattributemapstore` VALUES ('402881882badb4ed012bae6e64660037','[\"正装 \"]','402881882ba98cce012ba9d145160017');
INSERT INTO `product_productattributemapstore` VALUES ('402881882badb4ed012bae74783e0038','[\"中长款 （85cm>衣长≧90cm）\"]','402881882ba98cce012ba99272240002');
INSERT INTO `product_productattributemapstore` VALUES ('402881882badb4ed012bae74783e0038','[\"长袖 （袖长≧58cm)\"]','402881882ba98cce012ba9929f5e0003');
INSERT INTO `product_productattributemapstore` VALUES ('402881882badb4ed012bae74783e0038','[\"无里\"]','402881882ba98cce012ba993822d0006');
INSERT INTO `product_productattributemapstore` VALUES ('402881882badb4ed012bae74783e0038','[\"运动休闲 \"]','402881882ba98cce012ba993bd420007');
INSERT INTO `product_productattributemapstore` VALUES ('402881882badb4ed012bae74783e0038','[\"运动休闲\"]','402881882ba98cce012ba99402590008');
INSERT INTO `product_productattributemapstore` VALUES ('402881882badb4ed012bae74783e0038','[\"黑色银标\"]','402881882ba98cce012ba9943e0a0009');
INSERT INTO `product_productattributemapstore` VALUES ('402881882badb4ed012bae74783e0038','[\"L  XL  2XL\"]','402881882ba98cce012ba9946eee000a');
INSERT INTO `product_productattributemapstore` VALUES ('402881882badb4ed012bae74783e0038','[\"吸湿排汗\"]','402881882badb4ed012badd24ccd0024');
INSERT INTO `product_productattributemapstore` VALUES ('402881882badb4ed012bae7afddc0039','[\"衣裤两件套\"]','402881882ba98cce012ba9920bb90001');
INSERT INTO `product_productattributemapstore` VALUES ('402881882badb4ed012bae7afddc0039','[\"长袖\"]','402881882ba98cce012ba9929f5e0003');
INSERT INTO `product_productattributemapstore` VALUES ('402881882badb4ed012bae7afddc0039','[\"加厚\"]','402881882ba98cce012ba992fb590004');
INSERT INTO `product_productattributemapstore` VALUES ('402881882badb4ed012bae7afddc0039','[\"圆点\"]','402881882ba98cce012ba99348bd0005');
INSERT INTO `product_productattributemapstore` VALUES ('402881882badb4ed012bae7afddc0039','[\"全棉\"]','402881882ba98cce012ba993822d0006');
INSERT INTO `product_productattributemapstore` VALUES ('402881882badb4ed012bae7afddc0039','[\"奢华高贵\"]','402881882ba98cce012ba993bd420007');
INSERT INTO `product_productattributemapstore` VALUES ('402881882badb4ed012bae7afddc0039','[\"女\"]','402881882ba98cce012ba99402590008');
INSERT INTO `product_productattributemapstore` VALUES ('402881882badb4ed012bae7afddc0039','[\"XL  L  XXL\"]','402881882ba98cce012ba9946eee000a');
INSERT INTO `product_productattributemapstore` VALUES ('402881882badb4ed012bae7afddc0039','[\"冬季\"]','402881882ba98cce012ba994b4a2000b');
INSERT INTO `product_productattributemapstore` VALUES ('402881882badb4ed012bae80a9e3003a','[\"黑/白/黄\"]','402881882ba98cce012ba9d030a90014');
INSERT INTO `product_productattributemapstore` VALUES ('402881882badb4ed012bae80a9e3003a','[\"41  45  39 \"]','402881882ba98cce012ba9d075a10015');
INSERT INTO `product_productattributemapstore` VALUES ('402881882badb4ed012bae80a9e3003a','[\"超纤合成革+网布\"]','402881882ba98cce012ba9d0f7250016');
INSERT INTO `product_productattributemapstore` VALUES ('402881882badb4ed012bae80a9e3003a','[\"运动\"]','402881882ba98cce012ba9d145160017');
INSERT INTO `product_productattributemapstore` VALUES ('402881882badb4ed012bae84b624003b','[\"鱼嘴\"]','402881882ba98cce012ba9cf90610012');
INSERT INTO `product_productattributemapstore` VALUES ('402881882badb4ed012bae84b624003b','[\"高跟(6-8cm)\"]','402881882ba98cce012ba9cfe43e0013');
INSERT INTO `product_productattributemapstore` VALUES ('402881882badb4ed012bae84b624003b','[\"东白色  黑色\"]','402881882ba98cce012ba9d030a90014');
INSERT INTO `product_productattributemapstore` VALUES ('402881882badb4ed012bae84b624003b','[\"38  34  36\"]','402881882ba98cce012ba9d075a10015');
INSERT INTO `product_productattributemapstore` VALUES ('402881882badb4ed012bae84b624003b','[\"人造革/PU\"]','402881882ba98cce012ba9d0f7250016');
INSERT INTO `product_productattributemapstore` VALUES ('402881882badb4ed012bae84b624003b','[\"甜美淑女\"]','402881882ba98cce012ba9d145160017');
INSERT INTO `product_productattributemapstore` VALUES ('402881882badb4ed012bae8a3a9e003c','[\"长袖+裤子\"]','402881882ba98cce012ba9920bb90001');
INSERT INTO `product_productattributemapstore` VALUES ('402881882badb4ed012bae8a3a9e003c','[\"长袖\"]','402881882ba98cce012ba9929f5e0003');
INSERT INTO `product_productattributemapstore` VALUES ('402881882badb4ed012bae8a3a9e003c','[\"85%棉 15%涤\"]','402881882ba98cce012ba993822d0006');
INSERT INTO `product_productattributemapstore` VALUES ('402881882badb4ed012bae8a3a9e003c','[\"休闲\"]','402881882ba98cce012ba993bd420007');
INSERT INTO `product_productattributemapstore` VALUES ('402881882badb4ed012bae8a3a9e003c','[\"儿童\"]','402881882ba98cce012ba99402590008');
INSERT INTO `product_productattributemapstore` VALUES ('402881882badb4ed012bae8a3a9e003c','[\"绿色  红色  黄色\"]','402881882ba98cce012ba9943e0a0009');
INSERT INTO `product_productattributemapstore` VALUES ('402881882badb4ed012bae8a3a9e003c','[\"110、 120、 130、 140\"]','402881882ba98cce012ba9946eee000a');
INSERT INTO `product_productattributemapstore` VALUES ('402881882badb4ed012bae8de5c4003d','[\"翻领\"]','402881882ba98cce012ba9920bb90001');
INSERT INTO `product_productattributemapstore` VALUES ('402881882badb4ed012bae8de5c4003d','[\"长袖\"]','402881882ba98cce012ba9929f5e0003');
INSERT INTO `product_productattributemapstore` VALUES ('402881882badb4ed012bae8de5c4003d','[\"薄\"]','402881882ba98cce012ba992fb590004');
INSERT INTO `product_productattributemapstore` VALUES ('402881882badb4ed012bae8de5c4003d','[\"休闲\"]','402881882ba98cce012ba993bd420007');
INSERT INTO `product_productattributemapstore` VALUES ('402881882badb4ed012bae8de5c4003d','[\"男\"]','402881882ba98cce012ba99402590008');
INSERT INTO `product_productattributemapstore` VALUES ('402881882badb4ed012bae8de5c4003d','[\"黑色\"]','402881882ba98cce012ba9943e0a0009');
INSERT INTO `product_productattributemapstore` VALUES ('402881882badb4ed012bae8de5c4003d','[\"110尺码\"]','402881882ba98cce012ba9946eee000a');
INSERT INTO `product_productattributemapstore` VALUES ('402881882badb4ed012bae8de5c4003d','[\"秋季\"]','402881882ba98cce012ba994b4a2000b');
INSERT INTO `product_productattributemapstore` VALUES ('402881882badb4ed012bae925dfe003e','[\"连衣裙\"]','402881882ba98cce012ba9920bb90001');
INSERT INTO `product_productattributemapstore` VALUES ('402881882badb4ed012bae925dfe003e','[\"薄\"]','402881882ba98cce012ba992fb590004');
INSERT INTO `product_productattributemapstore` VALUES ('402881882badb4ed012bae925dfe003e','[\"纯棉\"]','402881882ba98cce012ba993822d0006');
INSERT INTO `product_productattributemapstore` VALUES ('402881882badb4ed012bae925dfe003e','[\"休闲\"]','402881882ba98cce012ba993bd420007');
INSERT INTO `product_productattributemapstore` VALUES ('402881882badb4ed012bae925dfe003e','[\"儿童\"]','402881882ba98cce012ba99402590008');
INSERT INTO `product_productattributemapstore` VALUES ('402881882badb4ed012bae925dfe003e','[\"灰色  蓝色  粉色\"]','402881882ba98cce012ba9943e0a0009');
INSERT INTO `product_productattributemapstore` VALUES ('402881882badb4ed012bae925dfe003e','[\"150码 130-143cm\"]','402881882ba98cce012ba9946eee000a');
INSERT INTO `product_productattributemapstore` VALUES ('402881882badb4ed012bae925dfe003e','[\"春秋季\"]','402881882ba98cce012ba994b4a2000b');
INSERT INTO `product_productattributemapstore` VALUES ('402881882badb4ed012bae9ac452003f','[\"手提包\"]','402881882badb4ed012badcb48b80015');
INSERT INTO `product_productattributemapstore` VALUES ('402881882badb4ed012bae9ac452003f','[\"PU皮\"]','402881882badb4ed012badcba4270016');
INSERT INTO `product_productattributemapstore` VALUES ('402881882badb4ed012bae9ac452003f','[\"甜美淑女\"]','402881882badb4ed012badcbfe1e0017');
INSERT INTO `product_productattributemapstore` VALUES ('402881882badb4ed012bae9ac452003f','[\"桃红 黑色 米色 白色 蓝色\"]','402881882badb4ed012badcc35d80018');
INSERT INTO `product_productattributemapstore` VALUES ('402881882badb4ed012baea137fe0040','[\"纯银\"]','402881882badb4ed012badd348a20027');
INSERT INTO `product_productattributemapstore` VALUES ('402881882badb4ed012baea137fe0040','[\"纯银/925银 \"]','402881882badb4ed012badd37e680028');
INSERT INTO `product_productattributemapstore` VALUES ('402881882badb4ed012baea137fe0040','[\"糖果色/甜美 \"]','402881882badb4ed012badd3a23c0029');
INSERT INTO `product_productattributemapstore` VALUES ('402881882badb4ed012baea137fe0040','[\" 星星/日月/云朵\"]','402881882badb4ed012badd3daff002a');
INSERT INTO `product_productattributemapstore` VALUES ('402881882badb4ed012baea137fe0040','[\"全新\"]','402881882badb4ed012badd40124002b');
INSERT INTO `product_productattributemapstore` VALUES ('402881882badb4ed012baea137fe0040','[\"少女  女青年\"]','402881882badb4ed012badd490f1002c');
INSERT INTO `product_productattributemapstore` VALUES ('402881882badb4ed012baea673d60041','[\"合金/镀银/镀金\"]','402881882badb4ed012badd348a20027');
INSERT INTO `product_productattributemapstore` VALUES ('402881882badb4ed012baea673d60041','[\"银色无耳洞套装\"]','402881882badb4ed012badd37e680028');
INSERT INTO `product_productattributemapstore` VALUES ('402881882badb4ed012baea673d60041','[\"OL风格\"]','402881882badb4ed012badd3a23c0029');
INSERT INTO `product_productattributemapstore` VALUES ('402881882badb4ed012baea673d60041','[\"玫瑰/四叶草/花草\"]','402881882badb4ed012badd3daff002a');
INSERT INTO `product_productattributemapstore` VALUES ('402881882badb4ed012baea673d60041','[\"全新\"]','402881882badb4ed012badd40124002b');
INSERT INTO `product_productattributemapstore` VALUES ('402881882badb4ed012baea673d60041','[\"女青年\"]','402881882badb4ed012badd490f1002c');
INSERT INTO `product_productattributemapstore` VALUES ('402881882badb4ed012baeabbcae0042','[\"修身型\"]','402881882ba98cce012ba9920bb90001');
INSERT INTO `product_productattributemapstore` VALUES ('402881882badb4ed012baeabbcae0042','[\"中长款\"]','402881882ba98cce012ba99272240002');
INSERT INTO `product_productattributemapstore` VALUES ('402881882badb4ed012baeabbcae0042','[\"长袖\"]','402881882ba98cce012ba9929f5e0003');
INSERT INTO `product_productattributemapstore` VALUES ('402881882badb4ed012baeabbcae0042','[\"纯色\"]','402881882ba98cce012ba99348bd0005');
INSERT INTO `product_productattributemapstore` VALUES ('402881882badb4ed012baeabbcae0042','[\"仿呢料\"]','402881882ba98cce012ba993822d0006');
INSERT INTO `product_productattributemapstore` VALUES ('402881882badb4ed012baeabbcae0042','[\"韩版\"]','402881882ba98cce012ba993bd420007');
INSERT INTO `product_productattributemapstore` VALUES ('402881882badb4ed012baeabbcae0042','[\"淑女\"]','402881882ba98cce012ba99402590008');
INSERT INTO `product_productattributemapstore` VALUES ('402881882badb4ed012baeabbcae0042','[\"灰色  黑色  杏色\"]','402881882ba98cce012ba9943e0a0009');
INSERT INTO `product_productattributemapstore` VALUES ('402881882badb4ed012baeabbcae0042','[\"S  M  XXL  L \"]','402881882ba98cce012ba9946eee000a');
INSERT INTO `product_productattributemapstore` VALUES ('402881882badb4ed012baeabbcae0042','[\"冬季  秋季\"]','402881882ba98cce012ba994b4a2000b');
INSERT INTO `product_productattributemapstore` VALUES ('402881882badb4ed012baeb177c90043','[\"长袖\"]','402881882ba98cce012ba9929f5e0003');
INSERT INTO `product_productattributemapstore` VALUES ('402881882badb4ed012baeb177c90043','[\"常规款\"]','402881882ba98cce012ba992fb590004');
INSERT INTO `product_productattributemapstore` VALUES ('402881882badb4ed012baeb177c90043','[\"纯色\"]','402881882ba98cce012ba99348bd0005');
INSERT INTO `product_productattributemapstore` VALUES ('402881882badb4ed012baeb177c90043','[\"兔毛混纺 \"]','402881882ba98cce012ba993822d0006');
INSERT INTO `product_productattributemapstore` VALUES ('402881882badb4ed012baeb177c90043','[\"韩版\"]','402881882ba98cce012ba993bd420007');
INSERT INTO `product_productattributemapstore` VALUES ('402881882badb4ed012baeb177c90043','[\"少女\"]','402881882ba98cce012ba99402590008');
INSERT INTO `product_productattributemapstore` VALUES ('402881882badb4ed012baeb177c90043','[\"粉红\"]','402881882ba98cce012ba9943e0a0009');
INSERT INTO `product_productattributemapstore` VALUES ('402881882badb4ed012baeb177c90043','[\"均码\"]','402881882ba98cce012ba9946eee000a');
INSERT INTO `product_productattributemapstore` VALUES ('402881882badb4ed012baeb177c90043','[\"秋季\"]','402881882ba98cce012ba994b4a2000b');
INSERT INTO `product_productattributemapstore` VALUES ('402881882badb4ed012baeb7de840044','[\"肤色  银灰色  黑色\"]','402881882badb4ed012badcdfc300019');
INSERT INTO `product_productattributemapstore` VALUES ('402881882badb4ed012baeb7de840044','[\"70\"]','402881882badb4ed012badce310b001a');
INSERT INTO `product_productattributemapstore` VALUES ('402881882badb4ed012baeb7de840044','[\"薄模杯\"]','402881882badb4ed012badce969b001b');
INSERT INTO `product_productattributemapstore` VALUES ('402881882badb4ed012baeb7de840044','[\"全棉\"]','402881882badb4ed012badcf00bf001c');
INSERT INTO `product_productattributemapstore` VALUES ('402881882badb4ed012baeb7de840044','[\"锦纶\"]','402881882badb4ed012badcf3462001d');
INSERT INTO `product_productattributemapstore` VALUES ('402881882badb4ed012baeb7de840044','[\"海绵垫\"]','402881882badb4ed012badcf9157001e');
INSERT INTO `product_productattributemapstore` VALUES ('402881882badb4ed012baeb7de840044','[\"有钢圈\"]','402881882badb4ed012badcfc548001f');
INSERT INTO `product_productattributemapstore` VALUES ('402881882badb4ed012baeb7de840044','[\"抹胸式\"]','402881882badb4ed012badcffddc0020');
INSERT INTO `product_productattributemapstore` VALUES ('402881882badb4ed012baeb7de840044','[\"聚拢\"]','402881882badb4ed012badd0633d0021');
INSERT INTO `product_productattributemapstore` VALUES ('402881882badb4ed012baeb7de840044','[\"夏季\"]','402881882badb4ed012badd086940022');
INSERT INTO `product_productattributemapstore` VALUES ('402881882badb4ed012baeb7de840044','[\"简约自然\"]','402881882badb4ed012badd0c3010023');
INSERT INTO `product_productattributemapstore` VALUES ('402881882badb4ed012baebc0d220045','[\"XL  L  M  S\"]','402881882ba98cce012ba99b018c000c');
INSERT INTO `product_productattributemapstore` VALUES ('402881882badb4ed012baebc0d220045','[\"休闲\"]','402881882ba98cce012ba99b3c14000d');
INSERT INTO `product_productattributemapstore` VALUES ('402881882badb4ed012baebc0d220045','[\"平角裤\"]','402881882ba98cce012ba9a989e2000f');
INSERT INTO `product_productattributemapstore` VALUES ('402881882badb4ed012baebc0d220045','[\"浅黄、浅绿\"]','402881882ba98cce012ba9a9bf890010');
INSERT INTO `product_productattributemapstore` VALUES ('402881882badb4ed012baebc0d220045','[\"中腰\"]','402881882ba98cce012ba9a9f57d0011');
INSERT INTO `product_productattributemapstore` VALUES ('402881882badb4ed012baec1f1bd0046','[\"蓝色、黄色\"]','402881882badb4ed012badd37e680028');
INSERT INTO `product_productattributemapstore` VALUES ('402881882badb4ed012baec1f1bd0046','[\"儿童用品\"]','402881882badb4ed012badd3a23c0029');
INSERT INTO `product_productattributemapstore` VALUES ('402881882badb4ed012baec1f1bd0046','[\"直身\"]','402881882badb4ed012badd3daff002a');
INSERT INTO `product_productattributemapstore` VALUES ('402881882badb4ed012baec1f1bd0046','[\"儿童\"]','402881882badb4ed012badd490f1002c');
INSERT INTO `product_productattributemapstore` VALUES ('402881882badb4ed012baec91ca40047','[\"蕾丝\"]','402881882badb4ed012badd348a20027');
INSERT INTO `product_productattributemapstore` VALUES ('402881882badb4ed012baec91ca40047','[\"绿色 \"]','402881882badb4ed012badd37e680028');
INSERT INTO `product_productattributemapstore` VALUES ('402881882badb4ed012baec91ca40047','[\"复古/宫廷\"]','402881882badb4ed012badd3a23c0029');
INSERT INTO `product_productattributemapstore` VALUES ('402881882badb4ed012baec91ca40047','[\"全新\"]','402881882badb4ed012badd40124002b');
INSERT INTO `product_productattributemapstore` VALUES ('402881882badb4ed012baec91ca40047','[\"少女\"]','402881882badb4ed012badd490f1002c');
INSERT INTO `product_productattributemapstore` VALUES ('402881882badb4ed012baed16d5d0048','[\"中长款钱包\"]','402881882badb4ed012badcb48b80015');
INSERT INTO `product_productattributemapstore` VALUES ('402881882badb4ed012baed16d5d0048','[\"PU皮\"]','402881882badb4ed012badcba4270016');
INSERT INTO `product_productattributemapstore` VALUES ('402881882badb4ed012baed16d5d0048','[\"卡通可爱\"]','402881882badb4ed012badcbfe1e0017');
INSERT INTO `product_productattributemapstore` VALUES ('402881882badb4ed012baed16d5d0048','[\"白、红、黑\"]','402881882badb4ed012badcc35d80018');
INSERT INTO `product_productattributemapstore` VALUES ('402881882badb4ed012baed755b10049','[\"牛皮\"]','402881882badb4ed012badd348a20027');
INSERT INTO `product_productattributemapstore` VALUES ('402881882badb4ed012baed755b10049','[\"普通款\"]','402881882badb4ed012badd3daff002a');
INSERT INTO `product_productattributemapstore` VALUES ('402881882badb4ed012baed755b10049','[\"全新\"]','402881882badb4ed012badd40124002b');
INSERT INTO `product_productattributemapstore` VALUES ('402881882badb4ed012baedb8c5e004a','[\"28  31  30\"]','402881882ba98cce012ba99b018c000c');
INSERT INTO `product_productattributemapstore` VALUES ('402881882badb4ed012baedb8c5e004a','[\"韩版\"]','402881882ba98cce012ba99b3c14000d');
INSERT INTO `product_productattributemapstore` VALUES ('402881882badb4ed012baedb8c5e004a','[\"冬季  秋季  春季\"]','402881882ba98cce012ba9a95c4a000e');
INSERT INTO `product_productattributemapstore` VALUES ('402881882badb4ed012baedb8c5e004a','[\"小脚/铅笔裤\"]','402881882ba98cce012ba9a989e2000f');
INSERT INTO `product_productattributemapstore` VALUES ('402881882badb4ed012baedb8c5e004a','[\"黑色  蓝色\"]','402881882ba98cce012ba9a9bf890010');
INSERT INTO `product_productattributemapstore` VALUES ('402881882badb4ed012baedb8c5e004a','[\"中腰\"]','402881882ba98cce012ba9a9f57d0011');
INSERT INTO `product_productattributemapstore` VALUES ('402881882badb4ed012baedb8c5e004a','[\"紧身提臀\"]','402881882badb4ed012badd2799a0025');
INSERT INTO `product_productattributemapstore` VALUES ('402881882badb4ed012baee0c141004b','[\"长袖\"]','402881882ba98cce012ba9929f5e0003');
INSERT INTO `product_productattributemapstore` VALUES ('402881882badb4ed012baee0c141004b','[\"中等\"]','402881882ba98cce012ba992fb590004');
INSERT INTO `product_productattributemapstore` VALUES ('402881882badb4ed012baee0c141004b','[\"纯色\"]','402881882ba98cce012ba99348bd0005');
INSERT INTO `product_productattributemapstore` VALUES ('402881882badb4ed012baee0c141004b','[\" 竹炭纤维\"]','402881882ba98cce012ba993822d0006');
INSERT INTO `product_productattributemapstore` VALUES ('402881882badb4ed012baee0c141004b','[\"男女均可\"]','402881882ba98cce012ba99402590008');
INSERT INTO `product_productattributemapstore` VALUES ('402881882badb4ed012baee0c141004b','[\"性感黑  中国红\"]','402881882ba98cce012ba9943e0a0009');
INSERT INTO `product_productattributemapstore` VALUES ('402881882badb4ed012baee0c141004b','[\"XL  L  M\"]','402881882ba98cce012ba9946eee000a');
INSERT INTO `product_productattributemapstore` VALUES ('402881882badb4ed012baee0c141004b','[\"冬季\"]','402881882ba98cce012ba994b4a2000b');
INSERT INTO `product_productattributemapstore` VALUES ('402881882badb4ed012baee0c141004b','[\"保暖\"]','402881882badb4ed012badd24ccd0024');
INSERT INTO `product_productattributemapstore` VALUES ('402881882badb4ed012baee78acd004c','[\"抹胸型\"]','402881882ba98cce012ba9920bb90001');
INSERT INTO `product_productattributemapstore` VALUES ('402881882badb4ed012baee78acd004c','[\"无袖\"]','402881882ba98cce012ba9929f5e0003');
INSERT INTO `product_productattributemapstore` VALUES ('402881882badb4ed012baee78acd004c','[\"薄\"]','402881882ba98cce012ba992fb590004');
INSERT INTO `product_productattributemapstore` VALUES ('402881882badb4ed012baee78acd004c','[\"纯色\"]','402881882ba98cce012ba99348bd0005');
INSERT INTO `product_productattributemapstore` VALUES ('402881882badb4ed012baee78acd004c','[\"晚装礼服\"]','402881882ba98cce012ba993bd420007');
INSERT INTO `product_productattributemapstore` VALUES ('402881882badb4ed012baee78acd004c','[\"女\"]','402881882ba98cce012ba99402590008');
INSERT INTO `product_productattributemapstore` VALUES ('402881882badb4ed012baee78acd004c','[\"香槟色\"]','402881882ba98cce012ba9943e0a0009');
INSERT INTO `product_productattributemapstore` VALUES ('402881882badb4ed012baee78acd004c','[\"夏季\"]','402881882ba98cce012ba994b4a2000b');
INSERT INTO `product_productattributemapstore` VALUES ('402881882badb4ed012baeece5b6004d','[\"修身型 \"]','402881882ba98cce012ba9920bb90001');
INSERT INTO `product_productattributemapstore` VALUES ('402881882badb4ed012baeece5b6004d','[\"短款\"]','402881882ba98cce012ba99272240002');
INSERT INTO `product_productattributemapstore` VALUES ('402881882badb4ed012baeece5b6004d','[\"长袖\"]','402881882ba98cce012ba9929f5e0003');
INSERT INTO `product_productattributemapstore` VALUES ('402881882badb4ed012baeece5b6004d','[\"纯色\"]','402881882ba98cce012ba99348bd0005');
INSERT INTO `product_productattributemapstore` VALUES ('402881882badb4ed012baeece5b6004d','[\"韩版\"]','402881882ba98cce012ba993bd420007');
INSERT INTO `product_productattributemapstore` VALUES ('402881882badb4ed012baeece5b6004d','[\"女士\"]','402881882ba98cce012ba99402590008');
INSERT INTO `product_productattributemapstore` VALUES ('402881882badb4ed012baeece5b6004d','[\"红色  黄色  象牙白\"]','402881882ba98cce012ba9943e0a0009');
INSERT INTO `product_productattributemapstore` VALUES ('402881882badb4ed012baeece5b6004d','[\"S  M  XS  L\"]','402881882ba98cce012ba9946eee000a');
INSERT INTO `product_productattributemapstore` VALUES ('402881882badb4ed012baeece5b6004d','[\"冬季  秋季\"]','402881882ba98cce012ba994b4a2000b');
INSERT INTO `product_productattributemapstore` VALUES ('402881882bb2c00c012bb3a47a950011','[\"开衫\"]','402881882ba98cce012ba9920bb90001');
INSERT INTO `product_productattributemapstore` VALUES ('402881882bb2c00c012bb3a47a950011','[\"短款\"]','402881882ba98cce012ba99272240002');
INSERT INTO `product_productattributemapstore` VALUES ('402881882bb2c00c012bb3a47a950011','[\"长袖 （袖长≧58cm)\"]','402881882ba98cce012ba9929f5e0003');
INSERT INTO `product_productattributemapstore` VALUES ('402881882bb2c00c012bb3a47a950011','[\"绣花\"]','402881882ba98cce012ba99348bd0005');
INSERT INTO `product_productattributemapstore` VALUES ('402881882bb2c00c012bb3a47a950011','[\"涤纶\"]','402881882ba98cce012ba993822d0006');
INSERT INTO `product_productattributemapstore` VALUES ('402881882bb2c00c012bb3a47a950011','[\"运动休闲\"]','402881882ba98cce012ba993bd420007');
INSERT INTO `product_productattributemapstore` VALUES ('402881882bb2c00c012bb3a47a950011','[\"女士\"]','402881882ba98cce012ba99402590008');
INSERT INTO `product_productattributemapstore` VALUES ('402881882bb2c00c012bb3a47a950011','[\"梅红  黑色  蓝色\"]','402881882ba98cce012ba9943e0a0009');
INSERT INTO `product_productattributemapstore` VALUES ('402881882bb2c00c012bb3a47a950011','[\"XXL  XXXL  XL  L  \"]','402881882ba98cce012ba9946eee000a');
INSERT INTO `product_productattributemapstore` VALUES ('402881882bb2c00c012bb3a47a950011','[\"吸湿排汗\"]','402881882badb4ed012badd24ccd0024');
INSERT INTO `product_productattributemapstore` VALUES ('402881882bbcd2f4012bbd63d1480005','[\"S M XS L XL\"]','402881882ba98cce012ba99b018c000c');
INSERT INTO `product_productattributemapstore` VALUES ('402881882bbcd2f4012bbd63d1480005','[\"韩版 \"]','402881882ba98cce012ba99b3c14000d');
INSERT INTO `product_productattributemapstore` VALUES ('402881882bbcd2f4012bbd63d1480005','[\"冬季  秋季\"]','402881882ba98cce012ba9a95c4a000e');
INSERT INTO `product_productattributemapstore` VALUES ('402881882bbcd2f4012bbd63d1480005','[\"西装裙\"]','402881882ba98cce012ba9a989e2000f');
INSERT INTO `product_productattributemapstore` VALUES ('402881882bbcd2f4012bbd63d1480005','[\"黑色经典 西瓜红 玫红色 驼色 米驼 墨绿沉稳 酒红调情 紫色高贵 咖啡优雅 灰色永恒 藏青内敛 钴蓝幻想\"]','402881882ba98cce012ba9a9bf890010');
INSERT INTO `product_productattributemapstore` VALUES ('402881882bbcd2f4012bbd689a710007','[\"M  S \"]','402881882ba98cce012ba99b018c000c');
INSERT INTO `product_productattributemapstore` VALUES ('402881882bbcd2f4012bbd689a710007','[\"欧美\"]','402881882ba98cce012ba99b3c14000d');
INSERT INTO `product_productattributemapstore` VALUES ('402881882bbcd2f4012bbd689a710007','[\"冬季  秋季 \"]','402881882ba98cce012ba9a95c4a000e');
INSERT INTO `product_productattributemapstore` VALUES ('402881882bbcd2f4012bbd689a710007','[\"其它裤型\"]','402881882ba98cce012ba9a989e2000f');
INSERT INTO `product_productattributemapstore` VALUES ('402881882bbcd2f4012bbd689a710007','[\"军绿灰  深蓝色\"]','402881882ba98cce012ba9a9bf890010');
INSERT INTO `product_productattributemapstore` VALUES ('402881882bbcd2f4012bbd689a710007','[\"中腰\"]','402881882ba98cce012ba9a9f57d0011');
INSERT INTO `product_productattributemapstore` VALUES ('402881882bbcd2f4012bbd6dae2f0008','[\"修身型\"]','402881882ba98cce012ba9920bb90001');
INSERT INTO `product_productattributemapstore` VALUES ('402881882bbcd2f4012bbd6dae2f0008','[\"中长款\"]','402881882ba98cce012ba99272240002');
INSERT INTO `product_productattributemapstore` VALUES ('402881882bbcd2f4012bbd6dae2f0008','[\"长袖\"]','402881882ba98cce012ba9929f5e0003');
INSERT INTO `product_productattributemapstore` VALUES ('402881882bbcd2f4012bbd6dae2f0008','[\"薄\"]','402881882ba98cce012ba992fb590004');
INSERT INTO `product_productattributemapstore` VALUES ('402881882bbcd2f4012bbd6dae2f0008','[\"格子\"]','402881882ba98cce012ba99348bd0005');
INSERT INTO `product_productattributemapstore` VALUES ('402881882bbcd2f4012bbd6dae2f0008','[\"纯棉\"]','402881882ba98cce012ba993822d0006');
INSERT INTO `product_productattributemapstore` VALUES ('402881882bbcd2f4012bbd6dae2f0008','[\"韩版\"]','402881882ba98cce012ba993bd420007');
INSERT INTO `product_productattributemapstore` VALUES ('402881882bbcd2f4012bbd6dae2f0008','[\"淑女\"]','402881882ba98cce012ba99402590008');
INSERT INTO `product_productattributemapstore` VALUES ('402881882bbcd2f4012bbd6dae2f0008','[\"红色  蓝色  灰色\"]','402881882ba98cce012ba9943e0a0009');
INSERT INTO `product_productattributemapstore` VALUES ('402881882bbcd2f4012bbd6dae2f0008','[\"均码 \"]','402881882ba98cce012ba9946eee000a');
INSERT INTO `product_productattributemapstore` VALUES ('402881882bbcd2f4012bbd6dae2f0008','[\"秋季  春季 \"]','402881882ba98cce012ba994b4a2000b');
INSERT INTO `product_productattributemapstore` VALUES ('402881882bbcd2f4012bbd7840ba000a','[\"29（2.23尺） 30（2.31尺） 31（2.39尺） 32（2.46尺） 33（2.54尺） 34（2.62尺） 36（2.77尺）\"]','402881882ba98cce012ba99b018c000c');
INSERT INTO `product_productattributemapstore` VALUES ('402881882bbcd2f4012bbd7840ba000a','[\"时尚休闲 \"]','402881882ba98cce012ba99b3c14000d');
INSERT INTO `product_productattributemapstore` VALUES ('402881882bbcd2f4012bbd7840ba000a','[\"修身型 \"]','402881882ba98cce012ba9a989e2000f');
INSERT INTO `product_productattributemapstore` VALUES ('402881882bbcd2f4012bbd7840ba000a','[\"深蓝偏黑色\"]','402881882ba98cce012ba9a9bf890010');
INSERT INTO `product_productattributemapstore` VALUES ('402881882bbcd2f4012bbd7840ba000a','[\"中腰\"]','402881882ba98cce012ba9a9f57d0011');
INSERT INTO `product_productattributemapstore` VALUES ('402881882bbcd2f4012bbd7d0e48000c','[\"35(2.69尺) 36(2.77尺) 29（2.23尺） 30（2.31尺） 31（2.39尺） 32（2.46尺） 33（2.54尺） 34(2.62尺)\"]','402881882ba98cce012ba99b018c000c');
INSERT INTO `product_productattributemapstore` VALUES ('402881882bbcd2f4012bbd7d0e48000c','[\"商务休闲\"]','402881882ba98cce012ba99b3c14000d');
INSERT INTO `product_productattributemapstore` VALUES ('402881882bbcd2f4012bbd7d0e48000c','[\"直筒裤\"]','402881882ba98cce012ba9a989e2000f');
INSERT INTO `product_productattributemapstore` VALUES ('402881882bbcd2f4012bbd7d0e48000c','[\"低腰\"]','402881882ba98cce012ba9a9f57d0011');
INSERT INTO `product_productattributemapstore` VALUES ('402881882bbcd2f4012bbd826374000e','[\"中统\"]','402881882ba98cce012ba9920bb90001');
INSERT INTO `product_productattributemapstore` VALUES ('402881882bbcd2f4012bbd826374000e','[\"中等\"]','402881882ba98cce012ba992fb590004');
INSERT INTO `product_productattributemapstore` VALUES ('402881882bbcd2f4012bbd826374000e','[\"纯色 \"]','402881882ba98cce012ba99348bd0005');
INSERT INTO `product_productattributemapstore` VALUES ('402881882bbcd2f4012bbd826374000e','[\"棉\"]','402881882ba98cce012ba993822d0006');
INSERT INTO `product_productattributemapstore` VALUES ('402881882bbcd2f4012bbd826374000e','[\"运动男袜\"]','402881882ba98cce012ba993bd420007');
INSERT INTO `product_productattributemapstore` VALUES ('402881882bbcd2f4012bbd826374000e','[\"男\"]','402881882ba98cce012ba99402590008');
INSERT INTO `product_productattributemapstore` VALUES ('402881882bbcd2f4012bbd826374000e','[\"灰色  白色\"]','402881882ba98cce012ba9943e0a0009');
INSERT INTO `product_productattributemapstore` VALUES ('402881882bbcd2f4012bbd826374000e','[\" 42-46码\"]','402881882ba98cce012ba9946eee000a');
INSERT INTO `product_productattributemapstore` VALUES ('402881882bbcd2f4012bbd826374000e','[\"秋季\"]','402881882ba98cce012ba994b4a2000b');
INSERT INTO `product_productattributemapstore` VALUES ('402881882bbcd2f4012bbd826374000e','[\"防臭\"]','402881882badb4ed012badd24ccd0024');
INSERT INTO `product_productattributemapstore` VALUES ('402881882bbdfe19012bbe080cdd0001','[\"男士浅灰-简装 男士深灰-简装 男士藏青-简装\"]','402881882badb4ed012badcdfc300019');
INSERT INTO `product_productattributemapstore` VALUES ('402881882bbdfe19012bbe080cdd0001','[\"185\"]','402881882badb4ed012badce310b001a');
INSERT INTO `product_productattributemapstore` VALUES ('402881882bbdfe19012bbe080cdd0001','[\"加厚\"]','402881882badb4ed012badce969b001b');
INSERT INTO `product_productattributemapstore` VALUES ('402881882bbdfe19012bbe080cdd0001','[\"涤纶\"]','402881882badb4ed012badcf00bf001c');
INSERT INTO `product_productattributemapstore` VALUES ('402881882bbdfe19012bbe080cdd0001','[\"羊毛、棉、涤纶\"]','402881882badb4ed012badcf3462001d');
INSERT INTO `product_productattributemapstore` VALUES ('402881882bbdfe19012bbe080cdd0001','[\"保暖\"]','402881882badb4ed012badd0633d0021');
INSERT INTO `product_productattributemapstore` VALUES ('402881882bbdfe19012bbe080cdd0001','[\"冬季\"]','402881882badb4ed012badd086940022');
INSERT INTO `product_productattributemapstore` VALUES ('402881882bbdfe19012bbe0f12880002','[\"XL  L  XXL \"]','402881882ba98cce012ba99b018c000c');
INSERT INTO `product_productattributemapstore` VALUES ('402881882bbdfe19012bbe0f12880002','[\"平角裤\"]','402881882ba98cce012ba9a989e2000f');
INSERT INTO `product_productattributemapstore` VALUES ('402881882bbdfe19012bbe0f12880002','[\"灰色  黑\"]','402881882ba98cce012ba9a9bf890010');
INSERT INTO `product_productattributemapstore` VALUES ('402881882bbdfe19012bbe0f12880002','[\"中腰\"]','402881882ba98cce012ba9a9f57d0011');
INSERT INTO `product_productattributemapstore` VALUES ('402881882bbdfe19012bbe1472430003','[\"衣裤两件套\"]','402881882ba98cce012ba9920bb90001');
INSERT INTO `product_productattributemapstore` VALUES ('402881882bbdfe19012bbe1472430003','[\"长袖\"]','402881882ba98cce012ba9929f5e0003');
INSERT INTO `product_productattributemapstore` VALUES ('402881882bbdfe19012bbe1472430003','[\"中等\"]','402881882ba98cce012ba992fb590004');
INSERT INTO `product_productattributemapstore` VALUES ('402881882bbdfe19012bbe1472430003','[\"纯色\"]','402881882ba98cce012ba99348bd0005');
INSERT INTO `product_productattributemapstore` VALUES ('402881882bbdfe19012bbe1472430003','[\"针织\"]','402881882ba98cce012ba993822d0006');
INSERT INTO `product_productattributemapstore` VALUES ('402881882bbdfe19012bbe1472430003','[\"运动休闲\"]','402881882ba98cce012ba993bd420007');
INSERT INTO `product_productattributemapstore` VALUES ('402881882bbdfe19012bbe1472430003','[\"男\"]','402881882ba98cce012ba99402590008');
INSERT INTO `product_productattributemapstore` VALUES ('402881882bbdfe19012bbe1472430003','[\"浅灰 \"]','402881882ba98cce012ba9943e0a0009');
INSERT INTO `product_productattributemapstore` VALUES ('402881882bbdfe19012bbe1472430003','[\" L  M\"]','402881882ba98cce012ba9946eee000a');
INSERT INTO `product_productattributemapstore` VALUES ('402881882bbdfe19012bbe1472430003','[\"秋季\"]','402881882ba98cce012ba994b4a2000b');
INSERT INTO `product_productattributemapstore` VALUES ('402881882bbdfe19012bbe1472430003','[\"家居休闲\"]','402881882badb4ed012badd24ccd0024');
UNLOCK TABLES;
CREATE TABLE `productattribute` (
  `id` varchar(32) NOT NULL,
  `createDate` datetime default NULL,
  `modifyDate` datetime default NULL,
  `attributeOptionStore` varchar(255) default NULL,
  `attributeType` int(11) NOT NULL,
  `isEnabled` bit(1) NOT NULL,
  `isRequired` bit(1) NOT NULL,
  `name` varchar(255) NOT NULL,
  `orderList` int(11) NOT NULL,
  `productType_id` varchar(32) NOT NULL,
  PRIMARY KEY  (`id`),
  UNIQUE KEY `name` (`name`,`productType_id`),
  KEY `FKDDC65E8D738B3AF6` (`productType_id`)
) ENGINE=InnoDB DEFAULT CHARSET=utf8;
LOCK TABLES `productattribute` WRITE;

INSERT INTO `productattribute` VALUES ('402881882ba98cce012ba9920bb90001','2010-10-14 15:09:02','2010-10-16 10:02:04',NULL,0,b'1',b'0','款式',0,'402881882ba8753a012ba983fe7f01ed');
INSERT INTO `productattribute` VALUES ('402881882ba98cce012ba99272240002','2010-10-14 15:09:28','2010-10-14 15:09:28',NULL,0,b'1',b'0','衣长',0,'402881882ba8753a012ba983fe7f01ed');
INSERT INTO `productattribute` VALUES ('402881882ba98cce012ba9929f5e0003','2010-10-14 15:09:40','2010-10-14 15:09:40',NULL,0,b'1',b'0','袖长',0,'402881882ba8753a012ba983fe7f01ed');
INSERT INTO `productattribute` VALUES ('402881882ba98cce012ba992fb590004','2010-10-14 15:10:03','2010-10-14 15:10:03',NULL,0,b'1',b'0','厚薄',0,'402881882ba8753a012ba983fe7f01ed');
INSERT INTO `productattribute` VALUES ('402881882ba98cce012ba99348bd0005','2010-10-14 15:10:23','2010-10-14 15:10:23',NULL,0,b'1',b'0','图案',0,'402881882ba8753a012ba983fe7f01ed');
INSERT INTO `productattribute` VALUES ('402881882ba98cce012ba993822d0006','2010-10-14 15:10:38','2010-10-14 15:10:38',NULL,0,b'1',b'0','面料',0,'402881882ba8753a012ba983fe7f01ed');
INSERT INTO `productattribute` VALUES ('402881882ba98cce012ba993bd420007','2010-10-14 15:10:53','2010-10-14 15:10:53',NULL,0,b'1',b'0','风格',0,'402881882ba8753a012ba983fe7f01ed');
INSERT INTO `productattribute` VALUES ('402881882ba98cce012ba99402590008','2010-10-14 15:11:10','2010-10-14 15:11:10',NULL,0,b'1',b'0','适合人群',0,'402881882ba8753a012ba983fe7f01ed');
INSERT INTO `productattribute` VALUES ('402881882ba98cce012ba9943e0a0009','2010-10-14 15:11:26','2010-10-14 15:11:26',NULL,0,b'1',b'0','颜色',0,'402881882ba8753a012ba983fe7f01ed');
INSERT INTO `productattribute` VALUES ('402881882ba98cce012ba9946eee000a','2010-10-14 15:11:38','2010-10-14 15:11:38',NULL,0,b'1',b'0','尺码',0,'402881882ba8753a012ba983fe7f01ed');
INSERT INTO `productattribute` VALUES ('402881882ba98cce012ba994b4a2000b','2010-10-14 15:11:56','2010-10-14 15:11:56',NULL,0,b'1',b'0','季节',0,'402881882ba8753a012ba983fe7f01ed');
INSERT INTO `productattribute` VALUES ('402881882ba98cce012ba99b018c000c','2010-10-14 15:18:49','2010-10-14 15:18:49',NULL,0,b'1',b'0','尺寸',0,'402881882ba8753a012ba984305c01ee');
INSERT INTO `productattribute` VALUES ('402881882ba98cce012ba99b3c14000d','2010-10-14 15:19:04','2010-10-14 15:19:04',NULL,0,b'1',b'0','风格',0,'402881882ba8753a012ba984305c01ee');
INSERT INTO `productattribute` VALUES ('402881882ba98cce012ba9a95c4a000e','2010-10-14 15:34:30','2010-10-14 15:34:30',NULL,0,b'1',b'0','季节',0,'402881882ba8753a012ba984305c01ee');
INSERT INTO `productattribute` VALUES ('402881882ba98cce012ba9a989e2000f','2010-10-14 15:34:41','2010-10-14 15:34:41',NULL,0,b'1',b'0','款式',0,'402881882ba8753a012ba984305c01ee');
INSERT INTO `productattribute` VALUES ('402881882ba98cce012ba9a9bf890010','2010-10-14 15:34:55','2010-10-14 15:34:55',NULL,0,b'1',b'0','颜色',0,'402881882ba8753a012ba984305c01ee');
INSERT INTO `productattribute` VALUES ('402881882ba98cce012ba9a9f57d0011','2010-10-14 15:35:09','2010-10-14 15:35:09',NULL,0,b'1',b'0','裤腰',0,'402881882ba8753a012ba984305c01ee');
INSERT INTO `productattribute` VALUES ('402881882ba98cce012ba9cf90610012','2010-10-14 16:16:13','2010-10-14 16:16:13',NULL,0,b'1',b'0','鞋头',0,'402881882ba8753a012ba985432401f2');
INSERT INTO `productattribute` VALUES ('402881882ba98cce012ba9cfe43e0013','2010-10-14 16:16:35','2010-10-14 16:16:35',NULL,0,b'1',b'0','跟高',0,'402881882ba8753a012ba985432401f2');
INSERT INTO `productattribute` VALUES ('402881882ba98cce012ba9d030a90014','2010-10-14 16:16:54','2010-10-14 16:16:54',NULL,0,b'1',b'0','颜色',0,'402881882ba8753a012ba985432401f2');
INSERT INTO `productattribute` VALUES ('402881882ba98cce012ba9d075a10015','2010-10-14 16:17:12','2010-10-14 16:17:12',NULL,0,b'1',b'0','尺码',0,'402881882ba8753a012ba985432401f2');
INSERT INTO `productattribute` VALUES ('402881882ba98cce012ba9d0f7250016','2010-10-14 16:17:45','2010-10-14 16:17:45',NULL,0,b'1',b'0','鞋面材质',0,'402881882ba8753a012ba985432401f2');
INSERT INTO `productattribute` VALUES ('402881882ba98cce012ba9d145160017','2010-10-14 16:18:05','2010-10-14 16:18:05',NULL,0,b'1',b'0','风格',0,'402881882ba8753a012ba985432401f2');
INSERT INTO `productattribute` VALUES ('402881882badb4ed012badcb48b80015','2010-10-15 10:50:02','2010-10-15 10:50:02',NULL,0,b'1',b'0','款式',0,'402881882ba8753a012ba9855f1801f3');
INSERT INTO `productattribute` VALUES ('402881882badb4ed012badcba4270016','2010-10-15 10:50:25','2010-10-15 10:50:25',NULL,0,b'1',b'0','质地',0,'402881882ba8753a012ba9855f1801f3');
INSERT INTO `productattribute` VALUES ('402881882badb4ed012badcbfe1e0017','2010-10-15 10:50:48','2010-10-15 10:50:48',NULL,0,b'1',b'0','风格',0,'402881882ba8753a012ba9855f1801f3');
INSERT INTO `productattribute` VALUES ('402881882badb4ed012badcc35d80018','2010-10-15 10:51:03','2010-10-15 10:51:03',NULL,0,b'1',b'0','颜色',0,'402881882ba8753a012ba9855f1801f3');
INSERT INTO `productattribute` VALUES ('402881882badb4ed012badcdfc300019','2010-10-15 10:52:59','2010-10-15 10:52:59',NULL,0,b'1',b'0','颜色',0,'402881882ba8753a012ba984b06901f0');
INSERT INTO `productattribute` VALUES ('402881882badb4ed012badce310b001a','2010-10-15 10:53:12','2010-10-19 09:58:32',NULL,0,b'1',b'0','尺寸',0,'402881882ba8753a012ba984b06901f0');
INSERT INTO `productattribute` VALUES ('402881882badb4ed012badce969b001b','2010-10-15 10:53:38','2010-10-15 10:53:38',NULL,0,b'1',b'0','厚度',0,'402881882ba8753a012ba984b06901f0');
INSERT INTO `productattribute` VALUES ('402881882badb4ed012badcf00bf001c','2010-10-15 10:54:06','2010-10-15 10:54:06',NULL,0,b'1',b'0','里料材质',0,'402881882ba8753a012ba984b06901f0');
INSERT INTO `productattribute` VALUES ('402881882badb4ed012badcf3462001d','2010-10-15 10:54:19','2010-10-15 10:54:19',NULL,0,b'1',b'0','面料材质',0,'402881882ba8753a012ba984b06901f0');
INSERT INTO `productattribute` VALUES ('402881882badb4ed012badcf9157001e','2010-10-15 10:54:43','2010-10-15 10:54:43',NULL,0,b'1',b'0','插片',0,'402881882ba8753a012ba984b06901f0');
INSERT INTO `productattribute` VALUES ('402881882badb4ed012badcfc548001f','2010-10-15 10:54:56','2010-10-15 10:54:56',NULL,0,b'1',b'0','钢圈',0,'402881882ba8753a012ba984b06901f0');
INSERT INTO `productattribute` VALUES ('402881882badb4ed012badcffddc0020','2010-10-15 10:55:10','2010-10-15 10:55:10',NULL,0,b'1',b'0','外形设计',0,'402881882ba8753a012ba984b06901f0');
INSERT INTO `productattribute` VALUES ('402881882badb4ed012badd0633d0021','2010-10-15 10:55:36','2010-10-15 10:55:36',NULL,0,b'1',b'0','功能',0,'402881882ba8753a012ba984b06901f0');
INSERT INTO `productattribute` VALUES ('402881882badb4ed012badd086940022','2010-10-15 10:55:45','2010-10-15 10:55:45',NULL,0,b'1',b'0','季节',0,'402881882ba8753a012ba984b06901f0');
INSERT INTO `productattribute` VALUES ('402881882badb4ed012badd0c3010023','2010-10-15 10:56:01','2010-10-15 10:56:01',NULL,0,b'1',b'0','风格',0,'402881882ba8753a012ba984b06901f0');
INSERT INTO `productattribute` VALUES ('402881882badb4ed012badd24ccd0024','2010-10-15 10:57:42','2010-10-15 10:57:42',NULL,0,b'1',b'0','功能',0,'402881882ba8753a012ba983fe7f01ed');
INSERT INTO `productattribute` VALUES ('402881882badb4ed012badd2799a0025','2010-10-15 10:57:53','2010-10-15 10:57:53',NULL,0,b'1',b'0','功能',0,'402881882ba8753a012ba984305c01ee');
INSERT INTO `productattribute` VALUES ('402881882badb4ed012badd348a20027','2010-10-15 10:58:46','2010-10-15 10:58:46',NULL,0,b'1',b'0','材质',0,'402881882badb4ed012badd30afd0026');
INSERT INTO `productattribute` VALUES ('402881882badb4ed012badd37e680028','2010-10-15 10:59:00','2010-10-15 10:59:00',NULL,0,b'1',b'0','颜色',0,'402881882badb4ed012badd30afd0026');
INSERT INTO `productattribute` VALUES ('402881882badb4ed012badd3a23c0029','2010-10-15 10:59:09','2010-10-15 10:59:09',NULL,0,b'1',b'0','风格',0,'402881882badb4ed012badd30afd0026');
INSERT INTO `productattribute` VALUES ('402881882badb4ed012badd3daff002a','2010-10-15 10:59:24','2010-10-15 10:59:24',NULL,0,b'1',b'0','形状',0,'402881882badb4ed012badd30afd0026');
INSERT INTO `productattribute` VALUES ('402881882badb4ed012badd40124002b','2010-10-15 10:59:33','2010-10-15 10:59:33',NULL,0,b'1',b'0','成色',0,'402881882badb4ed012badd30afd0026');
INSERT INTO `productattribute` VALUES ('402881882badb4ed012badd490f1002c','2010-10-15 11:00:10','2010-10-15 11:00:10',NULL,0,b'1',b'0','适合人群',0,'402881882badb4ed012badd30afd0026');
UNLOCK TABLES;
CREATE TABLE `productcategory` (
  `id` varchar(32) NOT NULL,
  `createDate` datetime default NULL,
  `modifyDate` datetime default NULL,
  `metaDescription` text,
  `metaKeywords` text,
  `name` varchar(255) NOT NULL,
  `orderList` int(11) NOT NULL,
  `path` text,
  `parent_id` varchar(32) default NULL,
  PRIMARY KEY  (`id`),
  KEY `FKD05546EDB2990399` (`parent_id`)
) ENGINE=InnoDB DEFAULT CHARSET=utf8;
LOCK TABLES `productcategory` WRITE;

INSERT INTO `productcategory` VALUES ('402881882ba8753a012ba952154601c0','2010-10-14 13:59:10','2010-10-15 10:37:51','魅力男装','男装','魅力男装',2,'402881882ba8753a012ba952154601c0',NULL);
INSERT INTO `productcategory` VALUES ('402881882ba8753a012ba9545eb901c1','2010-10-14 14:01:40','2010-10-15 10:37:44','潮流女装','女装','潮流女装',1,'402881882ba8753a012ba9545eb901c1',NULL);
INSERT INTO `productcategory` VALUES ('402881882ba8753a012ba954f95301c2','2010-10-14 14:02:19','2010-10-15 10:38:20','精美配饰','','精美配饰',5,'402881882ba8753a012ba954f95301c2',NULL);
INSERT INTO `productcategory` VALUES ('402881882ba8753a012ba955ca2001c4','2010-10-14 14:03:13','2010-10-15 10:38:13','童装母婴','','童装母婴',4,'402881882ba8753a012ba955ca2001c4',NULL);
INSERT INTO `productcategory` VALUES ('402881882ba8753a012ba959283f01c5','2010-10-14 14:06:54','2010-10-15 11:07:10','','','上装',1,'402881882ba8753a012ba952154601c0,402881882ba8753a012ba959283f01c5','402881882ba8753a012ba952154601c0');
INSERT INTO `productcategory` VALUES ('402881882ba8753a012ba9595c4f01c6','2010-10-14 14:07:07','2010-10-15 11:07:22','','','下装',2,'402881882ba8753a012ba952154601c0,402881882ba8753a012ba9595c4f01c6','402881882ba8753a012ba952154601c0');
INSERT INTO `productcategory` VALUES ('402881882ba8753a012ba9599d2101c7','2010-10-14 14:07:23','2010-10-15 11:07:30','','','运动套装',3,'402881882ba8753a012ba952154601c0,402881882ba8753a012ba9599d2101c7','402881882ba8753a012ba952154601c0');
INSERT INTO `productcategory` VALUES ('402881882ba8753a012ba959deed01c8','2010-10-14 14:07:40','2010-10-15 11:06:48','','','上装',1,'402881882ba8753a012ba9545eb901c1,402881882ba8753a012ba959deed01c8','402881882ba8753a012ba9545eb901c1');
INSERT INTO `productcategory` VALUES ('402881882ba8753a012ba95a25d901c9','2010-10-14 14:07:58','2010-10-15 11:06:56','','','下装',2,'402881882ba8753a012ba9545eb901c1,402881882ba8753a012ba95a25d901c9','402881882ba8753a012ba9545eb901c1');
INSERT INTO `productcategory` VALUES ('402881882ba8753a012ba95b38d001ca','2010-10-14 14:09:09','2010-10-16 10:26:25','','','内衣服',4,'402881882ba8753a012ba9545eb901c1,402881882ba8753a012ba95b38d001ca','402881882ba8753a012ba9545eb901c1');
INSERT INTO `productcategory` VALUES ('402881882ba8753a012ba95d56ae01cc','2010-10-14 14:11:28','2010-10-15 10:38:04','','','时尚鞋包',3,'402881882ba8753a012ba95d56ae01cc',NULL);
INSERT INTO `productcategory` VALUES ('402881882ba8753a012ba95eabbf01cd','2010-10-14 14:12:55','2010-10-14 14:12:55','','','童装',0,'402881882ba8753a012ba955ca2001c4,402881882ba8753a012ba95eabbf01cd','402881882ba8753a012ba955ca2001c4');
INSERT INTO `productcategory` VALUES ('402881882ba8753a012ba95eeb3901ce','2010-10-14 14:13:11','2010-10-14 14:13:11','','','日用品',0,'402881882ba8753a012ba955ca2001c4,402881882ba8753a012ba95eeb3901ce','402881882ba8753a012ba955ca2001c4');
INSERT INTO `productcategory` VALUES ('402881882ba8753a012ba96010dd01cf','2010-10-14 14:14:26','2010-10-15 11:07:39','','','靓鞋',0,'402881882ba8753a012ba95d56ae01cc,402881882ba8753a012ba96010dd01cf','402881882ba8753a012ba95d56ae01cc');
INSERT INTO `productcategory` VALUES ('402881882ba8753a012ba96049b001d0','2010-10-14 14:14:41','2010-10-15 11:07:48','','','精品包',1,'402881882ba8753a012ba95d56ae01cc,402881882ba8753a012ba96049b001d0','402881882ba8753a012ba95d56ae01cc');
INSERT INTO `productcategory` VALUES ('402881882badb4ed012badbb47bc0004','2010-10-15 10:32:33','2010-10-15 10:38:26','生活用品','用品','家居用品',6,'402881882badb4ed012badbb47bc0004',NULL);
INSERT INTO `productcategory` VALUES ('402881882badb4ed012badbc062a0005','2010-10-15 10:33:22','2010-10-15 10:33:22','','','西服',0,'402881882ba8753a012ba952154601c0,402881882ba8753a012ba959283f01c5,402881882badb4ed012badbc062a0005','402881882ba8753a012ba959283f01c5');
INSERT INTO `productcategory` VALUES ('402881882badb4ed012badbc379b0006','2010-10-15 10:33:34','2010-10-15 10:33:34','','','毛衣',0,'402881882ba8753a012ba952154601c0,402881882ba8753a012ba959283f01c5,402881882badb4ed012badbc379b0006','402881882ba8753a012ba959283f01c5');
INSERT INTO `productcategory` VALUES ('402881882badb4ed012badbc8b970007','2010-10-15 10:33:56','2010-10-15 10:33:56','','','针织衫',0,'402881882ba8753a012ba9545eb901c1,402881882ba8753a012ba959deed01c8,402881882badb4ed012badbc8b970007','402881882ba8753a012ba959deed01c8');
INSERT INTO `productcategory` VALUES ('402881882badb4ed012badbcf9d10008','2010-10-15 10:34:24','2010-10-15 10:34:24','','','内衣',0,'402881882ba8753a012ba9545eb901c1,402881882ba8753a012ba95b38d001ca,402881882badb4ed012badbcf9d10008','402881882ba8753a012ba95b38d001ca');
INSERT INTO `productcategory` VALUES ('402881882badb4ed012badbd1e030009','2010-10-15 10:34:33','2010-10-15 10:34:33','','','睡衣',0,'402881882ba8753a012ba9545eb901c1,402881882ba8753a012ba95b38d001ca,402881882badb4ed012badbd1e030009','402881882ba8753a012ba95b38d001ca');
INSERT INTO `productcategory` VALUES ('402881882badb4ed012badbe041d000a','2010-10-15 10:35:32','2010-10-15 10:35:32','','','内裤',0,'402881882ba8753a012ba9545eb901c1,402881882ba8753a012ba95b38d001ca,402881882badb4ed012badbe041d000a','402881882ba8753a012ba95b38d001ca');
INSERT INTO `productcategory` VALUES ('402881882badb4ed012badbe55f6000b','2010-10-15 10:35:53','2010-10-15 10:35:53','','','牛仔裤',0,'402881882ba8753a012ba9545eb901c1,402881882ba8753a012ba95a25d901c9,402881882badb4ed012badbe55f6000b','402881882ba8753a012ba95a25d901c9');
INSERT INTO `productcategory` VALUES ('402881882badb4ed012badbf611d000c','2010-10-15 10:37:02','2010-10-15 10:37:02','','','单鞋',0,'402881882ba8753a012ba95d56ae01cc,402881882ba8753a012ba96010dd01cf,402881882badb4ed012badbf611d000c','402881882ba8753a012ba96010dd01cf');
INSERT INTO `productcategory` VALUES ('402881882badb4ed012badbf89a4000d','2010-10-15 10:37:12','2010-10-15 10:37:12','','','运动鞋',0,'402881882ba8753a012ba95d56ae01cc,402881882ba8753a012ba96010dd01cf,402881882badb4ed012badbf89a4000d','402881882ba8753a012ba96010dd01cf');
INSERT INTO `productcategory` VALUES ('402881882badb4ed012badbfaf2d000e','2010-10-15 10:37:22','2010-10-15 10:37:22','','','皮鞋',0,'402881882ba8753a012ba95d56ae01cc,402881882ba8753a012ba96010dd01cf,402881882badb4ed012badbfaf2d000e','402881882ba8753a012ba96010dd01cf');
INSERT INTO `productcategory` VALUES ('402881882badb4ed012badc339000010','2010-10-15 10:41:13','2010-10-15 10:41:13','','','风衣',0,'402881882ba8753a012ba9545eb901c1,402881882ba8753a012ba959deed01c8,402881882badb4ed012badc339000010','402881882ba8753a012ba959deed01c8');
INSERT INTO `productcategory` VALUES ('402881882badb4ed012badc435040011','2010-10-15 10:42:18','2010-10-16 10:08:34','','','时装裤',0,'402881882ba8753a012ba9545eb901c1,402881882ba8753a012ba95a25d901c9,402881882badb4ed012badc435040011','402881882ba8753a012ba95a25d901c9');
INSERT INTO `productcategory` VALUES ('402881882bb2c00c012bb2ca78180001','2010-10-16 10:07:14','2010-10-16 10:26:16','','','裙服',3,'402881882ba8753a012ba9545eb901c1,402881882bb2c00c012bb2ca78180001','402881882ba8753a012ba9545eb901c1');
INSERT INTO `productcategory` VALUES ('402881882bb2c00c012bb2ce22060002','2010-10-16 10:11:15','2010-10-16 10:11:15','','','内衣服',4,'402881882ba8753a012ba952154601c0,402881882bb2c00c012bb2ce22060002','402881882ba8753a012ba952154601c0');
INSERT INTO `productcategory` VALUES ('402881882bb2c00c012bb2cedd660003','2010-10-16 10:12:03','2010-10-16 10:12:03','','','牛仔裤',0,'402881882ba8753a012ba952154601c0,402881882ba8753a012ba9595c4f01c6,402881882bb2c00c012bb2cedd660003','402881882ba8753a012ba9595c4f01c6');
INSERT INTO `productcategory` VALUES ('402881882bb2c00c012bb2cf0f830004','2010-10-16 10:12:15','2010-10-16 10:12:15','','','西裤',0,'402881882ba8753a012ba952154601c0,402881882ba8753a012ba9595c4f01c6,402881882bb2c00c012bb2cf0f830004','402881882ba8753a012ba9595c4f01c6');
INSERT INTO `productcategory` VALUES ('402881882bb2c00c012bb2cfc9da0005','2010-10-16 10:13:03','2010-10-16 10:13:03','','','内衣',0,'402881882ba8753a012ba952154601c0,402881882bb2c00c012bb2ce22060002,402881882bb2c00c012bb2cfc9da0005','402881882bb2c00c012bb2ce22060002');
INSERT INTO `productcategory` VALUES ('402881882bb2c00c012bb2cffa7f0006','2010-10-16 10:13:16','2010-10-16 10:13:16','','','内裤',0,'402881882ba8753a012ba952154601c0,402881882bb2c00c012bb2ce22060002,402881882bb2c00c012bb2cffa7f0006','402881882bb2c00c012bb2ce22060002');
INSERT INTO `productcategory` VALUES ('402881882bb2c00c012bb2d0412d0007','2010-10-16 10:13:34','2010-10-16 10:13:34','','','睡衣',0,'402881882ba8753a012ba952154601c0,402881882bb2c00c012bb2ce22060002,402881882bb2c00c012bb2d0412d0007','402881882bb2c00c012bb2ce22060002');
INSERT INTO `productcategory` VALUES ('402881882bb2c00c012bb2d0d9e20008','2010-10-16 10:14:13','2010-10-16 10:14:13','','','衬衫',0,'402881882ba8753a012ba9545eb901c1,402881882ba8753a012ba959deed01c8,402881882bb2c00c012bb2d0d9e20008','402881882ba8753a012ba959deed01c8');
INSERT INTO `productcategory` VALUES ('402881882bb2c00c012bb2d143990009','2010-10-16 10:14:40','2010-10-16 10:14:40','','','连衣裙',0,'402881882ba8753a012ba9545eb901c1,402881882bb2c00c012bb2ca78180001,402881882bb2c00c012bb2d143990009','402881882bb2c00c012bb2ca78180001');
INSERT INTO `productcategory` VALUES ('402881882bb2c00c012bb2d1afd0000a','2010-10-16 10:15:07','2010-10-16 10:15:07','','','短裙',0,'402881882ba8753a012ba9545eb901c1,402881882bb2c00c012bb2ca78180001,402881882bb2c00c012bb2d1afd0000a','402881882bb2c00c012bb2ca78180001');
INSERT INTO `productcategory` VALUES ('402881882bb2c00c012bb2d2ad5a000b','2010-10-16 10:16:12','2010-10-16 10:16:12','','','手提包',0,'402881882ba8753a012ba95d56ae01cc,402881882ba8753a012ba96049b001d0,402881882bb2c00c012bb2d2ad5a000b','402881882ba8753a012ba96049b001d0');
INSERT INTO `productcategory` VALUES ('402881882bb2c00c012bb2d381a2000c','2010-10-16 10:17:07','2010-10-16 10:17:07','','','钱包',0,'402881882ba8753a012ba95d56ae01cc,402881882ba8753a012ba96049b001d0,402881882bb2c00c012bb2d381a2000c','402881882ba8753a012ba96049b001d0');
INSERT INTO `productcategory` VALUES ('402881882bb2c00c012bb2ddb237000e','2010-10-16 10:28:15','2010-10-16 10:28:25','','','运动套装',6,'402881882ba8753a012ba9545eb901c1,402881882bb2c00c012bb2ddb237000e','402881882ba8753a012ba9545eb901c1');
INSERT INTO `productcategory` VALUES ('402881882bb2c00c012bb2de90fe000f','2010-10-16 10:29:12','2010-10-16 10:29:12','','','袜类',5,'402881882ba8753a012ba952154601c0,402881882bb2c00c012bb2de90fe000f','402881882ba8753a012ba952154601c0');
UNLOCK TABLES;
CREATE TABLE `producttype` (
  `id` varchar(32) NOT NULL,
  `createDate` datetime default NULL,
  `modifyDate` datetime default NULL,
  `name` varchar(255) NOT NULL,
  PRIMARY KEY  (`id`),
  UNIQUE KEY `name` (`name`)
) ENGINE=InnoDB DEFAULT CHARSET=utf8;
LOCK TABLES `producttype` WRITE;

INSERT INTO `producttype` VALUES ('402881882ba8753a012ba983fe7f01ed','2010-10-14 14:53:41','2010-10-14 14:53:41','上装');
INSERT INTO `producttype` VALUES ('402881882ba8753a012ba984305c01ee','2010-10-14 14:53:54','2010-10-14 14:53:54','下装');
INSERT INTO `producttype` VALUES ('402881882ba8753a012ba984b06901f0','2010-10-14 14:54:26','2010-10-14 14:54:26','内衣');
INSERT INTO `producttype` VALUES ('402881882ba8753a012ba985432401f2','2010-10-14 14:55:04','2010-10-14 14:55:04','鞋');
INSERT INTO `producttype` VALUES ('402881882ba8753a012ba9855f1801f3','2010-10-14 14:55:11','2010-10-14 14:55:11','包');
INSERT INTO `producttype` VALUES ('402881882badb4ed012badd30afd0026','2010-10-15 10:58:30','2010-10-15 10:58:30','饰品');
UNLOCK TABLES;
CREATE TABLE `receiver` (
  `id` varchar(32) NOT NULL,
  `createDate` datetime default NULL,
  `modifyDate` datetime default NULL,
  `address` text NOT NULL,
  `areaPath` text NOT NULL,
  `isDefault` bit(1) NOT NULL,
  `mobile` varchar(255) default NULL,
  `name` varchar(255) NOT NULL,
  `phone` varchar(255) default NULL,
  `zipCode` varchar(255) NOT NULL,
  `member_id` varchar(32) NOT NULL,
  PRIMARY KEY  (`id`),
  KEY `FKD3A64E0FCA10C3E` (`member_id`)
) ENGINE=InnoDB DEFAULT CHARSET=utf8;
LOCK TABLES `receiver` WRITE;

INSERT INTO `receiver` VALUES ('402881862bf08f18012bf0a87185001f','2010-10-28 10:26:32','2010-10-28 10:26:32','长沙','402881882ba8753a012ba930d6690115,402881882ba8753a012ba93101120116',b'0','','长沙鼎诚软件','400-6655480','410129','402881862bee59d2012beeac1e7a0003');
INSERT INTO `receiver` VALUES ('402881862bf08f18012bf0ad8b4e0035','2010-10-28 10:32:06','2010-10-28 10:32:06','长沙','402881882ba8753a012ba930d6690115,402881882ba8753a012ba93101120116',b'0','','长沙鼎诚软件','400-6655480','410129','402881862bf08f18012bf0a0eae2000e');
INSERT INTO `receiver` VALUES ('402881862bf08f18012bf0b1a962005f','2010-10-28 10:36:36','2010-10-28 10:36:36','长沙','402881882ba8753a012ba930d6690115,402881882ba8753a012ba93101120116',b'0','','长沙鼎诚软件','400-6655480','410129','402881862bf08f18012bf0a16b7c0010');
INSERT INTO `receiver` VALUES ('402881862bf08f18012bf0b3725a0074','2010-10-28 10:38:33','2010-10-28 10:38:33','长沙','402881882ba8753a012ba930d6690115,402881882ba8753a012ba93101120116',b'0','','长沙鼎诚软件','400-6655480','410129','402881862bf08f18012bf0a1d6b90011');
INSERT INTO `receiver` VALUES ('402881862bf08f18012bf0b5b4b90086','2010-10-28 10:41:01','2010-10-28 10:41:01','长沙','402881882ba8753a012ba930d6690115,402881882ba8753a012ba93101120116',b'0','15851665188','体验用户一','','410129','402881862bf08f18012bf0a21fc80012');
INSERT INTO `receiver` VALUES ('402881862bf08f18012bf0b95eb60094','2010-10-28 10:45:01','2010-10-28 10:45:01','长沙','402881882ba8753a012ba930d6690115,402881882ba8753a012ba93101120116',b'0','15851665188','体验用户test5','','410129','402881862bf08f18012bf0a3300f0015');
UNLOCK TABLES;
CREATE TABLE `refund` (
  `id` varchar(32) NOT NULL,
  `createDate` datetime default NULL,
  `modifyDate` datetime default NULL,
  `bankAccount` varchar(255) default NULL,
  `bankName` varchar(255) default NULL,
  `memo` text,
  `operator` varchar(255) default NULL,
  `payee` varchar(255) NOT NULL,
  `paymentConfigName` varchar(255) NOT NULL,
  `refundSn` varchar(255) NOT NULL,
  `refundType` int(11) NOT NULL,
  `totalAmount` decimal(15,5) NOT NULL,
  `deposit_id` varchar(32) default NULL,
  `order_id` varchar(32) default NULL,
  `paymentConfig_id` varchar(32) default NULL,
  PRIMARY KEY  (`id`),
  UNIQUE KEY `refundSn` (`refundSn`),
  KEY `FK91ACCB9813C6C4B6` (`deposit_id`),
  KEY `FK91ACCB9890BFCB96` (`paymentConfig_id`),
  KEY `FK91ACCB983F4585B6` (`order_id`)
) ENGINE=InnoDB DEFAULT CHARSET=utf8;
LOCK TABLES `refund` WRITE;

INSERT INTO `refund` VALUES ('402881862bf08f18012bf0b464c90082','2010-10-28 10:39:35','2010-10-28 10:39:35','90890435789375','工商银行','','admin','test','预存款','100001',1,100,NULL,'402881862bf08f18012bf0b1a9ee0060','402881862b9f9e78012b9fa092db0003');
UNLOCK TABLES;
CREATE TABLE `reship` (
  `id` varchar(32) NOT NULL,
  `createDate` datetime default NULL,
  `modifyDate` datetime default NULL,
  `deliveryCorpName` varchar(255) NOT NULL,
  `deliveryFee` decimal(19,2) NOT NULL,
  `deliverySn` varchar(255) default NULL,
  `deliveryTypeName` varchar(255) NOT NULL,
  `memo` varchar(255) default NULL,
  `reshipSn` varchar(255) NOT NULL,
  `shipAddress` varchar(255) NOT NULL,
  `shipArea` varchar(255) NOT NULL,
  `shipAreaPath` varchar(255) default NULL,
  `shipMobile` varchar(255) default NULL,
  `shipName` varchar(255) NOT NULL,
  `shipPhone` varchar(255) default NULL,
  `shipZipCode` varchar(255) NOT NULL,
  `order_id` varchar(32) default NULL,
  `deliveryType_id` varchar(32) default NULL,
  PRIMARY KEY  (`id`),
  UNIQUE KEY `reshipSn` (`reshipSn`),
  KEY `FK91B2830F3F4585B6` (`order_id`),
  KEY `FK91B2830FFAD364DE` (`deliveryType_id`)
) ENGINE=InnoDB DEFAULT CHARSET=utf8;
LOCK TABLES `reship` WRITE;

INSERT INTO `reship` VALUES ('402881862bf08f18012bf0b151cc0059','2010-10-28 10:36:14','2010-10-28 10:36:14','圆通快递',20,'','快递公司','','100001','长沙','湖南省长沙市','402881882ba8753a012ba930d6690115,402881882ba8753a012ba93101120116','','长沙鼎诚软件','400-6655480','410129','402881862bf08f18012bf0ad8bdb0036','402881862b9f9e78012b9f9fe5a30001');
UNLOCK TABLES;
CREATE TABLE `resource` (
  `id` varchar(32) NOT NULL,
  `createDate` datetime default NULL,
  `modifyDate` datetime default NULL,
  `description` text,
  `isSystem` bit(1) NOT NULL,
  `name` varchar(255) NOT NULL,
  `orderList` int(11) NOT NULL,
  `value` varchar(255) NOT NULL,
  PRIMARY KEY  (`id`),
  UNIQUE KEY `name` (`name`),
  UNIQUE KEY `value` (`value`)
) ENGINE=InnoDB DEFAULT CHARSET=utf8;
LOCK TABLES `resource` WRITE;

INSERT INTO `resource` VALUES ('402881862bec2a21012bec2aff470001','2010-10-27 13:31:02','2010-10-27 13:31:02','后台管理所有资源',b'1','后台管理资源',999,'/admin/*');
UNLOCK TABLES;
CREATE TABLE `role` (
  `id` varchar(32) NOT NULL,
  `createDate` datetime default NULL,
  `modifyDate` datetime default NULL,
  `description` text,
  `isSystem` bit(1) NOT NULL,
  `name` varchar(255) NOT NULL,
  `value` varchar(255) NOT NULL,
  PRIMARY KEY  (`id`),
  UNIQUE KEY `name` (`name`),
  UNIQUE KEY `value` (`value`)
) ENGINE=InnoDB DEFAULT CHARSET=utf8;
LOCK TABLES `role` WRITE;

INSERT INTO `role` VALUES ('402881862bec2a21012bec2b70510002','2010-10-27 13:31:31','2010-10-27 13:31:31','拥有最高后台管理权限',b'1','超级管理员','ROLE_ADMIN');
UNLOCK TABLES;
CREATE TABLE `role_resource` (
  `roleSet_id` varchar(32) NOT NULL,
  `resourceSet_id` varchar(32) NOT NULL,
  PRIMARY KEY  (`roleSet_id`,`resourceSet_id`),
  KEY `FKE25F2DB7C7B24C48` (`roleSet_id`),
  KEY `FKE25F2DB75BD93F78` (`resourceSet_id`)
) ENGINE=InnoDB DEFAULT CHARSET=utf8;
LOCK TABLES `role_resource` WRITE;

INSERT INTO `role_resource` VALUES ('402881862bec2a21012bec2b70510002','402881862bec2a21012bec2aff470001');
UNLOCK TABLES;
CREATE TABLE `shipping` (
  `id` varchar(32) NOT NULL,
  `createDate` datetime default NULL,
  `modifyDate` datetime default NULL,
  `deliveryCorpName` varchar(255) NOT NULL,
  `deliveryFee` decimal(19,2) NOT NULL,
  `deliverySn` varchar(255) default NULL,
  `deliveryTypeName` varchar(255) NOT NULL,
  `memo` varchar(255) default NULL,
  `shipAddress` varchar(255) NOT NULL,
  `shipArea` varchar(255) NOT NULL,
  `shipAreaPath` varchar(255) default NULL,
  `shipMobile` varchar(255) default NULL,
  `shipName` varchar(255) NOT NULL,
  `shipPhone` varchar(255) default NULL,
  `shipZipCode` varchar(255) NOT NULL,
  `shippingSn` varchar(255) NOT NULL,
  `deliveryType_id` varchar(32) default NULL,
  `order_id` varchar(32) default NULL,
  PRIMARY KEY  (`id`),
  UNIQUE KEY `shippingSn` (`shippingSn`),
  KEY `FKE51541CE3F4585B6` (`order_id`),
  KEY `FKE51541CEFAD364DE` (`deliveryType_id`)
) ENGINE=InnoDB DEFAULT CHARSET=utf8;
LOCK TABLES `shipping` WRITE;

INSERT INTO `shipping` VALUES ('402881862bf08f18012bf0b1304a0053','2010-10-28 10:36:05','2010-10-28 10:36:05','圆通快递',20,'','快递公司','','长沙','湖南省长沙市','402881882ba8753a012ba930d6690115,402881882ba8753a012ba93101120116','13800000000','长沙鼎诚软件','400-6655480','410129','100001','402881862b9f9e78012b9f9fe5a30001','402881862bf08f18012bf0ad8bdb0036');
INSERT INTO `shipping` VALUES ('402881862bf08f18012bf0b364ed006c','2010-10-28 10:38:30','2010-10-28 10:38:30','顺丰速运',0,'','普通快速（免费）','','长沙','湖南省长沙市','402881882ba8753a012ba930d6690115,402881882ba8753a012ba93101120116','13888888888','长沙鼎诚软件','400-6655480','410129','100002','402881882ba8753a012ba8bc6582001a','402881862bf08f18012bf0ae91160046');
UNLOCK TABLES;

ALTER TABLE `admin_role`
ADD CONSTRAINT `FK9FC63FA6C7B24C48` FOREIGN KEY (`roleSet_id`) REFERENCES `role` (`id`),
ADD CONSTRAINT `FK9FC63FA6DAED032` FOREIGN KEY (`adminSet_id`) REFERENCES `admin` (`id`);

ALTER TABLE `area`
ADD CONSTRAINT `FK1F44ADB4D9BB21` FOREIGN KEY (`parent_id`) REFERENCES `area` (`id`);

ALTER TABLE `article`
ADD CONSTRAINT `FK379164D65A9A516` FOREIGN KEY (`articleCategory_id`) REFERENCES `articlecategory` (`id`);

ALTER TABLE `articlecategory`
ADD CONSTRAINT `FKC9FF4FF4AC430CA0` FOREIGN KEY (`parent_id`) REFERENCES `articlecategory` (`id`);

ALTER TABLE `cartitem`
ADD CONSTRAINT `FK4393E73CA10C3E` FOREIGN KEY (`member_id`) REFERENCES `member` (`id`),
ADD CONSTRAINT `FK4393E73F4E7D716` FOREIGN KEY (`product_id`) REFERENCES `product` (`id`);

ALTER TABLE `deliveryitem`
ADD CONSTRAINT `FK326C4547425C301E` FOREIGN KEY (`reship_id`) REFERENCES `reship` (`id`),
ADD CONSTRAINT `FK326C45475F5222BE` FOREIGN KEY (`shipping_id`) REFERENCES `shipping` (`id`),
ADD CONSTRAINT `FK326C4547F4E7D716` FOREIGN KEY (`product_id`) REFERENCES `product` (`id`);

ALTER TABLE `deliverytype`
ADD CONSTRAINT `FK3271596E37A10E7D` FOREIGN KEY (`defaultDeliveryCorp_id`) REFERENCES `deliverycorp` (`id`);

ALTER TABLE `deposit`
ADD CONSTRAINT `FKBFDFAE7ECA10C3E` FOREIGN KEY (`member_id`) REFERENCES `member` (`id`);

ALTER TABLE `member`
ADD CONSTRAINT `FK892776BA60FA1EDE` FOREIGN KEY (`memberRank_id`) REFERENCES `memberrank` (`id`);

ALTER TABLE `member_memberattributemapstore`
ADD CONSTRAINT `FK854979A267DDC435` FOREIGN KEY (`mapkey_id`) REFERENCES `memberattribute` (`id`),
ADD CONSTRAINT `FK854979A2CA10C3E` FOREIGN KEY (`Member_id`) REFERENCES `member` (`id`);

ALTER TABLE `member_product`
ADD CONSTRAINT `FK9460284A15D7A056` FOREIGN KEY (`favoriteProductSet_id`) REFERENCES `product` (`id`),
ADD CONSTRAINT `FK9460284A686A142C` FOREIGN KEY (`favoriteMemberSet_id`) REFERENCES `member` (`id`);

ALTER TABLE `message`
ADD CONSTRAINT `FK9C2397E7145FF3D4` FOREIGN KEY (`fromMember_id`) REFERENCES `member` (`id`),
ADD CONSTRAINT `FK9C2397E7701A1823` FOREIGN KEY (`toMember_id`) REFERENCES `member` (`id`);

ALTER TABLE `orderitem`
ADD CONSTRAINT `FK60163F613F4585B6` FOREIGN KEY (`order_id`) REFERENCES `orders` (`id`),
ADD CONSTRAINT `FK60163F61F4E7D716` FOREIGN KEY (`product_id`) REFERENCES `product` (`id`);

ALTER TABLE `orderlog`
ADD CONSTRAINT `FK4D6C1D363F4585B6` FOREIGN KEY (`order_id`) REFERENCES `orders` (`id`);

ALTER TABLE `orders`
ADD CONSTRAINT `FKC3DF62E590BFCB96` FOREIGN KEY (`paymentConfig_id`) REFERENCES `paymentconfig` (`id`),
ADD CONSTRAINT `FKC3DF62E5CA10C3E` FOREIGN KEY (`member_id`) REFERENCES `member` (`id`),
ADD CONSTRAINT `FKC3DF62E5FAD364DE` FOREIGN KEY (`deliveryType_id`) REFERENCES `deliverytype` (`id`);

ALTER TABLE `payment`
ADD CONSTRAINT `FK3454C9E613C6C4B6` FOREIGN KEY (`deposit_id`) REFERENCES `deposit` (`id`),
ADD CONSTRAINT `FK3454C9E63F4585B6` FOREIGN KEY (`order_id`) REFERENCES `orders` (`id`),
ADD CONSTRAINT `FK3454C9E690BFCB96` FOREIGN KEY (`paymentConfig_id`) REFERENCES `paymentconfig` (`id`);

ALTER TABLE `product`
ADD CONSTRAINT `FK50C664CF59CF1676` FOREIGN KEY (`productCategory_id`) REFERENCES `productcategory` (`id`),
ADD CONSTRAINT `FK50C664CF738B3AF6` FOREIGN KEY (`productType_id`) REFERENCES `producttype` (`id`),
ADD CONSTRAINT `FK50C664CFF378EF16` FOREIGN KEY (`brand_id`) REFERENCES `brand` (`id`);

ALTER TABLE `product_productattributemapstore`
ADD CONSTRAINT `FK7B6203E2B1184188` FOREIGN KEY (`mapkey_id`) REFERENCES `productattribute` (`id`),
ADD CONSTRAINT `FK7B6203E2F4E7D716` FOREIGN KEY (`Product_id`) REFERENCES `product` (`id`);

ALTER TABLE `productattribute`
ADD CONSTRAINT `FKDDC65E8D738B3AF6` FOREIGN KEY (`productType_id`) REFERENCES `producttype` (`id`);

ALTER TABLE `productcategory`
ADD CONSTRAINT `FKD05546EDB2990399` FOREIGN KEY (`parent_id`) REFERENCES `productcategory` (`id`);

ALTER TABLE `receiver`
ADD CONSTRAINT `FKD3A64E0FCA10C3E` FOREIGN KEY (`member_id`) REFERENCES `member` (`id`);

ALTER TABLE `refund`
ADD CONSTRAINT `FK91ACCB9813C6C4B6` FOREIGN KEY (`deposit_id`) REFERENCES `deposit` (`id`),
ADD CONSTRAINT `FK91ACCB983F4585B6` FOREIGN KEY (`order_id`) REFERENCES `orders` (`id`),
ADD CONSTRAINT `FK91ACCB9890BFCB96` FOREIGN KEY (`paymentConfig_id`) REFERENCES `paymentconfig` (`id`);

ALTER TABLE `reship`
ADD CONSTRAINT `FK91B2830F3F4585B6` FOREIGN KEY (`order_id`) REFERENCES `orders` (`id`),
ADD CONSTRAINT `FK91B2830FFAD364DE` FOREIGN KEY (`deliveryType_id`) REFERENCES `deliverytype` (`id`);

ALTER TABLE `role_resource`
ADD CONSTRAINT `FKE25F2DB75BD93F78` FOREIGN KEY (`resourceSet_id`) REFERENCES `resource` (`id`),
ADD CONSTRAINT `FKE25F2DB7C7B24C48` FOREIGN KEY (`roleSet_id`) REFERENCES `role` (`id`);

ALTER TABLE `shipping`
ADD CONSTRAINT `FKE51541CE3F4585B6` FOREIGN KEY (`order_id`) REFERENCES `orders` (`id`),
ADD CONSTRAINT `FKE51541CEFAD364DE` FOREIGN KEY (`deliveryType_id`) REFERENCES `deliverytype` (`id`);